-- MySQL dump 10.13  Distrib 5.7.18, for Linux (x86_64)
--
-- Host: localhost    Database: karenderia
-- ------------------------------------------------------
-- Server version	5.7.18-0ubuntu0.16.04.1

/*!40101 SET @OLD_CHARACTER_SET_CLIENT=@@CHARACTER_SET_CLIENT */;
/*!40101 SET @OLD_CHARACTER_SET_RESULTS=@@CHARACTER_SET_RESULTS */;
/*!40101 SET @OLD_COLLATION_CONNECTION=@@COLLATION_CONNECTION */;
/*!40101 SET NAMES utf8 */;
/*!40103 SET @OLD_TIME_ZONE=@@TIME_ZONE */;
/*!40103 SET TIME_ZONE='+00:00' */;
/*!40014 SET @OLD_UNIQUE_CHECKS=@@UNIQUE_CHECKS, UNIQUE_CHECKS=0 */;
/*!40014 SET @OLD_FOREIGN_KEY_CHECKS=@@FOREIGN_KEY_CHECKS, FOREIGN_KEY_CHECKS=0 */;
/*!40101 SET @OLD_SQL_MODE=@@SQL_MODE, SQL_MODE='NO_AUTO_VALUE_ON_ZERO' */;
/*!40111 SET @OLD_SQL_NOTES=@@SQL_NOTES, SQL_NOTES=0 */;

--
-- Table structure for table `ka_address_book`
--

DROP TABLE IF EXISTS `ka_address_book`;
/*!40101 SET @saved_cs_client     = @@character_set_client */;
/*!40101 SET character_set_client = utf8 */;
CREATE TABLE `ka_address_book` (
  `id` int(14) NOT NULL AUTO_INCREMENT,
  `client_id` int(14) DEFAULT NULL,
  `street` varchar(255) DEFAULT NULL,
  `city` varchar(255) DEFAULT NULL,
  `state` varchar(255) DEFAULT NULL,
  `zipcode` varchar(255) DEFAULT NULL,
  `location_name` varchar(255) DEFAULT NULL,
  `country_code` varchar(3) DEFAULT NULL,
  `as_default` int(1) NOT NULL DEFAULT '1',
  `date_created` datetime DEFAULT NULL,
  `date_modified` datetime DEFAULT NULL,
  `ip_address` varchar(100) DEFAULT NULL,
  PRIMARY KEY (`id`)
) ENGINE=InnoDB AUTO_INCREMENT=21 DEFAULT CHARSET=utf8;
/*!40101 SET character_set_client = @saved_cs_client */;

--
-- Dumping data for table `ka_address_book`
--

LOCK TABLES `ka_address_book` WRITE;
/*!40000 ALTER TABLE `ka_address_book` DISABLE KEYS */;
INSERT INTO `ka_address_book` VALUES (1,1,'tesss','asdas','adas','1231231','asdasd','CR',1,'2016-11-02 07:55:50','2016-11-02 07:55:53','192.80.138.15'),(3,2,'San Fco. de Dos Ríos','San José','San Jose','10106','Oficina','CR',1,'2016-11-16 17:21:10','0000-00-00 00:00:00','186.177.47.215'),(4,2,'C113 ','Tirrases','Provincia de San José','','','Cos',1,'2016-11-17 00:55:55','0000-00-00 00:00:00','186.64.150.120'),(5,3,'C113 ','Tirrases','Provincia de San José','10106','Casa','AF',1,'2016-11-19 21:20:49','2016-11-19 22:33:33','186.64.150.120'),(7,1,'San José',' Provincia de San José',' Costa Rica','San jose','adasd','Cos',1,'2016-12-05 11:55:12','0000-00-00 00:00:00','223.255.204.27'),(8,5,'204 ','San José','San José Province','','','Cos',1,'2016-12-05 14:34:08','0000-00-00 00:00:00','186.176.135.203'),(9,3,'Avenida 46A','San José','Provincia de San José','','Oficina portines grises','CR',1,'2016-12-06 11:26:04','0000-00-00 00:00:00','186.176.135.203'),(10,1,'Calle 63 ','San Pedro','Provincia de San José','1334','adasd','CR',1,'2016-12-07 02:28:40','0000-00-00 00:00:00','138.197.201.153'),(11,1,'San José',' Provincia de San José',' Costa Rica','San jose','adasd','Cos',1,'2016-12-07 02:31:46','0000-00-00 00:00:00','192.80.138.17'),(12,3,'204','San José','San José Province','','Oficina','CR',1,'2016-12-13 16:25:03','0000-00-00 00:00:00','186.15.209.214'),(13,6,'Calle Peligro','Santo Domingo','Heredia','','24 laderas nicas','CR',1,'2016-12-14 18:49:26','0000-00-00 00:00:00','201.194.87.49'),(14,1,'San José',' Provincia de San José',' Costa Rica','San jose','adasd','CR',1,'2017-01-15 13:11:02',NULL,'95.85.4.45'),(15,9,'Avenida 2 ','San Pedro','San José','11501','','Cos',1,'2017-02-02 00:00:00',NULL,'186.26.120.30'),(16,12,'Calle Peligro','Santo Domingo','Heredia','','Casa cafe','CR',1,'2017-02-05 09:02:08',NULL,'201.194.87.49'),(17,13,'Flores','Heredia','Heredia','','Casa 70 Avisenia norte ','CR',1,'2017-02-05 11:00:10',NULL,'201.194.87.49'),(18,16,'san José','san José','san José','','san José','Cos',1,'2017-02-21 00:00:00',NULL,'116.72.51.121'),(19,16,'san José','san José','san José','','san José','Cos',2,'2017-02-21 00:00:00',NULL,'116.72.51.121'),(20,16,'san José','san José','san José','','san José','CR',1,'2017-03-03 06:13:43',NULL,'116.72.12.193');
/*!40000 ALTER TABLE `ka_address_book` ENABLE KEYS */;
UNLOCK TABLES;

--
-- Table structure for table `ka_admin_user`
--

DROP TABLE IF EXISTS `ka_admin_user`;
/*!40101 SET @saved_cs_client     = @@character_set_client */;
/*!40101 SET character_set_client = utf8 */;
CREATE TABLE `ka_admin_user` (
  `admin_id` int(14) NOT NULL AUTO_INCREMENT,
  `username` varchar(255) DEFAULT NULL,
  `password` varchar(100) DEFAULT NULL,
  `first_name` varchar(255) DEFAULT NULL,
  `last_name` varchar(255) DEFAULT NULL,
  `role` varchar(100) DEFAULT NULL,
  `date_created` datetime DEFAULT NULL,
  `date_modified` datetime DEFAULT NULL,
  `ip_address` varchar(50) DEFAULT NULL,
  `user_lang` int(14) DEFAULT NULL,
  `email_address` varchar(255) DEFAULT NULL,
  `lost_password_code` varchar(255) DEFAULT NULL,
  `session_token` varchar(255) DEFAULT NULL,
  `last_login` datetime DEFAULT NULL,
  `user_access` text,
  PRIMARY KEY (`admin_id`)
) ENGINE=InnoDB AUTO_INCREMENT=5 DEFAULT CHARSET=utf8;
/*!40101 SET character_set_client = @saved_cs_client */;

--
-- Dumping data for table `ka_admin_user`
--

LOCK TABLES `ka_admin_user` WRITE;
/*!40000 ALTER TABLE `ka_admin_user` DISABLE KEYS */;
INSERT INTO `ka_admin_user` VALUES (1,'admin','3ef2dd5e3293a54056f03bd197f2490c','Andrés','Martín','','2016-11-02 01:32:13','2017-03-08 00:33:02','186.176.135.203',-9999,'andres@buzz.cr','3OVMXLIH','867319507898ce8b648aee115c94a83c09a6d1c1e6b','2017-04-26 13:11:55','[\"autologin\",\"dashboard\",\"merchant\",\"sponsoredMerchantList\",\"packages\",\"Cuisine\",\"dishes\",\"OrderStatus\",\"settings\",\"themesettings\",\"zipcode\",\"commisionsettings\",\"voucher\",\"merchantcommission\",\"withdrawal\",\"incomingwithdrawal\",\"withdrawalsettings\",\"emailsettings\",\"emailtpl\",\"customPage\",\"Ratings\",\"ContactSettings\",\"SocialSettings\",\"ManageCurrency\",\"ManageLanguage\",\"Seo\",\"addons\",\"mobileapp\",\"merchantapp\",\"analytics\",\"customerlist\",\"subscriberlist\",\"reviews\",\"bankdeposit\",\"paymentgatewaysettings\",\"paymentgateway\",\"paypalSettings\",\"cardpaymentsettings\",\"stripeSettings\",\"mercadopagoSettings\",\"sisowsettings\",\"payumonenysettings\",\"obdsettings\",\"payserasettings\",\"payondelivery\",\"barclay\",\"epaybg\",\"authorize\",\"braintree\",\"sms\",\"smsSettings\",\"smsPackage\",\"smstransaction\",\"smslogs\",\"fax\",\"faxtransaction\",\"faxpackage\",\"faxlogs\",\"faxsettings\",\"reports\",\"rptMerchantReg\",\"rptMerchantPayment\",\"rptMerchanteSales\",\"rptmerchantsalesummary\",\"rptbookingsummary\",\"userList\"]'),(2,'john','e10adc3949ba59abbe56e057f20f883e','John','Doe','','2016-11-02 02:52:30','2016-11-02 03:11:52','119.50.4.18',0,'john@doe.com','','74528286846ec71fb850065fd4b4badf436869bb014','2016-11-02 02:52:51','[\"autologin\",\"dashboard\"]'),(3,'demouser','e10adc3949ba59abbe56e057f20f883e','demo','user','','2016-11-02 07:48:14','2017-01-18 01:59:35','192.80.138.16',-9999,'demo@fmarket.org','','014473401907c148f38da6be96826b2c736cc125610','2017-01-18 01:47:56','[\"autologin\",\"dashboard\",\"merchant\",\"sponsoredMerchantList\",\"packages\",\"Cuisine\",\"dishes\",\"OrderStatus\",\"settings\",\"themesettings\",\"zipcode\",\"commisionsettings\",\"voucher\",\"merchantcommission\",\"withdrawal\",\"incomingwithdrawal\",\"withdrawalsettings\",\"emailsettings\",\"emailtpl\",\"customPage\",\"Ratings\",\"ContactSettings\",\"SocialSettings\",\"ManageCurrency\",\"ManageLanguage\",\"Seo\",\"addons\",\"addonexport\",\"mobileapp\",\"pointsprogram\",\"merchantapp\",\"analytics\",\"customerlist\",\"subscriberlist\",\"reviews\",\"bankdeposit\",\"paymentgatewaysettings\",\"paymentgateway\",\"paypalSettings\",\"cardpaymentsettings\",\"stripeSettings\",\"mercadopagoSettings\",\"sisowsettings\",\"payumonenysettings\",\"obdsettings\",\"payserasettings\",\"payondelivery\",\"barclay\",\"epaybg\",\"authorize\",\"braintree\",\"sms\",\"smsSettings\",\"smsPackage\",\"smstransaction\",\"smslogs\",\"fax\",\"faxtransaction\",\"faxpackage\",\"faxlogs\",\"faxsettings\",\"reports\",\"rptMerchantReg\",\"rptMerchantPayment\",\"rptMerchanteSales\",\"rptmerchantsalesummary\",\"rptbookingsummary\",\"userList\"]'),(4,'harish','f28efcd9824a2e8917cbf7e887c767b3','harish','mahajan',NULL,'2017-02-17 00:00:00','2017-04-06 00:30:29','116.72.14.44',-9999,'harishmahajan@jacksolutions.biz',NULL,'99858807599103cd425a62e5a6e753e8026f1ae2218','2017-04-06 00:30:23','[\"autologin\",\"dashboard\",\"merchant\",\"sponsoredMerchantList\",\"packages\",\"Cuisine\",\"dishes\",\"OrderStatus\",\"settings\",\"themesettings\",\"zipcode\",\"commisionsettings\",\"voucher\",\"merchantcommission\",\"withdrawal\",\"incomingwithdrawal\",\"withdrawalsettings\",\"emailsettings\",\"emailtpl\",\"customPage\",\"Ratings\",\"ContactSettings\",\"SocialSettings\",\"ManageCurrency\",\"ManageLanguage\",\"Seo\",\"addons\",\"addonexport\",\"mobileapp\",\"pointsprogram\",\"merchantapp\",\"analytics\",\"customerlist\",\"subscriberlist\",\"reviews\",\"bankdeposit\",\"paymentgatewaysettings\",\"paymentgateway\",\"paypalSettings\",\"cardpaymentsettings\",\"stripeSettings\",\"mercadopagoSettings\",\"sisowsettings\",\"payumonenysettings\",\"obdsettings\",\"payserasettings\",\"payondelivery\",\"barclay\",\"epaybg\",\"authorize\",\"braintree\",\"sms\",\"smsSettings\",\"smsPackage\",\"smstransaction\",\"smslogs\",\"fax\",\"faxtransaction\",\"faxpackage\",\"faxlogs\",\"faxsettings\",\"reports\",\"rptMerchantReg\",\"rptMerchantPayment\",\"rptMerchanteSales\",\"rptmerchantsalesummary\",\"rptbookingsummary\",\"userList\"]');
/*!40000 ALTER TABLE `ka_admin_user` ENABLE KEYS */;
UNLOCK TABLES;

--
-- Table structure for table `ka_bank_deposit`
--

DROP TABLE IF EXISTS `ka_bank_deposit`;
/*!40101 SET @saved_cs_client     = @@character_set_client */;
/*!40101 SET character_set_client = utf8 */;
CREATE TABLE `ka_bank_deposit` (
  `id` int(14) NOT NULL AUTO_INCREMENT,
  `merchant_id` int(14) DEFAULT NULL,
  `branch_code` varchar(100) DEFAULT NULL,
  `date_of_deposit` date DEFAULT NULL,
  `time_of_deposit` varchar(50) DEFAULT NULL,
  `amount` float(14,4) DEFAULT NULL,
  `scanphoto` varchar(255) DEFAULT NULL,
  `status` varchar(100) NOT NULL DEFAULT 'pending',
  `date_created` date DEFAULT NULL,
  `ip_address` varchar(50) DEFAULT NULL,
  `transaction_type` varchar(255) NOT NULL DEFAULT 'merchant_signup',
  `client_id` int(14) DEFAULT NULL,
  `order_id` int(14) DEFAULT NULL,
  PRIMARY KEY (`id`)
) ENGINE=InnoDB DEFAULT CHARSET=utf8;
/*!40101 SET character_set_client = @saved_cs_client */;

--
-- Dumping data for table `ka_bank_deposit`
--

LOCK TABLES `ka_bank_deposit` WRITE;
/*!40000 ALTER TABLE `ka_bank_deposit` DISABLE KEYS */;
/*!40000 ALTER TABLE `ka_bank_deposit` ENABLE KEYS */;
UNLOCK TABLES;

--
-- Table structure for table `ka_barclay_trans`
--

DROP TABLE IF EXISTS `ka_barclay_trans`;
/*!40101 SET @saved_cs_client     = @@character_set_client */;
/*!40101 SET character_set_client = utf8 */;
CREATE TABLE `ka_barclay_trans` (
  `id` int(14) NOT NULL AUTO_INCREMENT,
  `orderid` varchar(255) DEFAULT NULL,
  `token` varchar(255) DEFAULT NULL,
  `transaction_type` varchar(255) NOT NULL DEFAULT 'signup',
  `date_created` date DEFAULT NULL,
  `ip_address` varchar(50) DEFAULT NULL,
  `param1` varchar(255) DEFAULT NULL,
  `param2` text,
  `param3` text,
  PRIMARY KEY (`id`)
) ENGINE=InnoDB DEFAULT CHARSET=utf8;
/*!40101 SET character_set_client = @saved_cs_client */;

--
-- Dumping data for table `ka_barclay_trans`
--

LOCK TABLES `ka_barclay_trans` WRITE;
/*!40000 ALTER TABLE `ka_barclay_trans` DISABLE KEYS */;
/*!40000 ALTER TABLE `ka_barclay_trans` ENABLE KEYS */;
UNLOCK TABLES;

--
-- Table structure for table `ka_bookingtable`
--

DROP TABLE IF EXISTS `ka_bookingtable`;
/*!40101 SET @saved_cs_client     = @@character_set_client */;
/*!40101 SET character_set_client = utf8 */;
CREATE TABLE `ka_bookingtable` (
  `booking_id` int(14) NOT NULL AUTO_INCREMENT,
  `merchant_id` int(14) DEFAULT NULL,
  `number_guest` int(14) DEFAULT NULL,
  `date_booking` date DEFAULT NULL,
  `booking_time` varchar(50) DEFAULT NULL,
  `booking_name` varchar(255) DEFAULT NULL,
  `email` varchar(255) DEFAULT NULL,
  `mobile` varchar(100) DEFAULT NULL,
  `booking_notes` text,
  `date_created` datetime DEFAULT NULL,
  `ip_address` varchar(100) DEFAULT NULL,
  `date_modified` datetime DEFAULT NULL,
  `status` varchar(255) NOT NULL DEFAULT 'pending',
  `viewed` int(1) NOT NULL DEFAULT '1',
  PRIMARY KEY (`booking_id`)
) ENGINE=InnoDB AUTO_INCREMENT=9 DEFAULT CHARSET=utf8;
/*!40101 SET character_set_client = @saved_cs_client */;

--
-- Dumping data for table `ka_bookingtable`
--

LOCK TABLES `ka_bookingtable` WRITE;
/*!40000 ALTER TABLE `ka_bookingtable` DISABLE KEYS */;
INSERT INTO `ka_bookingtable` VALUES (8,2,55,'2016-11-11','05:40 AM','dasd','test@gmail.com','+5062456533','thanks','2016-11-10 09:39:23','159.203.236.128','0000-00-00 00:00:00','pending',1);
/*!40000 ALTER TABLE `ka_bookingtable` ENABLE KEYS */;
UNLOCK TABLES;

--
-- Table structure for table `ka_category`
--

DROP TABLE IF EXISTS `ka_category`;
/*!40101 SET @saved_cs_client     = @@character_set_client */;
/*!40101 SET character_set_client = utf8 */;
CREATE TABLE `ka_category` (
  `cat_id` int(14) NOT NULL AUTO_INCREMENT,
  `merchant_id` int(14) DEFAULT NULL,
  `category_name` varchar(255) DEFAULT NULL,
  `category_description` text,
  `photo` varchar(255) DEFAULT NULL,
  `status` varchar(100) DEFAULT NULL,
  `sequence` int(14) DEFAULT NULL,
  `date_created` varchar(50) DEFAULT NULL,
  `date_modified` varchar(50) DEFAULT NULL,
  `ip_address` varchar(50) DEFAULT NULL,
  `spicydish` int(2) NOT NULL DEFAULT '1',
  `spicydish_notes` text,
  `dish` text,
  `category_name_trans` text,
  `category_description_trans` text,
  PRIMARY KEY (`cat_id`)
) ENGINE=InnoDB AUTO_INCREMENT=13 DEFAULT CHARSET=utf8;
/*!40101 SET character_set_client = @saved_cs_client */;

--
-- Dumping data for table `ka_category`
--

LOCK TABLES `ka_category` WRITE;
/*!40000 ALTER TABLE `ka_category` DISABLE KEYS */;
INSERT INTO `ka_category` VALUES (3,2,'Meat','Meat','1478073894-food-dinner-grilled-shashlik-medium.jpg','publish',0,'2016-11-02T08:04:32+00:00','2016-11-02T08:04:56+00:00','192.80.138.15',1,'','','',''),(4,2,'Fruits','Fruits','1478073912-food-salad-healthy-vegetables-medium-(1).jpg','publish',0,'2016-11-02T08:05:14+00:00','','192.80.138.15',1,'','','',''),(5,2,'Vegetables','Vegetables','1478073952-food-salad-healthy-lunch-medium.jpg','publish',0,'2016-11-02T08:05:54+00:00','','192.80.138.15',1,'','','',''),(6,1,'Jaleas artesanales','mermeladas y jaleas hechas en casa, a base de fruta cocida con azúcar, un buen acompañamiento del café con leche o del té, además de ser siempre un regalo muy bien recibido.','1481657613-PORTADA.jpg','publish',0,'2016-11-02T09:02:18+00:00','2016-12-13T13:43:18-06:00','186.64.150.120',1,'','','',''),(7,7,'Comida rápida','¡Algo para matar el hambre!','','publish',0,'2016-11-19T20:57:49-06:00','','186.64.150.120',1,'','','',''),(8,7,'Casados','Deliciosos y completos','','publish',0,'2016-11-19T20:58:03-06:00','','186.64.150.120',1,'','','',''),(9,11,'Sandwiches','Sánguches bajos en grasa y altos en proteínas, de las mejores recetas artesanales después de 10 años en cocina.','','publish',0,'2016-12-05T06:14:07-06:00','2016-12-13T14:27:09-06:00','186.64.150.120',1,'','','',''),(10,12,'Pupusas','','','publish',NULL,'2017-02-02',NULL,'186.26.120.30',1,'','',NULL,NULL),(11,12,'Papas fritas','','','publish',NULL,'2017-02-02',NULL,'186.26.120.30',1,'','',NULL,NULL),(12,17,'Categoría única','','','publish',NULL,'2017-03-10',NULL,'186.176.135.203',1,'','',NULL,NULL);
/*!40000 ALTER TABLE `ka_category` ENABLE KEYS */;
UNLOCK TABLES;

--
-- Table structure for table `ka_client`
--

DROP TABLE IF EXISTS `ka_client`;
/*!40101 SET @saved_cs_client     = @@character_set_client */;
/*!40101 SET character_set_client = utf8 */;
CREATE TABLE `ka_client` (
  `client_id` int(14) NOT NULL AUTO_INCREMENT,
  `social_strategy` varchar(100) NOT NULL DEFAULT 'web',
  `first_name` varchar(255) DEFAULT NULL,
  `last_name` varchar(255) DEFAULT NULL,
  `email_address` varchar(200) DEFAULT NULL,
  `password` varchar(100) DEFAULT NULL,
  `street` varchar(255) DEFAULT NULL,
  `city` varchar(255) DEFAULT NULL,
  `state` varchar(255) DEFAULT NULL,
  `zipcode` varchar(100) DEFAULT NULL,
  `country_code` varchar(3) DEFAULT NULL,
  `location_name` text,
  `contact_phone` varchar(20) DEFAULT NULL,
  `lost_password_token` varchar(255) DEFAULT NULL,
  `date_created` datetime DEFAULT NULL,
  `date_modified` datetime DEFAULT NULL,
  `last_login` datetime DEFAULT NULL,
  `ip_address` varchar(50) DEFAULT NULL,
  `status` varchar(100) NOT NULL DEFAULT 'active',
  `token` varchar(255) DEFAULT NULL,
  `mobile_verification_code` int(14) DEFAULT NULL,
  `mobile_verification_date` datetime DEFAULT NULL,
  `custom_field1` varchar(255) DEFAULT NULL,
  `custom_field2` varchar(255) DEFAULT NULL,
  `avatar` varchar(255) DEFAULT NULL,
  `email_verification_code` varchar(14) DEFAULT NULL,
  PRIMARY KEY (`client_id`)
) ENGINE=InnoDB AUTO_INCREMENT=17 DEFAULT CHARSET=utf8;
/*!40101 SET character_set_client = @saved_cs_client */;

--
-- Dumping data for table `ka_client`
--

LOCK TABLES `ka_client` WRITE;
/*!40000 ALTER TABLE `ka_client` DISABLE KEYS */;
INSERT INTO `ka_client` VALUES (1,'mobile','testqq','tttaas','test@gmail.com','e10adc3949ba59abbe56e057f20f883e','','','','','','adasd','+50612345666','','2016-11-02 07:53:56','2017-01-11 07:04:48','2017-01-15 12:50:05','95.85.4.45','active','aw5q2g4dak7jzz4274f1d907e1cc54bbf3151483af2820f',0,'0000-00-00 00:00:00','','','',''),(3,'fb_mobile','Andrés','Martén Guevara','andres@buzz.cr','4b487d5066aabc9c37dbff120eb306fb','','','','','','Casa','+50688931526','','2016-11-19 21:11:44','2017-01-18 00:00:00','2017-02-21 10:07:26','186.176.135.203','active','8ogww0wjbvo651s6d4d33aa3d09c22157e60c8488628b4f',424311,'2016-11-19 21:13:00','','','',''),(4,'mobile','Andrés','Martin','digital@buzz.cr','4b487d5066aabc9c37dbff120eb306fb','','','','','','','+50671402190','','2016-11-19 23:31:58','0000-00-00 00:00:00','2016-11-19 23:32:37','186.64.150.120','active','dwsc4i904y1mva927acbc2ba78a595745ae6520302c6145',204101,'2016-11-19 23:32:37','','','',''),(5,'web','Priscilla','Mendez','priscilla@buzz.cr','b54a137b826d18d3d55b993892ff75ee','','','','','','','+50689218522','','2016-12-05 14:32:04','0000-00-00 00:00:00','2016-12-05 14:32:54','186.176.135.203','active','',44240,'2016-12-05 14:32:54','','','',''),(6,'mobile','Marco','Escamilla','marco.escamilla@quarzo.com','56a8d66e69a297c67bd44df6048f2de2','','','','','','','+50688490336','','2016-12-14 18:45:23','0000-00-00 00:00:00','2016-12-14 18:46:07','201.194.87.49','active','ay60q4t2h7p4ssn07d6b3216504ae44b341474b02a436ae',23104,'2016-12-14 18:46:07','','','',''),(7,'fb_mobile','Oscar','Mendez Soto','ojming@ice.co.cr','b28d45d0013d7dfeddf03a1fba05f798',NULL,NULL,NULL,NULL,NULL,NULL,'+50683915169',NULL,'2017-01-15 12:11:22',NULL,'2017-01-15 13:25:46','186.176.156.27','active','iwkcl23xo11z8fw6de2daa817d9c1f9931646cbeb2e8abb',NULL,NULL,NULL,NULL,NULL,NULL),(8,'web','Juan','Perez','andresmarten@gmail.com','41da76f0fc3ec62a6939e634bfb6a342',NULL,NULL,NULL,NULL,NULL,NULL,'+50688931527',NULL,'2017-01-27 00:00:00',NULL,'2017-01-27 17:10:40','186.176.135.203','active',NULL,104422,'2017-01-27 17:10:01',NULL,NULL,NULL,NULL),(9,'fb_mobile','Pia','Gutierrez','mapiagutierrez@hotmail.com','992c203e5f15803eaa1fbe2e8b981683',NULL,NULL,NULL,NULL,NULL,'','+50683403959',NULL,'2017-02-01 13:26:04',NULL,'2017-02-02 15:53:58','186.26.120.30','active','t7ciw80cv9f1a3n4b835807f01ed604b3cd7cfcc4c0d3d9',NULL,NULL,NULL,NULL,NULL,NULL),(10,'fb_mobile','Agustina','D\'Avola','agustinadavolad@gmail.com','f92f53ff50c16ab2893c6384f8829999',NULL,NULL,NULL,NULL,NULL,NULL,'+54 9 1142037892',NULL,'2017-02-01 18:07:55',NULL,'2017-02-01 18:09:22','181.27.145.84','pending','41eyx9lyybpjv5q1c5464e02455deed23d9aa1ca82ea1f9',11310,NULL,NULL,NULL,NULL,NULL),(11,'mobile','Ana Cristina','Lizano','acrisliz@gmail.com','205be2212eb22671940d27fdb5b4e9a5',NULL,NULL,NULL,NULL,NULL,NULL,'+506 88602557','4305960e0e645cd6a2be158756e20e7b','2017-02-02 17:22:03','2017-02-04 00:00:00',NULL,'201.191.195.107','pending','mwmda4ad1lllbqr811bf57ccdf93c06df71f26b06099bbc',3142,NULL,NULL,NULL,NULL,NULL),(12,'fb_mobile','Marco','Escamilla','marco_es@hotmail.com','c402c4418e522a9ce01f78e35bf85410',NULL,NULL,NULL,NULL,NULL,NULL,NULL,NULL,'2017-02-05 09:00:31',NULL,'2017-02-05 09:00:31','201.194.87.49','active','fsfg25gb2s4roacf5ee3f0513e9b7719009d1b6e248636c',NULL,NULL,NULL,NULL,NULL,NULL),(13,'mobile','Bryan ','Escamilla','bryescavilla@gmail.com','595d9c85587921da341443d901f6dfd4',NULL,NULL,NULL,NULL,NULL,NULL,'+50672743210',NULL,'2017-02-05 10:58:55',NULL,NULL,'201.194.87.49','active','u8b8ft8xj8kkdo704e436025dc43706ecb68553b39f0f04',NULL,NULL,NULL,NULL,NULL,NULL),(14,'fb_mobile','Marian','Cubero Sibaja','morens10@hotmail.com','c1a814dd2c551cd31a71f2418664781a',NULL,NULL,NULL,NULL,NULL,NULL,NULL,NULL,'2017-02-06 07:16:01',NULL,'2017-02-06 07:16:01','186.32.164.189','active','2fhycsg2fxhwn548b935eee6d8ce17c138d3b3e83a47ffd',NULL,NULL,NULL,NULL,NULL,NULL),(15,'web','harish','mahajan','tset','098f6bcd4621d373cade4e832627b4f6',NULL,NULL,NULL,NULL,NULL,NULL,'+918000641661',NULL,'2017-02-08 00:00:00',NULL,'2017-02-08 02:36:23','116.72.5.10','active',NULL,NULL,NULL,NULL,NULL,NULL,NULL),(16,'web','hp','ho','hp@gmail.com','141121f3f0efc848db223af38e372429',NULL,NULL,NULL,NULL,NULL,'san José','+918000366525',NULL,'2017-02-20 00:00:00',NULL,'2017-03-09 04:33:09','60.254.123.182','active','93ss45rip6hg981efd82772c310c762757db51c36e551aa',NULL,NULL,NULL,NULL,NULL,NULL);
/*!40000 ALTER TABLE `ka_client` ENABLE KEYS */;
UNLOCK TABLES;

--
-- Table structure for table `ka_client_cc`
--

DROP TABLE IF EXISTS `ka_client_cc`;
/*!40101 SET @saved_cs_client     = @@character_set_client */;
/*!40101 SET character_set_client = utf8 */;
CREATE TABLE `ka_client_cc` (
  `cc_id` int(14) NOT NULL AUTO_INCREMENT,
  `client_id` int(14) DEFAULT NULL,
  `card_name` varchar(255) DEFAULT NULL,
  `credit_card_number` varchar(20) DEFAULT NULL,
  `expiration_month` varchar(5) DEFAULT NULL,
  `expiration_yr` varchar(5) DEFAULT NULL,
  `cvv` varchar(20) DEFAULT NULL,
  `billing_address` varchar(255) DEFAULT NULL,
  `date_created` datetime DEFAULT NULL,
  `date_modified` datetime DEFAULT NULL,
  `ip_address` varchar(50) DEFAULT NULL,
  PRIMARY KEY (`cc_id`)
) ENGINE=InnoDB AUTO_INCREMENT=2 DEFAULT CHARSET=utf8;
/*!40101 SET character_set_client = @saved_cs_client */;

--
-- Dumping data for table `ka_client_cc`
--

LOCK TABLES `ka_client_cc` WRITE;
/*!40000 ALTER TABLE `ka_client_cc` DISABLE KEYS */;
INSERT INTO `ka_client_cc` VALUES (1,2,'ANDRES MARTIN','5303115312420002','01','2019','650','San Fco. de Dos Ríos','2016-11-16 23:22:17','0000-00-00 00:00:00','186.177.47.215');
/*!40000 ALTER TABLE `ka_client_cc` ENABLE KEYS */;
UNLOCK TABLES;

--
-- Table structure for table `ka_cooking_ref`
--

DROP TABLE IF EXISTS `ka_cooking_ref`;
/*!40101 SET @saved_cs_client     = @@character_set_client */;
/*!40101 SET character_set_client = utf8 */;
CREATE TABLE `ka_cooking_ref` (
  `cook_id` int(14) NOT NULL AUTO_INCREMENT,
  `merchant_id` int(14) DEFAULT NULL,
  `cooking_name` varchar(255) DEFAULT NULL,
  `sequence` int(14) DEFAULT NULL,
  `date_created` datetime DEFAULT NULL,
  `date_modified` datetime DEFAULT NULL,
  `status` varchar(50) NOT NULL DEFAULT 'published',
  `ip_address` varchar(50) DEFAULT NULL,
  `cooking_name_trans` text,
  PRIMARY KEY (`cook_id`)
) ENGINE=InnoDB AUTO_INCREMENT=5 DEFAULT CHARSET=utf8;
/*!40101 SET character_set_client = @saved_cs_client */;

--
-- Dumping data for table `ka_cooking_ref`
--

LOCK TABLES `ka_cooking_ref` WRITE;
/*!40000 ALTER TABLE `ka_cooking_ref` DISABLE KEYS */;
INSERT INTO `ka_cooking_ref` VALUES (3,7,'Bien cocido',0,'2016-11-19 21:03:49','0000-00-00 00:00:00','publish','186.64.150.120',''),(4,7,'Término medio',0,'2016-11-19 21:04:04','0000-00-00 00:00:00','publish','186.64.150.120','');
/*!40000 ALTER TABLE `ka_cooking_ref` ENABLE KEYS */;
UNLOCK TABLES;

--
-- Table structure for table `ka_cuisine`
--

DROP TABLE IF EXISTS `ka_cuisine`;
/*!40101 SET @saved_cs_client     = @@character_set_client */;
/*!40101 SET character_set_client = utf8 */;
CREATE TABLE `ka_cuisine` (
  `cuisine_id` int(14) NOT NULL AUTO_INCREMENT,
  `cuisine_name` varchar(255) DEFAULT NULL,
  `sequence` int(14) DEFAULT NULL,
  `date_created` datetime DEFAULT NULL,
  `date_modified` datetime DEFAULT NULL,
  `ip_address` varchar(50) DEFAULT NULL,
  `cuisine_name_trans` text,
  PRIMARY KEY (`cuisine_id`)
) ENGINE=InnoDB AUTO_INCREMENT=21 DEFAULT CHARSET=utf8;
/*!40101 SET character_set_client = @saved_cs_client */;

--
-- Dumping data for table `ka_cuisine`
--

LOCK TABLES `ka_cuisine` WRITE;
/*!40000 ALTER TABLE `ka_cuisine` DISABLE KEYS */;
INSERT INTO `ka_cuisine` VALUES (1,'American',0,'2016-11-02 01:32:13','0000-00-00 00:00:00','192.80.138.18',''),(2,'Deli',0,'2016-11-02 01:32:13','0000-00-00 00:00:00','192.80.138.18',''),(3,'Indian',0,'2016-11-02 01:32:13','0000-00-00 00:00:00','192.80.138.18',''),(4,'Mediterranean',0,'2016-11-02 01:32:13','0000-00-00 00:00:00','192.80.138.18',''),(5,'Sandwiches',0,'2016-11-02 01:32:13','0000-00-00 00:00:00','192.80.138.18',''),(6,'BBQ',0,'2016-11-02 01:32:13','2016-11-17 00:41:49','186.64.150.120',''),(7,'Soda',0,'2016-11-02 01:32:13','2016-11-17 00:42:00','186.64.150.120',''),(8,'Italiana',0,'2016-11-02 01:32:13','2016-11-17 00:42:07','186.64.150.120',''),(9,'Mexicana',0,'2016-11-02 01:32:13','2016-11-17 00:42:14','186.64.150.120',''),(10,'Sushi/Japonesa',0,'2016-11-02 01:32:13','2016-11-17 00:42:27','186.64.150.120',''),(11,'Hamburguesas',0,'2016-11-02 01:32:13','2016-11-17 00:42:39','186.64.150.120',''),(12,'Griega',0,'2016-11-02 01:32:13','2016-11-17 00:42:48','186.64.150.120',''),(14,'Mediterranea',0,'2016-11-02 01:32:13','2016-11-17 00:43:08','186.64.150.120',''),(15,'Típica/Tradicional',0,'2016-11-02 01:32:13','2016-11-17 00:43:36','186.64.150.120',''),(16,'China',0,'2016-11-02 01:32:13','2016-11-17 00:41:37','186.64.150.120',''),(17,'Saludable',0,'2016-11-02 01:32:13','2016-11-17 00:41:29','186.64.150.120',''),(18,'Koreana',0,'2016-11-02 01:32:13','2016-11-17 00:41:15','186.64.150.120',''),(19,'Pizza',0,'2016-11-02 01:32:13','2016-11-17 00:41:05','186.64.150.120',''),(20,'Vegetariana',0,'2016-11-02 01:32:13','2016-11-17 00:40:57','186.64.150.120','');
/*!40000 ALTER TABLE `ka_cuisine` ENABLE KEYS */;
UNLOCK TABLES;

--
-- Table structure for table `ka_currency`
--

DROP TABLE IF EXISTS `ka_currency`;
/*!40101 SET @saved_cs_client     = @@character_set_client */;
/*!40101 SET character_set_client = utf8 */;
CREATE TABLE `ka_currency` (
  `currency_code` varchar(3) NOT NULL,
  `currency_symbol` varchar(100) DEFAULT NULL,
  `date_created` datetime DEFAULT NULL,
  `date_modified` datetime DEFAULT NULL,
  `ip_address` varchar(50) DEFAULT NULL,
  `exchange_rate` varchar(255) DEFAULT NULL,
  PRIMARY KEY (`currency_code`)
) ENGINE=InnoDB DEFAULT CHARSET=utf8;
/*!40101 SET character_set_client = @saved_cs_client */;

--
-- Dumping data for table `ka_currency`
--

LOCK TABLES `ka_currency` WRITE;
/*!40000 ALTER TABLE `ka_currency` DISABLE KEYS */;
INSERT INTO `ka_currency` VALUES ('CRC','&#162; ','0000-00-00 00:00:00','0000-00-00 00:00:00','186.64.150.120',NULL),('USD','&#36;','2016-11-02 01:32:13','0000-00-00 00:00:00','192.80.138.18',NULL);
/*!40000 ALTER TABLE `ka_currency` ENABLE KEYS */;
UNLOCK TABLES;

--
-- Table structure for table `ka_custom_page`
--

DROP TABLE IF EXISTS `ka_custom_page`;
/*!40101 SET @saved_cs_client     = @@character_set_client */;
/*!40101 SET character_set_client = utf8 */;
CREATE TABLE `ka_custom_page` (
  `id` int(14) NOT NULL AUTO_INCREMENT,
  `slug_name` varchar(255) DEFAULT NULL,
  `page_name` varchar(255) DEFAULT NULL,
  `content` text,
  `seo_title` varchar(255) DEFAULT NULL,
  `meta_description` varchar(255) DEFAULT NULL,
  `meta_keywords` varchar(255) DEFAULT NULL,
  `icons` varchar(255) DEFAULT NULL,
  `assign_to` varchar(50) DEFAULT NULL,
  `sequence` int(14) DEFAULT NULL,
  `status` varchar(50) NOT NULL DEFAULT 'pending',
  `date_created` datetime DEFAULT NULL,
  `date_modified` datetime DEFAULT NULL,
  `ip_address` varchar(100) DEFAULT NULL,
  `open_new_tab` int(11) NOT NULL DEFAULT '1',
  `is_custom_link` int(2) NOT NULL DEFAULT '1',
  PRIMARY KEY (`id`)
) ENGINE=InnoDB AUTO_INCREMENT=2 DEFAULT CHARSET=utf8;
/*!40101 SET character_set_client = @saved_cs_client */;

--
-- Dumping data for table `ka_custom_page`
--

LOCK TABLES `ka_custom_page` WRITE;
/*!40000 ALTER TABLE `ka_custom_page` DISABLE KEYS */;
INSERT INTO `ka_custom_page` VALUES (1,'terminos-y-condiciones-artesanos-de-la-comida','Términos y Condiciones','<p style=\"padding-left: 30px;\">EL CONTRATO</p>\r\n<p style=\"padding-left: 30px;\">Contrato de servicios (&ldquo;Contrato&rdquo;) constituye un contrato legal entre una persona independiente en la actividad comercial de prestar servicios de alimentaci&oacute;n (&ldquo;Cliente&rdquo;) y QUARZO INNOVACION S.A., una sociedad an&oacute;nima constituida en los San Juan de Tib&aacute;s San Jos&eacute;, registrada con el n&uacute;mero de c&eacute;dula jur&iacute;dica 3-101-637055 (&ldquo;FoodMarket&rdquo;).</p>\r\n<p style=\"padding-left: 30px;\">QUARZO INNOVACION S.A. ofrece los Servicios (seg&uacute;n se define a continuaci&oacute;n) con el fin de proporcionar los &uacute;ltimos avances tecnol&oacute;gicos a los proveedores de servicios alimenticios. Los Servicios FoodMarket permiten la log&iacute;stica autorizado para localizar, recibir y dar cumplimiento a peticiones de servicios de alimentaci&oacute;n por parte de un usuario autorizado de la aplicaci&oacute;n m&oacute;vil de FoodMarket.</p>\r\n<p style=\"padding-left: 30px;\">El Cliente est&aacute; autorizado a ofrecer servicios de alimentaci&oacute;n en la(las) provincias(s) y jurisdicci&oacute;n o jurisdicciones en los que opera, y desea celebrar este Contrato con la finalidad de acceder y utilizar los Servicios FoodMarket para mejorar su actividad comercial de alimentaci&oacute;n.</p>\r\n<p style=\"padding-left: 30px;\"><strong>El Cliente reconoce y acepta que FoodMarket es un proveedor de servicios de tecnolog&iacute;a que no ofrece servicios de alimentaci&oacute;n, no funciona como transportista, ni opera como agente para la confecci&oacute;n de alimentos o la alimentaci&oacute;n de viajeros.</strong></p>\r\n<p style=\"padding-left: 30px;\">Para utilizar los Servicios FoodMarket, el Cliente debe aceptar los t&eacute;rminos y condiciones establecidos a continuaci&oacute;n. Con la ejecuci&oacute;n del Cliente (electr&oacute;nica o de otro modo) del presente Contrato, el Cliente y FoodMarket estar&aacute;n vinculados por los t&eacute;rminos y condiciones establecidos en el presente documento.</p>\r\n<ol>\r\n<li><strong> Definiciones</strong></li>\r\n</ol>\r\n<p style=\"padding-left: 30px;\">1.1. &ldquo;Afiliado&rdquo; significa una entidad que, directa o indirectamente, controla, se encuentra bajo el control o control conjunto con una parte, donde control significa disponer de una participaci&oacute;n mayor que el cincuenta por ciento (50 %) de las acciones con derecho a voto u otros derechos de titularidad, la mayor&iacute;a de los derechos de voto de dicha entidad, la capacidad de dicha entidad para asegurarse de que las actividades y las actividades comerciales de dicho Afiliado se lleven a cabo conforme a los deseos de dicha entidad o el derecho a obtener la mayor&iacute;a de los ingresos de dicho Afiliado sobre cualquier distribuci&oacute;n realizada por ese Afiliado de todos sus ingresos o de la mayor&iacute;a de sus activos en un proceso de liquidaci&oacute;n de la empresa.</p>\r\n<p style=\"padding-left: 30px;\">1.2 &ldquo;Artesano independiente de la comida&rdquo; significa director, empleado o contratista del Cliente: (a) que cumple los requisitos de FoodMarket actuales en ese momento para ser un cocinero activo mediante los Servicios FoodMarket; (b) a quien FoodMarket autoriza el acceso a los Servicios FoodMarket a fin de proporcionar comidas y bebidas en nombre del Cliente; y (c) quien ha celebrado al Anexo del &ldquo;Artesano independiente de la comida&rdquo;.</p>\r\n<p>&nbsp;</p>\r\n<p style=\"padding-left: 30px;\">1.3. &ldquo;Dispositivo&rdquo; significa el Dispositivo FoodMarket o el Dispositivo proporcionado al Artesano de la Comida, seg&uacute;n sea el caso.</p>\r\n<p style=\"padding-left: 30px;\">1.5. &ldquo;Aplicaci&oacute;n&rdquo; significa la aplicaci&oacute;n web o m&oacute;vil de FoodMarket que permite a los proveedores de alimentaci&oacute;n el acceso a los Servicios FoodMarket con el fin de localizar, recibir y dar cumplimiento a las peticiones sobre demanda de servicios de alimentaci&oacute;n por parte de los Usuarios, teniendo en cuenta las actualizaciones o modificaciones realizadas por FoodMarket a su discreci&oacute;n de cuando en cuando.</p>\r\n<p style=\"padding-left: 30px;\">1.6. &ldquo;ID del artesano independiente de la comida&rdquo; significa la clave de identificaci&oacute;n y contrase&ntilde;a asignada por FoodMarket a un Artesano independiente de la comida que permite a un Artesano independiente de la comida utilizar y acceder a la Aplicaci&oacute;n.</p>\r\n<p style=\"padding-left: 30px;\">1.7. &ldquo;Dispositivo proporcionado al artesano independiente de la comida&rdquo; significa un dispositivo m&oacute;vil de propiedad o controlado por el Cliente o Artesano independiente de la comida: (a) que cumple las especificaciones de FoodMarket actuales en ese momento para dispositivos m&oacute;viles seg&uacute;n lo establecido en www.FoodMarket.com/byod-devices; y (b) sobre las que la Aplicaci&oacute;nse ha instalado conforme a la autorizaci&oacute;n exclusiva de FoodMarket con el &uacute;nico fin de ofrecer Servicios de alimentaci&oacute;n.</p>\r\n<p style=\"padding-left: 30px;\">1.9. &ldquo;Tarifa&rdquo; tiene el significado establecido en el Apartado 4.1. 1.10. &ldquo;Tasa de comisi&oacute;n&rdquo; tiene el significado establecido en el Apartado 4.4. 1.11.</p>\r\n<p style=\"padding-left: 30px;\">1.8. &ldquo;Territorio&rdquo; significa la zona urbana o metropolitana fuera de los Estados Unidos y China continental en la que el Cliente y sus Artesanos de la Comida est&aacute;n autorizados por la Aplicaci&oacute;na recibir peticiones de Servicios de alimentaci&oacute;n.</p>\r\n<p style=\"padding-left: 30px;\">1.10. &ldquo;Servicios de alimentaci&oacute;n&rdquo; significa la provisi&oacute;n de servicios de alimentaci&oacute;n de pasajeros a Usuarios a trav&eacute;s de los Servicios FoodMarket en el Territorio por el Cliente y sus Artesanos de la Comida utilizando los Veh&iacute;culos.</p>\r\n<p style=\"padding-left: 30px;\">1.11. &ldquo;Datos de FoodMarket&rdquo; significa todos los datos relacionados con el acceso y el uso de los Servicios FoodMarket aqu&iacute; establecidos, incluidos todos los datos relacionados con los Usuarios (incluida la Informaci&oacute;n de usuario), todos los datos relacionados con la provisi&oacute;n de Servicios de alimentaci&oacute;n a trav&eacute;s de los Servicios FoodMarket y la Aplicaci&oacute;n, adem&aacute;s de la ID del artesano independiente de la comida. 1.16. &ldquo;Dispositivo FoodMarket&rdquo; significa un dispositivo m&oacute;vil propiedad de FoodMarket o controlado por ella que haya sido proporcionado al Cliente o al Artesano independiente de la comida con el &uacute;nico prop&oacute;sito de que dicho Artesano independiente de la comida utilice la Aplicaci&oacute;na fin de proporcionar Servicios de alimentaci&oacute;n y para ning&uacute;n otro fin distinto a este.</p>\r\n<p style=\"padding-left: 30px;\">1.12. &ldquo;Servicios FoodMarket&rdquo; significa los servicios electr&oacute;nicos de FoodMarket prestados a trav&eacute;s de una plataforma de tecnolog&iacute;a digital, siendo intermediario sobre demanda y los servicios relacionados que permiten a los proveedores de alimentaci&oacute;n localizar, recibir y dar cumplimiento a las peticiones sobre demanda de servicios de alimentaci&oacute;n por parte de los Usuarios que buscan servicios de alimentaci&oacute;n; dichos Servicios FoodMarket incluyen el acceso a la Aplicaci&oacute;ny al software relacionado de FoodMarket, p&aacute;ginas web, servicios de pago conforme a lo descrito en el Apartado 4 a continuaci&oacute;n, as&iacute; como a los servicios de apoyo relacionados y sus actualizaciones o modificaciones por FoodMarket a su exclusiva discreci&oacute;n de cuando en cuando.</p>\r\n<p>1.13. &ldquo;Usuario&rdquo; significa el usuario final autorizado por FoodMarket para utilizar la aplicaci&oacute;n m&oacute;vil de FoodMarket a fin de obtener Servicios de alimentaci&oacute;n ofrecidos por los clientes del proveedor de alimentaci&oacute;n de FoodMarket.</p>\r\n<p style=\"padding-left: 30px;\">1.14. &ldquo;Informaci&oacute;n de usuario&rdquo; significa informaci&oacute;n sobre un Usuario puesta a disposici&oacute;n del Cliente o de un Artesano independiente de la comida en relaci&oacute;n con la petici&oacute;n de dicho Usuario y para el uso de los Servicios de alimentaci&oacute;n, que puede incluir el nombre del Usuario, la ubicaci&oacute;n de recogida, la informaci&oacute;n de contacto y una fotograf&iacute;a.</p>\r\n<p style=\"padding-left: 30px;\">1.15. &ldquo;Veh&iacute;culo&rdquo; significa cualquier veh&iacute;culo del Cliente que: (a) cumple los requisitos de FoodMarket actuales en ese momento para un veh&iacute;culo en los Servicios FoodMarket; y (b) que FoodMarket autoriza para el uso por un Artesano independiente de la comida con el fin de proporcionar Servicios de alimentaci&oacute;n en nombre del Cliente.</p>\r\n<ol start=\"2\">\r\n<li><strong> Uso de los Servicios FoodMarket</strong></li>\r\n</ol>\r\n<p style=\"padding-left: 30px;\">2.1. ID del Artesano independiente de la comida. FoodMarket enviar&aacute; al Cliente una ID del artesano independiente de la comida para cada Artesano independiente de la comida que ofrece Servicios de alimentaci&oacute;n para permitir al Cliente y a cada Artesano independiente de la comida acceder a la Aplicaci&oacute;ny utilizarla en un Dispositivo conforme al Anexo del artesano independiente de la comida y al presente Contrato. El cliente acepta que se asegurar&aacute; de que sus Artesanos de la Comida mantendr&aacute;n las ID del artesano independiente de la comida en confidencialidad y no las compartir&aacute;n con ning&uacute;n tercero distinto del Artesano independiente de la comida asociado a dicha ID del artesano independiente de la comida con el prop&oacute;sito de proporcionar Servicios de alimentaci&oacute;n. El Cliente notificar&aacute; inmediatamente a FoodMarket de cualquier incumplimiento o sospecha de incumplimiento o uso o revelaci&oacute;n de una ID del artesano independiente de la comida o de la Aplicaci&oacute;n.</p>\r\n<p style=\"padding-left: 30px;\">2.2. Provisi&oacute;n de Servicios de alimentaci&oacute;n. Cuando la Aplicaci&oacute;n est&aacute; activada, las peticiones de Servicios de alimentaci&oacute;n por el Usuario pueden mostrarse a un Artesano independiente de la comida a trav&eacute;s de la Aplicaci&oacute;n si el Artesano independiente de la comida est&aacute; disponible y cerca del Usuario. Si un Artesano independiente de la comida acepta la petici&oacute;n de Servicios de alimentaci&oacute;n de un Usuario, los Servicios FoodMarket proporcionar&aacute;n determinada Informaci&oacute;n de usuario a dicho Artesano independiente de la comida a trav&eacute;s de la Aplicaci&oacute;n, incluido el nombre de pila del Usuario y la ubicaci&oacute;n de recogida. El Cliente reconoce y acepta que una vez una Orden, ha aceptado la petici&oacute;n de Servicios de alimentaci&oacute;n del Usuario, la aplicaci&oacute;n m&oacute;vil de FoodMarket puede proporcionar determinada informaci&oacute;n sobre el Artesano de la comida al Usuario, incluido el nombre de pila del Artesano independiente de la comida, informaci&oacute;n de contacto, nombre de la entidad del Cliente, fotograf&iacute;a y ubicaci&oacute;n, y la marca y n&uacute;mero de matr&iacute;cula del Veh&iacute;culo del servicio Express. El Cliente no deber&aacute; ponerse en contacto con ning&uacute;n Usuario ni utilizar la informaci&oacute;n personal del Usuario para un prop&oacute;sito distinto de la prestaci&oacute;n de los Servicios de alimentaci&oacute;n y se asegurar&aacute; de que los Artesanos de la Comida cumplan esta norma. En cuanto al acuerdo celebrado entre FoodMarket y el Cliente, el Cliente reconoce y acepta que: (a) el Cliente y sus Artesanos de la Comida son los &uacute;nicos responsables de determinar la forma m&aacute;s eficaz, eficiente y segura de llevar a cabo cada Servicio de alimentaci&oacute;n; y (b) excepto en cuanto a los Servicios FoodMarket o cualquier Dispositivo FoodMarket (si procede), el Cliente deber&aacute; proporcionar todo el equipamiento necesario, herramientas y otros materiales, asumiendo los gastos correspondientes, conforme precise para prestar los Servicios de alimentaci&oacute;n.</p>\r\n<p style=\"padding-left: 30px;\">2.3. Relaci&oacute;n del Cliente con los Usuarios. El Cliente reconoce y acepta que la prestaci&oacute;n de Servicios de alimentaci&oacute;n por el Cliente a los Usuarios crea una relaci&oacute;n comercial legal y directa entre el Cliente y el Usuario, con respecto a la que FoodMarket no forma parte alguna. FoodMarket no se hace responsable de ning&uacute;n acto u omisi&oacute;n de un Usuario en relaci&oacute;n con las actividades del Cliente, de un Artesano independiente de la comida o de ning&uacute;n Veh&iacute;culo. Los clientes asumir&aacute;n responsabilidad exclusiva por cualquier obligaci&oacute;n o responsabilidad ante los Usuarios o terceras partes que puedan surgir de su prestaci&oacute;n de Servicios de alimentaci&oacute;n. El Cliente reconoce y acepta que &eacute;l y cada Artesano independiente de la comida son los &uacute;nicos responsables de tomar dichas precauciones seg&uacute;n sea razonable y adecuado (incluida la contrataci&oacute;n y mantenimiento de un seguro adecuado que cumpla los requisitos de toda la legislaci&oacute;n aplicable) en relaci&oacute;n con cualquier acto u omisi&oacute;n de un Usuario o cualquier tercero. El Cliente reconoce y acepta que FoodMarket podr&aacute; proporcionar la informaci&oacute;n de contacto y/o la informaci&oacute;n de seguros del Cliente y/o del Artesano independiente de la comida a un Usuario a petici&oacute;n razonable del mismo. El Cliente reconoce y acepta que, a menos que un Usuario lo acepte expresamente, ni un Cliente ni un Artesano independiente de la comida pueden transportar o admitir a un Veh&iacute;culo a ninguna persona distinta del Usuario o cualquier persona autorizada por dicho Usuario durante la prestaci&oacute;n de los Servicios de alimentaci&oacute;n para dicho Usuario. El Cliente reconoce y acepta que todos los Usuarios deber&aacute;n ser transportados directamente a su destino espec&iacute;fico, seg&uacute;n establezca el Usuario correspondiente, sin interrupciones ni paradas no autorizadas.</p>\r\n<p style=\"padding-left: 30px;\">2.4. Relaci&oacute;n del Cliente con FoodMarket. El Cliente reconoce y acepta que la provisi&oacute;n de la Aplicaci&oacute;ny los Servicios FoodMarket al Cliente por FoodMarket crea una relaci&oacute;n comercial legal y directa entre FoodMarket y el Cliente. FoodMarket no dirige ni dirigir&aacute; ni controlar&aacute; al Cliente o a sus Artesanos de la Comida de forma general ni se considerar&aacute; que deba hacerlo para la prestaci&oacute;n de sus servicios con arreglo a este Contrato, incluido en relaci&oacute;n con el desempe&ntilde;o de la actividad comercial del Cliente, la prestaci&oacute;n de Servicios de alimentaci&oacute;n, los actos u omisiones de los Artesanos de la Comida o el uso y mantenimiento de cualquier Veh&iacute;culo. Los Clientes y sus Artesanos de la Comida conservan el derecho exclusivo de determinar cu&aacute;ndo y por cu&aacute;nto tiempo cada uno de ellos utilizar&aacute; la Aplicaci&oacute;no los Servicios FoodMarket. El Cliente y sus Artesanos de la Comida se reservan la opci&oacute;n, a trav&eacute;s de la Aplicaci&oacute;n, de intentar aceptar o rechazar o ignorar la petici&oacute;n de Servicios de alimentaci&oacute;n por un Usuario a trav&eacute;s de los Servicios FoodMarket o cancelar una petici&oacute;n de Servicios de alimentaci&oacute;n aceptada a trav&eacute;s de la Aplicaci&oacute;n, con sujeci&oacute;n a las pol&iacute;ticas de cancelaci&oacute;n de FoodMarket actuales en ese momento. El Cliente no har&aacute; lo siguiente, y se asegurar&aacute; de que sus Artesanos de la Comida tampoco lo hagan: (a) mostrar los nombres, logotipos o colores de FoodMarket o de cualquiera de sus Afiliados en ning&uacute;n Veh&iacute;culo; ni (b) llevar&aacute; uniforme ni ninguna otra prenda que muestre los nombres, logotipos o colores de FoodMarket o de cualquiera de sus Afiliados. Lo antedicho no es aplicable si el Cliente y FoodMarket lo han convenido de otro modo o si as&iacute; lo exige la ley. El Cliente reconoce y acepta que podr&aacute; operar su actividad comercial independiente y dirigir a sus Artesanos de la Comida a su exclusiva y total discreci&oacute;n, incluida la capacidad de prestar servicios en cualquier momento a cualquier tercero de forma separada e independiente de los Servicios de alimentaci&oacute;n. Para mayor claridad, el Cliente entiende que el Cliente conserva el derecho &iacute;ntegro a prestar servicios de alimentaci&oacute;n a sus clientes ya existentes, as&iacute; como a utilizar otros servicios de aplicaci&oacute;n de software adem&aacute;s de los Servicios FoodMarket. FoodMarket conserva el derecho, en cualquier momento a exclusiva discreci&oacute;n de FoodMarket, a desactivar o restringir de otro modo el acceso o el uso de la Aplicaci&oacute;no de los Servicios FoodMarket al Cliente o a cualquier Artesano independiente de la comida en caso de incumplimiento del presente Contrato, un incumplimiento del Anexo del artesano independiente de la comida, el descr&eacute;dito por el Cliente o cualquier Artesano independiente de la comida de FoodMarket o cualquiera de sus Afiliados, cualquier acto u omisi&oacute;n del Cliente o de cualquier Artesano independiente de la comida que cause da&ntilde;os a la marca, reputaci&oacute;n o actividad comercial de FoodMarket o de sus Afiliados seg&uacute;n determine FoodMarket a su &uacute;nica discreci&oacute;n. FoodMarket se reserva asimismo el derecho de desactivar o restringir de otro modo el acceso o uso del Cliente o de cualquier Artesano independiente de la comida de la Aplicaci&oacute;n o los Servicios FoodMarket por cualquier otro motivo a la &uacute;nica y razonable discreci&oacute;n de FoodMarket.</p>\r\n<p style=\"padding-left: 30px;\">2.5. Relaci&oacute;n del Cliente con los Artesanos de la Comida. El Cliente asumir&aacute; responsabilidad exclusiva por cualquier obligaci&oacute;n o responsabilidad ante los Artesanos de la Comida que puedan surgir de su relaci&oacute;n con sus Artesanos de la Comida (incluida la prestaci&oacute;n de Servicios de alimentaci&oacute;n). El Cliente reconoce y acepta que ejercitar&aacute; un control exclusivo sobre los Artesanos de la Comida y cumplir&aacute; la legislaci&oacute;n aplicable (incluidos los impuestos, seguridad social y leyes de trabajo) que regule o sea aplicable de otro modo a su relaci&oacute;n con sus Artesanos de la Comida. Sin perjuicio del derecho del Cliente, si procede, a hacer uso de sus recursos disponibles ante el Artesano independiente de la comida, el Cliente reconoce y acepta que ser&aacute; en todo momento responsable de los actos y omisiones de sus Artesanos de la Comida, Usuarios directos y de FoodMarket, incluso cuando dicha responsabilidad no sea obligatoria conforme a la legislaci&oacute;n aplicable. El Cliente requerir&aacute; a cada Artesano independiente de la comida que suscriba el Anexo del artesano independiente de la comida (y sus actualizaciones de cuando en cuando) y deber&aacute; proporcionar a FoodMarket una copia de cada Anexo del artesano independiente de la comida ejecutado. El Cliente reconoce y acepta que FoodMarket es un tercer beneficiario de cada Anexo del artesano independiente de la comida y que, tras la ejecuci&oacute;n del Artesano independiente de la comida del Anexo del artesano independiente de la comida (electr&oacute;nicamente o de otro modo), FoodMarket tendr&aacute; el derecho irrevocable (y se considerar&aacute; que ha aceptado el derecho a menos que sea rechazado de inmediato tras la recepci&oacute;n de una copia del Anexo del artesano independiente de la comida ejecutado) a imponer el Anexo del artesano independiente de la comida al Artesano independiente de la comida como tercer beneficiario del mismo.</p>\r\n<p>2.6. Valoraciones.</p>\r\n<p style=\"padding-left: 30px;\">2.6.1. El Cliente reconoce y acepta que: (a) despu&eacute;s de recibir los Servicios de alimentaci&oacute;n, la aplicaci&oacute;n m&oacute;vil de FoodMarket solicitar&aacute; al Usuario que valore los Servicios de alimentaci&oacute;n y del Artesano independiente de la comida y, opcionalmente, que escriba sus observaciones u opini&oacute;n sobre dichos Servicios de alimentaci&oacute;n y Artesano independiente de la comida; y (b) despu&eacute;s de proporcionar Servicios de alimentaci&oacute;n, la Aplicaci&oacute;n solicitar&aacute; que el Artesano independiente de la comida proporcione una valoraci&oacute;n del Usuario y, opcionalmente, que escriba sus observaciones u opini&oacute;n sobre el Usuario. El Cliente deber&aacute; indicar a todos los Artesanos de la Comida que proporcionen sus valoraciones y opini&oacute;n de buena fe.</p>\r\n<p style=\"padding-left: 30px;\">2.6.2. El Cliente reconoce que FoodMarket desea que los Usuarios tengan acceso a unos servicios de alta calidad a trav&eacute;s de la aplicaci&oacute;n m&oacute;vil de FoodMarket. Para seguir teniendo acceso a la Aplicaci&oacute;ny los Servicios FoodMarket, cada Artesano independiente de la comida debe mantener una valoraci&oacute;n media por los Usuarios que exceda la valoraci&oacute;n media m&iacute;nima aceptable establecida por FoodMarket para ese Territorio, que podr&aacute; ser actualizada de cuando en cuando por FoodMarket a su exclusiva discreci&oacute;n (&ldquo;Valoraci&oacute;n media m&iacute;nima&rdquo;). Si una valoraci&oacute;n media del Artesano independiente de la comida desciende por debajo de la Valoraci&oacute;n media m&iacute;nima, FoodMarket se pondr&aacute; en contacto con el Cliente para informarle al respecto y podr&aacute; darle al Artesano independiente de la comida, a discreci&oacute;n de FoodMarket, un plazo l&iacute;mite de tiempo para aumentar su valoraci&oacute;n media por encima de la Valoraci&oacute;n media m&iacute;nima. Si dicho Artesano independiente de la comida no aumenta su valoraci&oacute;n media por encima de la Valoraci&oacute;n media m&iacute;nima dentro del plazo establecido (si procede), FoodMarket se reserva el derecho a desactivar el acceso de dicho Artesano independiente de la comida a la Aplicaci&oacute;ny los Servicios FoodMarket. Adem&aacute;s, el Cliente reconoce y acepta que el fallo repetido de un Artesano independiente de la comida en aceptar las peticiones del Usuario de Servicios de alimentaci&oacute;n mientras dicho Artesano independiente de la comida est&eacute; registrado en la Aplicaci&oacute;ngenerar&aacute; una experiencia negativa para los Usuarios de la aplicaci&oacute;n m&oacute;vil de FoodMarket. Por tanto, el Cliente acepta y se asegurar&aacute; de que si el Artesano independiente de la comida no desea aceptar peticiones de Usuarios de los Servicios de alimentaci&oacute;n durante un per&iacute;odo de tiempo, dicho Artesano independiente de la comida cerrar&aacute; sesi&oacute;n en la Aplicaci&oacute;n.</p>\r\n<p style=\"padding-left: 30px;\">2.6.3. FoodMarket y sus Afiliados se reservan el derecho a utilizar, compartir y mostrar valoraciones y comentarios del Artesano independiente de la comida y Usuario relacionados de cualquier modo a la actividad comercial de FoodMarket y sus Afiliados sin la atribuci&oacute;n o autorizaci&oacute;n del Cliente o del Artesano independiente de la comida correspondiente. El Cliente reconoce que FoodMarket y sus Afiliados son distribuidores (sin ninguna obligaci&oacute;n de verificaci&oacute;n) y no publicadores de las valoraciones y observaciones del Artesano independiente de la comida y el Usuario, siempre que FoodMarket y sus Afiliados se reserven el derecho a editar o borrar comentarios en caso de que dichos comentarios sean obscenos u objetables de otro modo, incluyan el nombre de un particular u otra informaci&oacute;n personal o violen cualquier ley de privacidad, otras leyes aplicables o pol&iacute;ticas de contenidos de FoodMarket o sus Afiliados.</p>\r\n<p>2.7. Dispositivos.</p>\r\n<p style=\"padding-left: 30px;\">2.7.1. FoodMarket anima al Cliente a utilizar los Dispositivos proporcionados al artesano independiente de la comida para ofrecer los Servicios de alimentaci&oacute;n. De otro modo, FoodMarket proporcionar&aacute; al Cliente a previa petici&oacute;n del mismo los Dispositivos FoodMarket a cada Artesano independiente de la comida autorizado, as&iacute; como el plan de datos necesario para el operador de servicios inal&aacute;mbricos para dichos Dispositivos, teniendo en cuenta que FoodMarket requerir&aacute; que el Cliente reembolse los gastos asociados con el plan de datos para el operador de servicios inal&aacute;mbricos de cada Dispositivo FoodMarket y/o solicite una fianza por cada Dispositivo FoodMarket. El Cliente reconoce y acepta que: (a) Los Dispositivos FoodMarket solo pueden ser utilizados con el fin de permitir el acceso del Artesano independiente de la comida a los Servicios FoodMarket; y (b) los Dispositivos FoodMarket no pueden transferirse, prestarse, venderse ni proporcionarse de otro modo a ninguna otra parte distinta del Artesano independiente de la comida asignado a utilizar dicho Dispositivo FoodMarket. Los Dispositivos FoodMarket ser&aacute;n en todo momento propiedad de FoodMarket y, al finalizar el presente Contrato o al cancelar o desactivar un Artesano independiente de la comida, el Cliente se compromete a devolver a FoodMarket los Dispositivos FoodMarket correspondientes en un plazo de diez (10) d&iacute;as. El Cliente reconoce y acepta que si no devuelve a tiempo cualquiera de los Dispositivos FoodMarket, o causa da&ntilde;os en ellos fuera del &ldquo;desgaste normal de uso&rdquo;, ello tendr&aacute; como consecuencia la p&eacute;rdida de las fianzas relacionadas.</p>\r\n<p style=\"padding-left: 30px;\">2.7.2. Si el Cliente opta por utilizar cualquiera de los Dispositivos proporcionados al Artesano independiente de la comida: (i) el Cliente y/o sus Artesanos de la Comida son responsables de la adquisici&oacute;n, el costo y el mantenimiento de dichos Dispositivos proporcionados al artesano independiente de la comida, as&iacute; como de cualquier plan de datos necesario a trav&eacute;s de un operador de servicios inal&aacute;mbricos; y (ii) FoodMarket proporcionar&aacute; la Aplicaci&oacute;npara su instalaci&oacute;n en dichos Dispositivos proporcionados al artesano independiente de la comida. FoodMarket otorga por el presente al usuario autorizado de cualquier Dispositivo proporcionado al artesano independiente de la comida una licencia de uso no exclusiva y no transferible para instalar y utilizar la Aplicaci&oacute;nen un Dispositivo proporcionado al artesano independiente de la comida &uacute;nicamente con el prop&oacute;sito de ofrecer Servicios de alimentaci&oacute;n. El Cliente se compromete a no ofrecer, distribuir o compartir, ni permitir la provisi&oacute;n, distribuci&oacute;n o uso compartido de la Aplicaci&oacute;n(o los datos asociados a la misma) con terceros y se har&aacute; responsable de que cada uno de los Artesanos de la Comida correspondientes se atenga a esta norma. Lo antedicho se traducir&aacute; en la inmediata rescisi&oacute;n y el Artesano independiente de la comida borrar&aacute; y eliminar&aacute; completamente la Aplicaci&oacute;ndel Dispositivo proporcionado al artesano independiente de la comida si el Cliente y/o el Artesano independiente de la comida correspondiente dejan de proporcionar Servicios de alimentaci&oacute;n utilizando el Dispositivo proporcionado al artesano independiente de la comida. El Cliente acepta, y deber&aacute; informar de ello al Artesano independiente de la comida correspondiente, que: (i) el uso de la Aplicaci&oacute;nen un Dispositivo proporcionado al artesano independiente de la comida requiere un plan de datos activo con un proveedor de servicios inal&aacute;mbricos asociado al Dispositivo proporcionado al artesano independiente de la comida, cuyo plan de datos ser&aacute; proporcionado por el Cliente o el Artesano independiente de la comida correspondiente que asumir&aacute;n los gastos correspondientes; y (ii) el uso de la Aplicaci&oacute;nen un Dispositivo proporcionado al artesano independiente de la comida como interfaz con los Servicios FoodMarket podr&iacute;a consumir grandes cantidades de datos a trav&eacute;s del plan de datos. FoodMarket aconseja que los Dispositivos proporcionados al artesano independiente de la comida solo deben ser utilizados bajo un plan de datos con l&iacute;mites de uso de datos muy altos o ilimitados, y FoodMarket no ser&aacute; responsable de ning&uacute;n cargo, gasto o tasa por gastos por excedente de datos en ning&uacute;n plan de datos.</p>\r\n<p style=\"padding-left: 30px;\">2.8. Servicios basados en la ubicaci&oacute;n. El Cliente reconoce y acepta que la informaci&oacute;n de geolocalizaci&oacute;n de cada Artesano independiente de la comida debe ser proporcionada a los Servicios FoodMarket a trav&eacute;s de un Dispositivo a fin de proporcionar Servicios de alimentaci&oacute;n. El Cliente reconoce y acepta, y debe informar y obtener el consentimiento de cada Artesano independiente de la comida con respecto a lo siguiente: (a) la informaci&oacute;n de geolocalizaci&oacute;n del Artesano independiente de la comida ser&aacute; controlada y localizada por los Servicios FoodMarket cuando el Artesano independiente de la comida est&eacute; registrado en la Aplicaci&oacute;ny disponible para recibir solicitudes de Servicios de alimentaci&oacute;n, o cuando el Artesano independiente de la comida ofrezca Servicios de alimentaci&oacute;n; y (b) la ubicaci&oacute;n aproximada del Veh&iacute;culo del Artesano independiente de la comida se mostrar&aacute; al Usuario antes y durante la prestaci&oacute;n de Servicios de alimentaci&oacute;n a dicho Usuario. Adem&aacute;s, FoodMarket podr&aacute; controlar, localizar y compartir la informaci&oacute;n de geolocalizaci&oacute;n de un Artesano independiente de la comida obtenida a trav&eacute;s de la Aplicaci&oacute;ny del Dispositivo para salvaguardar la seguridad, para fines t&eacute;cnicos, de marketing y comerciales, incluidas la provisi&oacute;n y mejora de los productos y servicios de FoodMarket.</p>\r\n<ol start=\"3\">\r\n<li><strong> Artesano independiente de la comida sus equipos y activos requeridos para cocinar</strong></li>\r\n</ol>\r\n<p style=\"padding-left: 30px;\">3.1. Requisitos del Artesano independiente de la comida. El Cliente reconoce y acepta que cada Artesano independiente de la comida deber&aacute; en todo momento: (a) ser titular y mantener (i) un carnet de conducir vigente con el nivel de certificaci&oacute;n v&aacute;lido para utilizar el Veh&iacute;culo asignado a dicho Artesano independiente de la comida, y (ii) todas las licencias, permisos, autorizaciones y autoridad aplicable al Cliente y/o Artesano independiente de la comida que sean necesarios para prestar Servicios de alimentaci&oacute;n de pasajeros a terceras partes en el Territorio; (b) poseer el nivel de formaci&oacute;n, pericia y experiencia adecuados para prestar Servicios de alimentaci&oacute;n de forma profesional con la debida habilidad, atenci&oacute;n y diligencia; y (c) mantener alto nivel de profesionalidad, servicio y cortes&iacute;a. El Cliente reconoce y acepta que cada Artesano independiente de la comida puede estar sujeto a determinadas revisiones de antecedentes y registros de conducci&oacute;n de cuando en cuando para que dicho Artesano independiente de la comida est&eacute; autorizado a prestar Servicios de alimentaci&oacute;n y seguir siendo apto para ello. El Cliente reconoce y acepta que FoodMarket se reserva el derecho, en cualquier momento y a su exclusiva discreci&oacute;n, a desactivar o restringir el acceso o uso de la Aplicaci&oacute;no los Servicios FoodMarket a un Artesano independiente de la comida si un Cliente o dicho Artesano independiente de la comida incumple los requisitos establecidos en el presente Contrato o en el Anexo de Artesano independiente de la comida.</p>\r\n<p style=\"padding-left: 30px;\">3.2. Requisitos del veh&iacute;culo. El Cliente reconoce y acepta que cada Veh&iacute;culo deber&aacute; en todo momento: (a) estar correctamente registrado y disponer de la licencia correspondiente para operar como veh&iacute;culo de alimentaci&oacute;n de pasajeros en el Territorio; (b) ser propiedad o estar arrendado por el Cliente o de otro modo en posesi&oacute;n legal del Cliente; (c) ser apto para llevar a cabo los Servicios de alimentaci&oacute;n de pasajeros contemplados en el presente Contrato; y (d) ser mantenido en buen estado de funcionamiento, conforme a las normas de seguridad y mantenimiento del sector para un Veh&iacute;culo de su tipo y cualquier norma o requisito adicional en el Territorio correspondiente, as&iacute; como estar en un estado limpio e higi&eacute;nico.</p>\r\n<p style=\"padding-left: 30px;\">3.3. Documentaci&oacute;n. A fin de asegurar el cumplimiento del Cliente y de cada uno de sus Artesanos de la Comida con todos los requisitos de los Apartados 3.1 y 3.2 anteriores, el Cliente debe proporcionar a FoodMarket copias por escrito de todas estas licencias, permisos, autorizaciones, autoridad, registros y certificaciones previamente a la prestaci&oacute;n de cualquier Servicio de alimentaci&oacute;n por el Artesano independiente de la comida al Cliente. Despu&eacute;s, el Cliente debe enviar a FoodMarket un justificante por escrito de todas estas licencias, permisos, autorizaciones, autoridad, registros y certificaciones, as&iacute; como sus renovaciones en el momento correspondiente. FoodMarket tendr&aacute; derecho, previo env&iacute;o de la petici&oacute;n correspondiente, a examinar estas licencias, permisos, autorizaciones, autoridad, registros y certificaciones de cuando en cuando, y si el Cliente no proporciona o renueva cualquiera de los documentos antedichos, ello constituir&aacute; un incumplimiento sustancial del presente Contrato. FoodMarket se reserva el derecho de verificar de manera independiente la Documentaci&oacute;n del Artesano independiente de la comida y/o del Cliente ocasionalmente tal como FoodMarket lo considere pertinente a su entera discreci&oacute;n.</p>\r\n<ol start=\"4\">\r\n<li><strong> T&eacute;rminos financieros</strong></li>\r\n</ol>\r\n<p>4.1. C&aacute;lculo de tarifa y pago del Cliente.</p>\r\n<p style=\"padding-left: 30px;\">El Cliente tiene derecho a cobrar una tarifa por cada Servicio de alimentaci&oacute;n realizado y prestado a un Usuario que haya sido obtenido a trav&eacute;s de los Servicios FoodMarket (&ldquo;Tarifa&rdquo;), donde dicha Tarifa ser&aacute; calculada exclusivamente por El Cliente. El Cliente tiene derecho, asimismo, a cobrar al Usuario cualquier impuesto o tasa incurrida durante la prestaci&oacute;n de los Servicios de alimentaci&oacute;n, si procede. El Cliente: (i) designa a FoodMarket como agente de cobro de pagos limitado para el Cliente &uacute;nicamente para el prop&oacute;sito de aceptar la Tarifa y los impuestos y tasas aplicables al Usuario en nombre del Cliente a trav&eacute;s de la funci&oacute;n de tramitaci&oacute;n de pagos facilitada por los Servicios FoodMarket; y (ii) acepta que el pago realizado por el Usuario a FoodMarket sea considerado como el mismo que el pago realizado directamente por el Usuario al Cliente. FoodMarket se compromete a remitir al Cliente al menos quincenalmente: (a) la Tarifa menos la Tasa de comisi&oacute;n aplicable; (b) Los impuestos y tasas complementarios.</p>\r\n<p style=\"padding-left: 30px;\">4.3. Ajuste de tarifa. FoodMarket se reserva el derecho de: (i) ajustar la Tarifa a un caso determinado de Servicios de alimentaci&oacute;n (p. ej., el Artesano independiente de la comida no entreg&oacute; el pedido a tiempo, el Artesano independiente de la comida no entreg&oacute; el pedido seg&uacute;n solicitado, se produjo un fallo t&eacute;cnico en los Servicios FoodMarket, etc.); o bien, (ii) abstenerse de hacer el pago de la Tarifa para un caso determinado de Servicios de alimentaci&oacute;n (p. ej., se ha cobrado a un Usuario por Servicios de alimentaci&oacute;n que no se le prestaron, en caso de reclamaci&oacute;n del Usuario, fraude, etc.). La decisi&oacute;n de FoodMarket de reducir o abstenerse del pago de la Tarifa en cualquier modo deber&aacute; llevarse a cabo de forma razonable.</p>\r\n<p style=\"padding-left: 30px;\">4.4. Tasa de comisi&oacute;n. Como retribuci&oacute;n de la prestaci&oacute;n de los Servicios FoodMarket por FoodMarket, el Cliente se compromete a pagar a FoodMarket una tasa de comisi&oacute;n por transacci&oacute;n de Servicios de alimentaci&oacute;n calculada en forma de porcentaje de la Tarifa (independientemente de cualquier Tarifa negociada), seg&uacute;n se establece para el Cliente por e-mail o electr&oacute;nicamente de otro modo por FoodMarket (&ldquo;Tasa de Comisi&oacute;n&rdquo;). A menos que las normativas vigentes en el Territorio del Cliente lo requieran de otro modo, los impuestos se calcular&aacute;n y cobrar&aacute;n sobre la Tarifa, y FoodMarket calcular&aacute; la Tasa de comisi&oacute;n bas&aacute;ndose en la Tarifa antes de impuestos. FoodMarket se reserva el derecho a modificar la Tasa de comisi&oacute;n en cualquier momento a su propia discreci&oacute;n bas&aacute;ndose en factores del mercado local, y FoodMarket notificar&aacute; al Cliente en caso de que dicha modificaci&oacute;n tuviera lugar. El uso continuado de los Servicios FoodMarket despu&eacute;s de cualquiera de dichos cambios en la Tasa de comisi&oacute;n implica el consentimiento del Cliente para que se realicen dichos cambios.</p>\r\n<p style=\"padding-left: 30px;\">4.5. Costos de cancelaci&oacute;n. El Cliente reconoce y acepta que los Usuarios pueden optar por cancelar peticiones de Servicios de alimentaci&oacute;n que hayan sido aceptados por un Artesano independiente de la comida a trav&eacute;s de la Aplicaci&oacute;nen cualquier momento antes de la llegada del servicio Express. Si dicho Usuario cancela una petici&oacute;n de Servicios de alimentaci&oacute;n aceptada, FoodMarket podr&aacute; cobrar al Usuario una tasa de cancelaci&oacute;n en nombre del Cliente. Si se cobra, esta tasa de cancelaci&oacute;n se considerar&aacute; la Tarifa del Servicio de alimentaci&oacute;n cancelado con el prop&oacute;sito de envi&aacute;rsela al Cliente aqu&iacute; establecido (&ldquo;Tasa de cancelaci&oacute;n&rdquo;). Las partes reconocen y aceptan que como sucede entre el Cliente y la Empresa, esta Tasa de cancelaci&oacute;n es un importe recomendado, y el prop&oacute;sito principal de dicha Tasa de cancelaci&oacute;n es actuar como el importe por defecto en caso de que el Cliente no negocie un importe distinto. El Cliente siempre tendr&aacute; derecho a: (i) cobrar una tasa de cancelaci&oacute;n inferior a la Tasa de cancelaci&oacute;n; o bien, (ii) negociar, a petici&oacute;n del Cliente, una tasa de cancelaci&oacute;n inferior a la Tasa de cancelaci&oacute;n (cada uno de los apartados (i) y (ii) del presente documento, una &ldquo;Tasa de cancelaci&oacute;n negociada&rdquo;). Si se cobra, la Tasa de comisi&oacute;n (independientemente de cualquier Tasa de cancelaci&oacute;n negociada) se considerar&aacute; la Tarifa del Servicio de alimentaci&oacute;n cancelado con el prop&oacute;sito de envi&aacute;rsela al Cliente aqu&iacute; establecido.</p>\r\n<p style=\"padding-left: 30px;\">4.6. Recibos. Como parte de los Servicios FoodMarket, FoodMarket ofrece al Cliente un sistema para la entrega de recibos a Usuarios por los Servicios de alimentaci&oacute;n prestados. Cuando un Artesano independiente de la comida finaliza los Servicios de alimentaci&oacute;n para un Usuario, FoodMarket elabora el recibo correspondiente y emite dicho recibo al Usuario por e-mail en nombre del Cliente y Artesano independiente de la comida correspondiente. Estos recibos tambi&eacute;n se proporcionan a trav&eacute;s de e-mail o del portal de Internet disponible para el cliente en los Servicios FoodMarket. Los recibos incluyen el desglose de los importes cobrados al Usuario por los Servicios de alimentaci&oacute;n y pueden incluir informaci&oacute;n espec&iacute;fica sobre el Cliente y el Artesano independiente de la comida correspondiente, incluido el nombre de entidad y la informaci&oacute;n de contacto del Cliente y el nombre y la foto del Artesano independiente de la comida, as&iacute; como un mapa de la ruta tomada por el Artesano independiente de la comida. El Cliente deber&aacute; informar a los Artesanos de la Comida de que cualquier correcci&oacute;n en el recibo de un Usuario por los Servicios de alimentaci&oacute;n prestados deber&aacute; enviarse a FoodMarket por escrito en un plazo de tres (3) d&iacute;as h&aacute;biles a contar desde la fecha de finalizaci&oacute;n de dicho Servicio de alimentaci&oacute;n. Si no se realiza dicha notificaci&oacute;n, FoodMarket no se har&aacute; responsable de ning&uacute;n error en el recibo ni de las correcciones realizadas en el recibo o por el nuevo c&aacute;lculo o desembolso de la Tarifa. 4.7. Ning&uacute;n importe adicional. El Cliente reconoce y acepta que, en beneficio mutuo de las partes, a trav&eacute;s de la publicidad y el marketing, FoodMarket y sus Afiliados podr&aacute;n intentar atraer a nuevos Usuarios al servicio de FoodMarket y aumentar el uso de la aplicaci&oacute;n m&oacute;vil de FoodMarket por los Usuarios existentes. El Cliente reconoce y acepta que dicha publicidad o marketing no otorga ning&uacute;n derecho al Cliente a recibir ninguna retribuci&oacute;n econ&oacute;mica adicional m&aacute;s all&aacute; de los importes expresamente establecidos en el presente Contrato.</p>\r\n<p style=\"padding-left: 30px;\">4.8. Impuestos. El Cliente reconoce y acepta que debe acatar lo siguiente: (a) cumplir con todas las obligaciones sobre registro fiscal y calcular y asumir las responsabilidades fiscales inherentes a la disposici&oacute;n de los Servicios de alimentaci&oacute;n tal como lo establezca la ley aplicable; y (b) proporcionarle a FoodMarket informaci&oacute;n tributaria relevante (incluido un n&uacute;mero de VAT v&aacute;lido asociado al Cliente y/o a cualquier Artesano independiente de la comida, siempre y cuando sea obligatorio obtener un n&uacute;mero VAT para el Cliente y/o Artesano independiente de la comida en virtud de las leyes aplicables. El Cliente adem&aacute;s reconoce y acepta que el Cliente y cada uno de sus Artesanos independientes de la comida asumen la responsabilidad fiscal por cuenta propia en relaci&oacute;n a la ejecuci&oacute;n de los Servicios de alimentaci&oacute;n. Independientemente de cualquier disposici&oacute;n que establezca lo contrario en este Contrato, FoodMarket puede, a su entera discreci&oacute;n, seg&uacute;n las consideraciones legislativas y tributarias aplicables, cobrar y remitir impuestos inherentes a la prestaci&oacute;n de los Servicios de alimentaci&oacute;n por parte del Cliente y/o proporcionar cualquier fiscal que el Cliente y/o el Artesano independiente de la comida hayan proporcionado en virtud de los requisitos mencionados en la Secci&oacute;n 4.8 directamente a las autoridades tributarias gubernamentales pertinentes y/o a cualquier representante del Artesano independiente de la comida, o de otra manera.</p>\r\n<ol start=\"5\">\r\n<li><strong> Derechos de propiedad;</strong></li>\r\n</ol>\r\n<p>Licencia</p>\r\n<p style=\"padding-left: 30px;\">5.1. Otorgamiento de licencia. Con sujeci&oacute;n a los t&eacute;rminos y condiciones del presente Contrato, FoodMarket otorga por el presente al Cliente una licencia no exclusiva, libre de derechos de autor, no transferible, no sublicenciable, intransferible, durante el per&iacute;odo de vigencia del presente Contrato, para utilizar (y permitir a sus Artesanos de la Comida utilizar) la Aplicaci&oacute;nen relaci&oacute;n con la disposici&oacute;n establecida por FoodMarket de los Servicios FoodMarket &uacute;nicamente para el prop&oacute;sito de ofrecer Servicios de alimentaci&oacute;n a Usuarios y localizar las Tarifas y Tasas resultantes. FoodMarket, sus Afiliados y sus respectivos licenciatarios se reservan todos los derechos no expresamente otorgados al Cliente.</p>\r\n<p>5.2. Restricciones.</p>\r\n<p style=\"padding-left: 30px;\">El Cliente no deber&aacute;, ni deber&aacute; permitir a ninguna otra parte: (a) licenciar, sublicenciar, vender, revender, transferir, ceder, distribuir o entregar u ofrecer de otro modo a ninguna otra parte los Servicios FoodMarket, la Aplicaci&oacute;no cualquier otro Dispositivo de FoodMarket en ning&uacute;n modo; (b) modificar o realizar tareas derivativas basadas en los Servicios FoodMarket o la Aplicaci&oacute;n; (c) utilizar indebidamente los Servicios FoodMarket o la Aplicaci&oacute;n, incluida la creaci&oacute;n de &ldquo;enlaces&rdquo; de Internet a cualquier parte de los Servicios FoodMarket o la Aplicaci&oacute;n, realizar integraci&oacute;n &ldquo;a trav&eacute;s de marcos&rdquo; o &ldquo;mirroring&rdquo; de cualquier parte de los Servicios FoodMarket o la Aplicaci&oacute;no cualquier otra p&aacute;gina web o sistema; o realizar &ldquo;copias de contenidos&rdquo; u obtener indebidamente de otro modo datos de los Servicios FoodMarket o la Aplicaci&oacute;n; (d) realizar ingenier&iacute;a de inversi&oacute;n, descompilar, modificar o desensamblar los Servicios FoodMarket o la Aplicaci&oacute;n, excepto en la medida permitida por la legislaci&oacute;n aplicable; o bien, (e) enviar mensajes de spam o de otro modo duplicativos o no solicitados. Adem&aacute;s, el Cliente no deber&aacute; ni permitir&aacute; a ninguna otra parte, acceder o utilizar los Servicios FoodMarket o la Aplicaci&oacute;npara: (i) dise&ntilde;ar o crear un producto o servicio competitivo o sustancialmente similar; (ii) copiar o extraer funciones, funcionalidad o contenido de los mismos; (iii) lanzar o facilitar el lanzamiento en o en relaci&oacute;n con los Servicios FoodMarket un programa automatizado o script, incluidos web spiders, crawlers, robots, indexadores, bots, virus o gusanos, as&iacute; como cualquier otro programa que pudiera realizar varias peticiones de servidor por segundo o perturbar o impedir indebidamente el funcionamiento y/o la ejecuci&oacute;n de los Servicios FoodMarket; o bien (iv) intentar obtener acceso no autorizado a los Servicios FoodMarket o a sus sistemas o redes relacionados, todo excepto en la medida en que dichas acciones deban ser permitidas por la legislaci&oacute;n holandesa. 5.3. Titularidad. Los Servicios FoodMarket, la Aplicaci&oacute;n y los Datos FoodMarket, incluidos todos los derechos de propiedad intelectual en los mismos y los Dispositivos FoodMarket son y seguir&aacute;n siendo propiedad de FoodMarket, sus Afiliados o sus licenciatarios respectivos. Ni el presente Contrato ni el uso que el Cliente hace de los Servicios FoodMarket, la Aplicaci&oacute;no los Datos FoodMarket ofrece u otorga ning&uacute;n derecho: (a) sobre o en relaci&oacute;n con los Servicios FoodMarket, la Aplicaci&oacute;n o los Datos FoodMarket, excepto en cuanto a la licencia limitada otorgada anteriormente; o bien (b) a utilizar o mencionar en cualquier modo a FoodMarket, sus Afiliados o los nombres de empresa de sus respectivos licenciatarios, logotipos, nombres de producto y servicio, marcas comerciales, marcas de servicio u otros indicios de titularidad.</p>\r\n<ol start=\"6\">\r\n<li><strong> Confidencialidad </strong></li>\r\n</ol>\r\n<p style=\"padding-left: 30px;\">6.1. Cada una de las partes reconoce y acepta que en el ejercicio del presente Contrato podr&iacute;a tener acceso o estar expuesta, ya sea de forma directa o indirecta, a informaci&oacute;n confidencial de la otra parte (&ldquo;Informaci&oacute;n confidencial&rdquo;). La Informaci&oacute;n confidencial incluye Datos de FoodMarket, ID del artesano independiente de la comida, Informaci&oacute;n de usuario y el volumen de transacciones, planes de marketing y actividad comercial, informaci&oacute;n de actividad comercial, t&eacute;cnica, operativa y otra informaci&oacute;n no p&uacute;blica distinta de cada parte (ya se revele por escrito u oralmente) que dicha parte designe como informaci&oacute;n privada o confidencial o informaci&oacute;n que la otra parte conozca razonablemente que deba tratarse en confidencialidad.</p>\r\n<p style=\"padding-left: 30px;\">6.2. Cada una de las partes reconoce y acepta que: (a) toda la Informaci&oacute;n confidencial deber&aacute; permanecer en propiedad exclusiva de la parte reveladora; (b) no debe utilizar la Informaci&oacute;n confidencial de la otra parte para ning&uacute;n otro prop&oacute;sito excepto para el cumplimiento del presente Contrato; (c) no debe revelar Informaci&oacute;n confidencial de la otra parte a ninguna tercera parte, excepto a sus empleados, representantes, contratistas, agentes y proveedores de servicios (&ldquo;Personas autorizadas&rdquo;) seg&uacute;n sea necesario para operar conforme al presente Contrato, siempre que las Personas autorizadas est&eacute;n vinculadas por escrito a las obligaciones de confidencialidad y no utilizaci&oacute;n de la Informaci&oacute;n confidencial de forma menos cuidadosa que la establecida en los t&eacute;rminos del presente documento; y (d) deber&aacute; devolver o destruir toda la Informaci&oacute;n confidencial de la parte reveladora a la extinci&oacute;n del presente Contrato o a petici&oacute;n de la otra parte (con sujeci&oacute;n a la legislaci&oacute;n aplicable y en relaci&oacute;n con FoodMarket, sus requisitos internos de conservaci&oacute;n de registros).</p>\r\n<p style=\"padding-left: 30px;\">6.3. Sin perjuicio de lo antedicho, la Informaci&oacute;n confidencial no incluir&aacute; ninguna informaci&oacute;n en la medida en que: (a) sea o se convierta en dominio p&uacute;blico a trav&eacute;s de ning&uacute;n acto u omisi&oacute;n por parte de la parte receptora; (b) sea pose&iacute;da por la parte receptora antes de la fecha de este Contrato sin ninguna obligaci&oacute;n de confidencialidad; (c) sea revelada a la parte receptora por una tercera parte que no est&eacute; sujeta a ninguna obligaci&oacute;n de confidencialidad en relaci&oacute;n a la misma; o bien, (d) deba ser revelada conforme a la legislaci&oacute;n vigente, por orden de un tribunal, medida cautelar u orden de una autoridad gubernamental, siempre que la parte receptora notifique a la parte reveladora de ello y conceda a la parte reveladora una oportunidad razonable para contestar o limitar dicha revelaci&oacute;n requerida. 7. Privacidad. Con sujeci&oacute;n a todas las legislaciones aplicables, FoodMarket puede proporcionar a una tercera parte cualquier informaci&oacute;n (incluidos datos personales y cualquier Dato FoodMarket) sobre los Artesanos de la Comida establecida aqu&iacute; si: (a) se produce una reclamaci&oacute;n, disputa o conflicto, incluido un accidente, entre un Artesano independiente de la comida y un Usuario; (b) es necesario hacer valer los t&eacute;rminos del Contrato; (c) es obligatorio, a exclusiva discreci&oacute;n de FoodMarket o de cualquier Afiliado, por la legislaci&oacute;n o reglamento aplicable; (d) es necesario, a exclusiva discreci&oacute;n de FoodMarket o de cualquier Afiliado para (1) velar por la seguridad, los derechos, la propiedad o protecci&oacute;n de la Empresa, de los Servicios FoodMarket o de cualquier tercera parte, (2) detectar, prevenir o abordar de otro modo el fraude, la seguridad o los problemas t&eacute;cnicos, y/o (3) impedir o detener la actividad que FoodMarket o cualquiera de sus Afiliados, a su &uacute;nica discreci&oacute;n, considere que es o pudiera constituir un riesgo de ser ilegal, no &eacute;tica o enjuiciable desde un punto de vista legal; o bien (e) se establece o requiere, a entera discreci&oacute;n de FoodMarket o cualquier Afiliado, para conformar un seguro o para cualquier otro fin en relaci&oacute;n a la capacidad del Cliente y/o el Artesano independiente de la comida de cualificar, o continuar cumpliendo los requisitos, para hacer uso de los Servicios de FoodMarket. El Cliente entiende que FoodMarket podr&aacute; retener los datos personales del Cliente y/o del Artesano independiente de la comida o Artesanos de la Comida con fines de cumplimiento legal, reglamentario, de seguridad y con otros fines necesarios con posterioridad a la extinci&oacute;n del presente Contrato. FoodMarket procesa datos personales (incluidos los mencionados en el Apartado 2.8 anterior) de conformidad con su pol&iacute;tica de privacidad ubicada en www.FoodMarket.com/legal.</p>\r\n<ol start=\"8\">\r\n<li>Seguros</li>\r\n</ol>\r\n<p style=\"padding-left: 30px;\">8.1. El Cliente <strong>se compromete a mantener durante el per&iacute;odo de vigencia del presente Contrato un seguro de responsabilidad para los Artesanos Independientes de la Comida</strong>, de modo que ofrezcan protecci&oacute;n frente a las lesiones f&iacute;sicas y da&ntilde;os a la propiedad de terceras partes a unos niveles de cobertura que cumplan todas las leyes aplicables en el Territorio. Esta cobertura tambi&eacute;n debe incluir cualquier cobertura contra todo riesgo requerida por la ley en el Territorio a la que un asegurado no pueda renunciar.</p>\r\n<p style=\"padding-left: 30px;\">8.2. El Cliente se compromete a mantener durante el per&iacute;odo de vigencia del presente Contrato un seguro de responsabilidad general que ofrezca protecci&oacute;n frente a lesiones personales, da&ntilde;os por publicidad negativa y da&ntilde;os a la propiedad ante terceras partes a los niveles de cobertura requeridos por la legislaci&oacute;n vigente en el Territorio.</p>\r\n<p style=\"padding-left: 30px;\">8.3. El Cliente se compromete a mantener durante el per&iacute;odo de vigencia del presente Contrato el seguro de compensaci&oacute;n para los trabajadores seg&uacute;n lo requerido por todas las legislaciones aplicables en el Territorio. Si as&iacute; lo permite la legislaci&oacute;n aplicable, el Cliente puede optar por asegurarse frente a da&ntilde;os contra la propiedad industrial manteniendo un seguro de accidentes laborales en lugar de un seguro para compensaci&oacute;n de trabajadores. Los subcontratistas tambi&eacute;n podr&aacute;n mantener, hasta el m&aacute;ximo permitido por la legislaci&oacute;n aplicable, un seguro de accidentes laborales en lugar del seguro para compensaci&oacute;n de trabajadores.</p>\r\n<p style=\"padding-left: 30px;\">8.4. El Cliente deber&aacute; agregar a FoodMarket (o a cualquier Afiliado que pueda ser designado por FoodMarket de cuando en cuando) a las p&oacute;lizas de seguros del Cliente requeridas en los Apartados 8.1 y 8.2 anteriores como tomador adicional y deber&aacute;, a petici&oacute;n de FoodMarket, proporcionar a FoodMarket una copia de dicho(s) certificado(s) de seguros en un plazo de siete (7) d&iacute;as a contar desde dicha petici&oacute;n.</p>\r\n<ol start=\"9\">\r\n<li>Declaraciones y garant&iacute;as;</li>\r\n</ol>\r\n<p style=\"padding-left: 30px;\">Casos de exclusi&oacute;n</p>\r\n<p style=\"padding-left: 30px;\">9.1. Por el Cliente. Por el presente, el Cliente declara y garantiza que: (a) tiene todo el poder y autoridad para celebrar el presente Contrato y cumplir sus obligaciones aqu&iacute; establecidas; (b) est&aacute; debidamente organizado, v&aacute;lidamente constituido y en cumplimiento de las legislaciones de su jurisdicci&oacute;n de origen; (c) no ha celebrado, y durante el per&iacute;odo de vigencia no celebrar&aacute;, ning&uacute;n contrato que le impida cumplir el presente Contrato; (d) cumplir&aacute; todas las legislaciones vigentes en su ejecuci&oacute;n del presente Contrato, incluida la titularidad y el cumplimiento de todos los permisos, licencias, registros y otras autorizaciones gubernamentales necesarios para la prestaci&oacute;n de (i) Servicios de alimentaci&oacute;n utilizando los Artesanos de la Comida y Veh&iacute;culos de conformidad con el presente Contrato, y (ii) Servicios de alimentaci&oacute;n de pasajeros a terceras partes en el Territorio en general; y (e) requerir&aacute; a todos los Artesanos de la Comidas cumplir el &ldquo;Anexo del Artesano de la Comida&rdquo;, los t&eacute;rminos y condiciones aplicables establecidos en el presente Contrato y todas las legislaciones aplicables.</p>\r\n<p>9.2. Exenci&oacute;n de garant&iacute;as.</p>\r\n<p style=\"padding-left: 30px;\">FoodMarket ofrece y el Cliente acepta los Servicios FoodMarket, aplicaci&oacute;n m&oacute;vil Food Market y los Dispositivos FoodMarket en un estado &ldquo;tal cual&rdquo; y &ldquo;seg&uacute;n disponibilidad&rdquo;. FoodMarket no declara ni garantiza que el acceso del Cliente o de cualquier Artesano de la Comida a los Servicios FoodMarket, la aplicaci&oacute;n m&oacute;vil o los Dispositivos FoodMarket, as&iacute; como el uso que ellos hacen de los mismos: (a) se producir&aacute; de forma ininterrumpida o sin errores; o bien, (b) resulte en cualquier petici&oacute;n de Servicios de alimentaci&oacute;n. FoodMarket funciona como un servicio de captaci&oacute;n de clientes sobre demanda y exclusivamente como servicio relacionado y no realiza ninguna declaraci&oacute;n ni otorga garant&iacute;a con respecto a los actos u omisiones de los Usuarios quienes puedan solicitar o recibir Servicios de alimentaci&oacute;n o de cualquier Artesano independiente de la comida conforme a los t&eacute;rminos aqu&iacute; establecidos, y FoodMarket no necesita controlar o evaluar de otro modo a los Usuarios. Mediante el uso de los Servicios FoodMarket y la Aplicaci&oacute;n, el Cliente reconoce y acepta que el Cliente o un Artesano independiente de la comida puede ser presentado a una tercera parte (incluidos Usuarios) que pueda constituir un peligro o riesgo para el Cliente, un Artesano independiente de la comida u otra tercera parte. Se recomienda a los Clientes y los Artesanos de la Comida que tomen las medidas de precauci&oacute;n razonables con respecto a las interacciones con terceras partes conocidas en relaci&oacute;n con el uso de los Servicios FoodMarket o la a la aplicaci&oacute;n. Sin perjuicio de la designaci&oacute;n de FoodMarket como agente de cobros limitado del Cliente con la finalidad de aceptar pagos de Usuarios en nombre del Cliente seg&uacute;n lo establecido en el Apartado 4 anterior, FoodMarket renuncia expresamente toda responsabilidad por cualquier acto u omisi&oacute;n del Cliente, cualquier Artesano independiente de la comida, cualquier Usuario u otra tercera parte.</p>\r\n<p style=\"padding-left: 30px;\">9.3. Ninguna garant&iacute;a de servicio. FoodMarket no garantiza la disponibilidad o el tiempo de actividad de los Servicios FoodMarket y sus aplicaciones. El Cliente reconoce y acepta que los Servicios FoodMarket o la Aplicaci&oacute;npodr&iacute;an estar fuera de servicio en cualquier momento y por cualquier motivo (p. ej., debido a un mantenimiento programado o fallo de red). Adem&aacute;s, los Servicios FoodMarket o la Aplicaci&oacute;npueden estar sujetos a limitaciones, retrasos u otros problemas inherentes al uso de Internet y la comunicaci&oacute;n electr&oacute;nica, y FoodMarket no se hace responsable de ninguna demora, fallos de entrega u otros da&ntilde;os, responsabilidades o p&eacute;rdidas resultantes de dichos problemas.</p>\r\n<ol start=\"10\">\r\n<li><strong> Indemnizaci&oacute;n</strong></li>\r\n</ol>\r\n<p style=\"padding-left: 30px;\">10.1. El Cliente debe indemnizar, defender (a discreci&oacute;n de FoodMarket) y eximir de responsabilidad a FoodMarket y sus Afiliados y responsables, directores, empleados, agentes, sucesores y cesionarios respectivos de y frente a cualquier y todas las responsabilidades, gastos (incluidas tasas legales), da&ntilde;os, penalizaciones, multas, aportaciones a la seguridad social e impuestos derivados de o relacionados con: (a) el incumplimiento del Cliente de sus declaraciones, garant&iacute;as u obligaciones de conformidad con el presente Contrato; o bien, (b) una reclamaci&oacute;n por una tercera parte (incluidos los Usuarios, los organismos reguladores y las autoridades gubernamentales) directa o indirectamente relacionados con la disposici&oacute;n del Cliente de los Servicios de alimentaci&oacute;n o el uso de los Servicios FoodMarket.</p>\r\n<p style=\"padding-left: 30px;\">10.2. Al igual que sucede entre el Cliente y FoodMarket, el Cliente es y deber&aacute; ser el &uacute;nico responsable de la prestaci&oacute;n de los Servicios de alimentaci&oacute;n. Como tal, el Cliente debe indemnizar, defender (a discreci&oacute;n de FoodMarket) y eximir de responsabilidad a FoodMarket y sus Afiliados y responsables, directores, empleados, agentes, sucesores y cesionarios respectivos de y frente a cualquier y todas las responsabilidades, gastos (incluidas tasas legales), da&ntilde;os, penalizaciones, multas, aportaciones a la seguridad social e impuestos derivados de (directa o indirectamente) o relacionados con la prestaci&oacute;n de los Servicios de alimentaci&oacute;n o el uso de los Servicios FoodMarket por parte de sus Artesano de la comida.</p>\r\n<ol start=\"11\">\r\n<li><strong> L&iacute;mites de responsabilidad.</strong></li>\r\n</ol>\r\n<p style=\"padding-left: 30px;\">Ni FoodMarket ni sus Afiliados ser&aacute;n responsables conforme al presente Contrato o en relaci&oacute;n a &eacute;l por cualquiera de los siguientes aspectos, ya sea bas&aacute;ndose en el Contrato, agravio u otro fundamento legal, incluso si una parte ha sido avisada de la posibilidad de dichos da&ntilde;os: (i) cualquier da&ntilde;o incidental, punitivo, especial, ejemplar, resultante o cualquier otro tipo de da&ntilde;o indirecto; o bien (ii) da&ntilde;os a la propiedad del Cliente, el Artesano independiente de la comida o cualquier tercera parte o p&eacute;rdida o inexactitud de datos, o bien, p&eacute;rdida de actividades comerciales, beneficios, uso u otra ventaja econ&oacute;mica. Excepto en cuanto a las obligaciones de FoodMarket de pagar importes adeudados al Cliente de conformidad con el Apartado 4 anterior, aunque con sujeci&oacute;n a las limitaciones u otras disposiciones contenidas en el presente Contrato que sean aplicables aqu&iacute;, en ning&uacute;n caso la responsabilidad de FoodMarket o sus Afiliados con arreglo al presente Contrato exceder&aacute; el importe de las Tasas de servicio realmente abonadas o adeudadas a FoodMarket por las presentes disposiciones en el per&iacute;odo de seis (6) meses inmediatamente precedentes al acontecimiento que haya dado lugar a dicha reclamaci&oacute;n. El Cliente reconoce y acepta que cualquier reclamaci&oacute;n que tenga el Cliente o que pretenda tener ante FoodMarket o sus Afiliados deber&aacute; notificarse a FoodMarket y/o a sus Afiliados en un plazo de un (1) a&ntilde;o a contar desde el acontecimiento o acontecimientos que hayan dado lugar a dicha reclamaci&oacute;n y que el Cliente renuncia a todos los derechos con respecto a dicha reclamaci&oacute;n y el Cliente no act&uacute;a de ese modo. Estas limitaciones no suponen ninguna limitaci&oacute;n de responsabilidad que no pueda excluirse por la legislaci&oacute;n aplicable.</p>\r\n<ol start=\"12\">\r\n<li><strong> Plazo y resoluci&oacute;n o rescisi&oacute;n</strong></li>\r\n</ol>\r\n<p>12.1. Plazo.</p>\r\n<p style=\"padding-left: 30px;\">El presente Contrato comenzar&aacute; en la fecha en la que el Contrato se ha ejecutado por el Cliente (electr&oacute;nicamente o de otro modo) y seguir&aacute; teniendo vigencia hasta su fecha de extinci&oacute;n conforme a lo establecido en el presente Contrato.</p>\r\n<p>12.2. Rescisi&oacute;n.</p>\r\n<p style=\"padding-left: 30px;\">Cada una de las partes podr&aacute; rescindir este Contrato: (a) sin necesidad de presentar ning&uacute;n motivo con siete (7) d&iacute;as de preaviso a la otra parte; (b) inmediatamente, sin preaviso, por incumplimiento sustancial del presente Contrato por la otra parte; o bien (c) de inmediato, sin preaviso, en caso de concurso de acreedores o declaraci&oacute;n de insolvencia de la otra parte, o cuando la otra parte env&iacute;e o presente una solicitud de suspensi&oacute;n de pagos (o cualquier otra actuaci&oacute;n o acontecimiento similar) ante la parte rescindidora. Adem&aacute;s, FoodMarket podr&aacute; rescindir el presente Contrato o desactivar al Cliente o a un Artesano de la Comida determinado de inmediato, sin preaviso, en relaci&oacute;n al Cliente y/o a cualquier Artesano de la Comida si el Cliente y/o cualquier Artesano de la Comida, en caso de que deje de estar capacitado conforme a la legislaci&oacute;n vigente o las normas y pol&iacute;ticas de FoodMarket para prestar Servicios de alimentaci&oacute;n o para operar, o como se establezca de otro modo en el presente Contrato.</p>\r\n<p>12.3. Efecto de la rescisi&oacute;n.</p>\r\n<p style=\"padding-left: 30px;\">Al rescindirse el Contrato, el Cliente y todos los Artesanos de la Comida, seg&uacute;n sea aplicable, deber&aacute;n: (a) borrar y eliminar completamente las aplicaciones Food Market de cualquier Dispositivo proporcionado al artesano independiente de la comida. Las obligaciones de pago pendientes y los Apartados 1, 2.3, 2.5, 2.6.3, 4.7, 4.8, 5.3, 6, 7, 9, 10, 11, 12.3, 13, 14 y 15 seguir&aacute;n teniendo vigencia posteriormente a la rescisi&oacute;n del presente Contrato.</p>\r\n<ol start=\"13\">\r\n<li><strong> Relaci&oacute;n de las Partes</strong></li>\r\n</ol>\r\n<p style=\"padding-left: 30px;\">13.1. Excepto en lo expresamente dispuesto en el presente documento en relaci&oacute;n a FoodMarket actuando como agente de cobros de','Términos y Condiciones - Artesanos de la comida','Versión 1.3','','fa-pencil-square','bottom2',1,'publish','2016-12-13 19:23:34','2017-01-18 00:00:00','186.176.135.203',1,1);
/*!40000 ALTER TABLE `ka_custom_page` ENABLE KEYS */;
UNLOCK TABLES;

--
-- Table structure for table `ka_dishes`
--

DROP TABLE IF EXISTS `ka_dishes`;
/*!40101 SET @saved_cs_client     = @@character_set_client */;
/*!40101 SET character_set_client = utf8 */;
CREATE TABLE `ka_dishes` (
  `dish_id` int(14) NOT NULL AUTO_INCREMENT,
  `dish_name` varchar(255) DEFAULT NULL,
  `photo` varchar(255) DEFAULT NULL,
  `status` varchar(100) DEFAULT NULL,
  `date_created` datetime DEFAULT NULL,
  `date_modified` datetime DEFAULT NULL,
  `ip_address` varchar(100) DEFAULT NULL,
  PRIMARY KEY (`dish_id`)
) ENGINE=InnoDB DEFAULT CHARSET=utf8;
/*!40101 SET character_set_client = @saved_cs_client */;

--
-- Dumping data for table `ka_dishes`
--

LOCK TABLES `ka_dishes` WRITE;
/*!40000 ALTER TABLE `ka_dishes` DISABLE KEYS */;
/*!40000 ALTER TABLE `ka_dishes` ENABLE KEYS */;
UNLOCK TABLES;

--
-- Table structure for table `ka_driver`
--

DROP TABLE IF EXISTS `ka_driver`;
/*!40101 SET @saved_cs_client     = @@character_set_client */;
/*!40101 SET character_set_client = utf8 */;
CREATE TABLE `ka_driver` (
  `driver_id` int(14) NOT NULL AUTO_INCREMENT,
  `user_type` varchar(50) DEFAULT NULL,
  `user_id` int(14) DEFAULT NULL,
  `on_duty` int(1) NOT NULL DEFAULT '1',
  `first_name` varchar(255) DEFAULT NULL,
  `last_name` varchar(255) DEFAULT NULL,
  `email` varchar(100) DEFAULT NULL,
  `phone` varchar(20) DEFAULT NULL,
  `username` varchar(100) DEFAULT NULL,
  `password` varchar(100) DEFAULT NULL,
  `team_id` int(14) DEFAULT NULL,
  `transport_type_id` varchar(50) DEFAULT NULL,
  `transport_description` varchar(255) DEFAULT NULL,
  `licence_plate` varchar(255) DEFAULT NULL,
  `color` varchar(255) DEFAULT NULL,
  `status` varchar(255) NOT NULL DEFAULT 'active',
  `date_created` datetime DEFAULT NULL,
  `date_modified` datetime DEFAULT NULL,
  `last_login` datetime DEFAULT NULL,
  `last_online` int(14) DEFAULT NULL,
  `location_address` text,
  `location_lat` varchar(50) DEFAULT NULL,
  `location_lng` varchar(50) DEFAULT NULL,
  `ip_address` varchar(50) DEFAULT NULL,
  `forgot_pass_code` varchar(10) DEFAULT NULL,
  `token` varchar(255) DEFAULT NULL,
  `device_id` text,
  `device_platform` varchar(50) NOT NULL DEFAULT 'Android',
  `enabled_push` int(1) NOT NULL DEFAULT '1',
  PRIMARY KEY (`driver_id`),
  KEY `team_id` (`team_id`),
  KEY `user_type` (`user_type`),
  KEY `user_id` (`user_id`),
  KEY `status` (`status`)
) ENGINE=InnoDB AUTO_INCREMENT=4 DEFAULT CHARSET=utf8;
/*!40101 SET character_set_client = @saved_cs_client */;

--
-- Dumping data for table `ka_driver`
--

LOCK TABLES `ka_driver` WRITE;
/*!40000 ALTER TABLE `ka_driver` DISABLE KEYS */;
INSERT INTO `ka_driver` VALUES (1,'admin',1,1,'Test','driver','digital@buzz.cr','+50688931526','driver1','e10adc3949ba59abbe56e057f20f883e',2,'bike','Demo driver','','#702c2c','active','2016-11-10 16:10:41','2016-12-05 07:03:10','2017-01-14 15:15:44',1484428544,'','9.9794454','-84.07976','138.197.130.77','','eddee14b2a21ceda206cf2597d05078b','null','null',1),(2,'merchant',1,1,'ANDRES','MARTIN','andres@buzz.cr','+50688931526','cocinamarco','4b487d5066aabc9c37dbff120eb306fb',1,'bike','Cleta Roja','','','active','2016-11-17 01:07:12','2016-12-01 17:14:57','2016-12-05 07:02:16',1480942652,'','9.9053653','-84.0278537','186.64.150.120','','a287c7e3406bb898c6d5ea80ce210a64','eTbE1E9iYqI:APA91bE7PqHfJJffwx7uY-ZKMEpBzffmhuRQx01pDzFwq3lQU2B1KjT6j3fYgYQBwe2PJhbKF3gAps-xZt-amH59xPvgBK-6tDxTYeHqzrmfZT0vs7W4_ojkTOA8bz9IoM1B_GvYB3ZF','Android',1),(3,'merchant',11,1,'Andrés','Martín','digital@buzz.cr','+50688931526','amarting202','feffe6307a7da58e93eff769cd3ce959',6,'bike','','','','active','2016-12-05 08:21:43','2017-01-18 23:04:26','2017-01-25 09:09:15',1485356955,'','9.9053627','-84.0278567','186.15.170.103','','6466f01885b6c5bd517763f2554c7c50','e0ayww-I5ks:APA91bEqgnM9xG-omCWwf7hhUYV9CQZTUavd1kSiRtztsD6rlx1v0SmoF8qWvESk1pi5M5J3KgkkI7AfmUc9E5CZtYUkokX4FgA2rBPJ51AGkOXbmBKr86ECP-Jb4k9TbGiXTJNLzHyx','Android',1);
/*!40000 ALTER TABLE `ka_driver` ENABLE KEYS */;
UNLOCK TABLES;

--
-- Table structure for table `ka_driver_assignment`
--

DROP TABLE IF EXISTS `ka_driver_assignment`;
/*!40101 SET @saved_cs_client     = @@character_set_client */;
/*!40101 SET character_set_client = utf8 */;
CREATE TABLE `ka_driver_assignment` (
  `assignment_id` int(14) NOT NULL AUTO_INCREMENT,
  `auto_assign_type` varchar(50) DEFAULT NULL,
  `task_id` int(14) DEFAULT NULL,
  `driver_id` int(14) DEFAULT NULL,
  `first_name` varchar(255) DEFAULT NULL,
  `last_name` varchar(255) DEFAULT NULL,
  `status` varchar(100) NOT NULL DEFAULT 'pending',
  `task_status` varchar(255) NOT NULL DEFAULT 'unassigned',
  `date_created` datetime DEFAULT NULL,
  `date_process` datetime DEFAULT NULL,
  `ip_address` varchar(50) DEFAULT NULL,
  PRIMARY KEY (`assignment_id`)
) ENGINE=InnoDB AUTO_INCREMENT=3 DEFAULT CHARSET=utf8;
/*!40101 SET character_set_client = @saved_cs_client */;

--
-- Dumping data for table `ka_driver_assignment`
--

LOCK TABLES `ka_driver_assignment` WRITE;
/*!40000 ALTER TABLE `ka_driver_assignment` DISABLE KEYS */;
INSERT INTO `ka_driver_assignment` VALUES (1,'send_to_all',100008,1,'Test','driver','process','acknowledged','2016-12-13 16:30:07','2016-12-13 16:30:09','186.64.150.120'),(2,'send_to_all',100009,1,'Test','driver','process','acknowledged','2016-12-14 19:16:55','2016-12-14 19:16:56','201.194.87.49');
/*!40000 ALTER TABLE `ka_driver_assignment` ENABLE KEYS */;
UNLOCK TABLES;

--
-- Table structure for table `ka_driver_bulk_push`
--

DROP TABLE IF EXISTS `ka_driver_bulk_push`;
/*!40101 SET @saved_cs_client     = @@character_set_client */;
/*!40101 SET character_set_client = utf8 */;
CREATE TABLE `ka_driver_bulk_push` (
  `bulk_id` int(14) NOT NULL AUTO_INCREMENT,
  `push_title` varchar(255) DEFAULT NULL,
  `push_message` text,
  `status` varchar(255) NOT NULL DEFAULT 'pending',
  `date_created` datetime DEFAULT NULL,
  `date_process` datetime DEFAULT NULL,
  `ip_address` varchar(50) DEFAULT NULL,
  PRIMARY KEY (`bulk_id`)
) ENGINE=InnoDB AUTO_INCREMENT=3 DEFAULT CHARSET=utf8;
/*!40101 SET character_set_client = @saved_cs_client */;

--
-- Dumping data for table `ka_driver_bulk_push`
--

LOCK TABLES `ka_driver_bulk_push` WRITE;
/*!40000 ALTER TABLE `ka_driver_bulk_push` DISABLE KEYS */;
INSERT INTO `ka_driver_bulk_push` VALUES (1,'Pedido','Ayuda maes!','process','2016-11-17 11:43:07','2016-12-13 15:43:10','186.64.150.120'),(2,'Pedido','Ayuda maes!','process','2016-11-17 11:43:21','2016-12-13 15:43:18','186.64.150.120');
/*!40000 ALTER TABLE `ka_driver_bulk_push` ENABLE KEYS */;
UNLOCK TABLES;

--
-- Temporary table structure for view `ka_driver_order_view`
--

DROP TABLE IF EXISTS `ka_driver_order_view`;
/*!50001 DROP VIEW IF EXISTS `ka_driver_order_view`*/;
SET @saved_cs_client     = @@character_set_client;
SET character_set_client = utf8;
/*!50001 CREATE VIEW `ka_driver_order_view` AS SELECT 
 1 AS `order_id`,
 1 AS `client_id`,
 1 AS `device_platform`,
 1 AS `device_id`,
 1 AS `enabled_push`,
 1 AS `status`,
 1 AS `client_name`*/;
SET character_set_client = @saved_cs_client;

--
-- Table structure for table `ka_driver_pushlog`
--

DROP TABLE IF EXISTS `ka_driver_pushlog`;
/*!40101 SET @saved_cs_client     = @@character_set_client */;
/*!40101 SET character_set_client = utf8 */;
CREATE TABLE `ka_driver_pushlog` (
  `push_id` int(14) NOT NULL AUTO_INCREMENT,
  `device_platform` varchar(50) DEFAULT NULL,
  `device_id` text,
  `push_title` varchar(255) DEFAULT NULL,
  `push_message` varchar(255) DEFAULT NULL,
  `push_type` varchar(50) NOT NULL DEFAULT 'task',
  `actions` varchar(255) DEFAULT NULL,
  `status` varchar(255) NOT NULL DEFAULT 'pending',
  `json_response` text,
  `order_id` int(14) DEFAULT NULL,
  `driver_id` int(14) DEFAULT NULL,
  `task_id` int(14) DEFAULT NULL,
  `date_created` datetime DEFAULT NULL,
  `date_process` datetime DEFAULT NULL,
  `ip_address` varchar(50) DEFAULT NULL,
  `is_read` int(1) DEFAULT '2',
  `bulk_id` int(14) DEFAULT NULL,
  PRIMARY KEY (`push_id`),
  KEY `device_platform` (`device_platform`),
  KEY `status` (`status`),
  KEY `order_id` (`order_id`),
  KEY `task_id` (`task_id`)
) ENGINE=InnoDB AUTO_INCREMENT=16 DEFAULT CHARSET=utf8;
/*!40101 SET character_set_client = @saved_cs_client */;

--
-- Dumping data for table `ka_driver_pushlog`
--

LOCK TABLES `ka_driver_pushlog` WRITE;
/*!40000 ALTER TABLE `ka_driver_pushlog` DISABLE KEYS */;
INSERT INTO `ka_driver_pushlog` VALUES (1,'null','null','Urgent task for driver1','This is a test task','private','private','API key is empty','',0,1,0,'2016-11-10 16:15:35','2016-11-10 16:15:35','192.80.138.16',1,0),(2,'Android','f1BihdU1K38:APA91bHIWqRC_ckSmmy5j1SBqhCu5A2xe6fabykS6cLDdk7gFRRHhzkBhm3Lbt8gAxSKV-1HvhYYXbaow3EGlK8gj6mhCLqEL8PiZGYcntjul5HOiu71bZq7oOqu-i2vLswZbAqkj3gp','Pedido','Ayuda maes!','bulk','bulk','API key is empty','',0,1,0,'2016-12-13 15:43:03','2016-12-13 15:43:12','186.64.150.120',2,1),(3,'Android','eTbE1E9iYqI:APA91bE7PqHfJJffwx7uY-ZKMEpBzffmhuRQx01pDzFwq3lQU2B1KjT6j3fYgYQBwe2PJhbKF3gAps-xZt-amH59xPvgBK-6tDxTYeHqzrmfZT0vs7W4_ojkTOA8bz9IoM1B_GvYB3ZF','Pedido','Ayuda maes!','bulk','bulk','API key is empty','',0,2,0,'2016-12-13 15:43:03','2016-12-13 15:43:12','186.64.150.120',2,1),(4,'Android','f1BihdU1K38:APA91bHIWqRC_ckSmmy5j1SBqhCu5A2xe6fabykS6cLDdk7gFRRHhzkBhm3Lbt8gAxSKV-1HvhYYXbaow3EGlK8gj6mhCLqEL8PiZGYcntjul5HOiu71bZq7oOqu-i2vLswZbAqkj3gp','Pedido','Ayuda maes!','bulk','bulk','API key is empty','',0,3,0,'2016-12-13 15:43:03','2016-12-13 15:43:12','186.64.150.120',2,1),(5,'Android','f1BihdU1K38:APA91bHIWqRC_ckSmmy5j1SBqhCu5A2xe6fabykS6cLDdk7gFRRHhzkBhm3Lbt8gAxSKV-1HvhYYXbaow3EGlK8gj6mhCLqEL8PiZGYcntjul5HOiu71bZq7oOqu-i2vLswZbAqkj3gp','Pedido','Ayuda maes!','bulk','bulk','API key is empty','',0,1,0,'2016-12-13 15:43:11','2016-12-13 15:43:12','186.64.150.120',2,2),(6,'Android','eTbE1E9iYqI:APA91bE7PqHfJJffwx7uY-ZKMEpBzffmhuRQx01pDzFwq3lQU2B1KjT6j3fYgYQBwe2PJhbKF3gAps-xZt-amH59xPvgBK-6tDxTYeHqzrmfZT0vs7W4_ojkTOA8bz9IoM1B_GvYB3ZF','Pedido','Ayuda maes!','bulk','bulk','API key is empty','',0,2,0,'2016-12-13 15:43:11','2016-12-13 15:43:12','186.64.150.120',2,2),(7,'Android','f1BihdU1K38:APA91bHIWqRC_ckSmmy5j1SBqhCu5A2xe6fabykS6cLDdk7gFRRHhzkBhm3Lbt8gAxSKV-1HvhYYXbaow3EGlK8gj6mhCLqEL8PiZGYcntjul5HOiu71bZq7oOqu-i2vLswZbAqkj3gp','Pedido','Ayuda maes!','bulk','bulk','API key is empty','',0,3,0,'2016-12-13 15:43:11','2016-12-13 15:43:12','186.64.150.120',2,2),(8,'Android','f1BihdU1K38:APA91bHIWqRC_ckSmmy5j1SBqhCu5A2xe6fabykS6cLDdk7gFRRHhzkBhm3Lbt8gAxSKV-1HvhYYXbaow3EGlK8gj6mhCLqEL8PiZGYcntjul5HOiu71bZq7oOqu-i2vLswZbAqkj3gp','pRUEBA','HOLA','private','private','API key is empty','',0,1,0,'2016-12-13 16:16:01','2016-12-13 16:16:01','186.64.150.120',2,0),(9,'Android','f1BihdU1K38:APA91bHIWqRC_ckSmmy5j1SBqhCu5A2xe6fabykS6cLDdk7gFRRHhzkBhm3Lbt8gAxSKV-1HvhYYXbaow3EGlK8gj6mhCLqEL8PiZGYcntjul5HOiu71bZq7oOqu-i2vLswZbAqkj3gp','ASSIGN TASK','','task','ASSIGN_TASK','API key is empty','',41,1,100007,'2016-12-13 16:21:11','2016-12-13 16:21:11','186.64.150.120',2,0),(10,'Android','f1BihdU1K38:APA91bHIWqRC_ckSmmy5j1SBqhCu5A2xe6fabykS6cLDdk7gFRRHhzkBhm3Lbt8gAxSKV-1HvhYYXbaow3EGlK8gj6mhCLqEL8PiZGYcntjul5HOiu71bZq7oOqu-i2vLswZbAqkj3gp','CANCEL TASK','','task','CANCEL_TASK','API key is empty','',41,1,100007,'2016-12-13 16:22:11','2016-12-13 16:22:11','186.64.150.120',2,0),(11,'Android','f1BihdU1K38:APA91bHIWqRC_ckSmmy5j1SBqhCu5A2xe6fabykS6cLDdk7gFRRHhzkBhm3Lbt8gAxSKV-1HvhYYXbaow3EGlK8gj6mhCLqEL8PiZGYcntjul5HOiu71bZq7oOqu-i2vLswZbAqkj3gp','ASSIGN TASK','','task','ASSIGN_TASK','API key is empty','',42,1,100008,'2016-12-13 16:30:09','2016-12-13 16:30:09','35.161.33.154',2,0),(12,'Android','f1BihdU1K38:APA91bHIWqRC_ckSmmy5j1SBqhCu5A2xe6fabykS6cLDdk7gFRRHhzkBhm3Lbt8gAxSKV-1HvhYYXbaow3EGlK8gj6mhCLqEL8PiZGYcntjul5HOiu71bZq7oOqu-i2vLswZbAqkj3gp','ASSIGN TASK','Se ha asignado un pedido, aceptalo / rechazalo aquí','task','ASSIGN_TASK','invalid response from push service','{\"success\":0,\"results\":[{\"error\":\"invalid response from push service\"}]}',43,1,100009,'2016-12-14 19:16:56','2016-12-14 19:16:57','35.161.33.154',2,0),(13,'null','null','Titulo','Desc push','private','private','Uknown device','',NULL,1,NULL,'2017-01-18 23:02:15','2017-01-18 23:02:15','186.64.149.93',2,NULL),(14,'Android','e0ayww-I5ks:APA91bEqgnM9xG-omCWwf7hhUYV9CQZTUavd1kSiRtztsD6rlx1v0SmoF8qWvESk1pi5M5J3KgkkI7AfmUc9E5CZtYUkokX4FgA2rBPJ51AGkOXbmBKr86ECP-Jb4k9TbGiXTJNLzHyx','Titulo','Push mensaje tuanis','private','private','process','{\"multicast_id\":8414310619586697358,\"success\":1,\"failure\":0,\"canonical_ids\":0,\"results\":[{\"message_id\":\"0:1484802288940585%ef03058ff9fd7ecd\"}]}',NULL,3,NULL,'2017-01-18 23:04:48','2017-01-18 23:04:48','186.64.149.93',2,NULL),(15,'Android','e0ayww-I5ks:APA91bEqgnM9xG-omCWwf7hhUYV9CQZTUavd1kSiRtztsD6rlx1v0SmoF8qWvESk1pi5M5J3KgkkI7AfmUc9E5CZtYUkokX4FgA2rBPJ51AGkOXbmBKr86ECP-Jb4k9TbGiXTJNLzHyx','ASSIGN TASK','Se ha asignado un pedido para entrega DeliveryDateTime, aceptalo / rechazalo aquí','task','ASSIGN_TASK','process','{\"multicast_id\":4686897041099228998,\"success\":1,\"failure\":0,\"canonical_ids\":0,\"results\":[{\"message_id\":\"0:1484806144423237%ef03058ff9fd7ecd\"}]}',72,3,100012,'2017-01-19 00:09:04','2017-01-19 00:09:04','186.64.149.93',2,NULL);
/*!40000 ALTER TABLE `ka_driver_pushlog` ENABLE KEYS */;
UNLOCK TABLES;

--
-- Table structure for table `ka_driver_task`
--

DROP TABLE IF EXISTS `ka_driver_task`;
/*!40101 SET @saved_cs_client     = @@character_set_client */;
/*!40101 SET character_set_client = utf8 */;
CREATE TABLE `ka_driver_task` (
  `task_id` int(14) NOT NULL AUTO_INCREMENT,
  `order_id` int(14) DEFAULT NULL,
  `user_type` varchar(100) DEFAULT NULL,
  `user_id` int(14) DEFAULT NULL,
  `task_description` varchar(255) DEFAULT NULL,
  `trans_type` varchar(255) DEFAULT NULL,
  `contact_number` varchar(50) DEFAULT NULL,
  `email_address` varchar(200) DEFAULT NULL,
  `customer_name` varchar(255) DEFAULT NULL,
  `delivery_date` datetime DEFAULT NULL,
  `delivery_address` varchar(255) DEFAULT NULL,
  `team_id` int(14) DEFAULT NULL,
  `driver_id` int(14) DEFAULT NULL,
  `task_lat` varchar(50) DEFAULT NULL,
  `task_lng` varchar(50) DEFAULT NULL,
  `customer_signature` varchar(255) DEFAULT NULL,
  `status` varchar(255) NOT NULL DEFAULT 'unassigned',
  `date_created` datetime DEFAULT NULL,
  `date_modified` datetime DEFAULT NULL,
  `ip_address` varchar(50) DEFAULT NULL,
  `auto_assign_type` varchar(50) DEFAULT NULL,
  `assign_started` datetime DEFAULT NULL,
  `assignment_status` varchar(255) DEFAULT NULL,
  PRIMARY KEY (`task_id`),
  KEY `order_id` (`order_id`),
  KEY `user_type` (`user_type`),
  KEY `user_id` (`user_id`),
  KEY `team_id` (`team_id`),
  KEY `driver_id` (`driver_id`)
) ENGINE=InnoDB AUTO_INCREMENT=100020 DEFAULT CHARSET=utf8;
/*!40101 SET character_set_client = @saved_cs_client */;

--
-- Dumping data for table `ka_driver_task`
--

LOCK TABLES `ka_driver_task` WRITE;
/*!40000 ALTER TABLE `ka_driver_task` DISABLE KEYS */;
INSERT INTO `ka_driver_task` VALUES (100008,42,'admin',11,'','delivery','+50688931526','andres@buzz.cr','Andrés Martén Guevara','2016-12-13 17:29:00','204 San José San José Province  Costa Rica',2,1,'9.9313005','-84.068111','','successful','2016-12-13 16:29:50','0000-00-00 00:00:00','186.64.150.120','send_to_all','2016-12-13 16:38:00','unable to auto assign'),(100009,43,'admin',11,'','delivery','+50688490336','marco.escamilla@quarzo.com','Marco Escamilla','2016-12-14 20:13:00','Calle Peligro Santo Domingo Heredia  Costa Rica',2,1,'9.9799832','-84.0779058','','successful','2016-12-14 19:13:32','0000-00-00 00:00:00','201.194.87.49','send_to_all','2016-12-14 19:15:55','waiting for driver acknowledgement'),(100010,61,'admin',11,NULL,'delivery','+50688931526','andres@buzz.cr','Andrés Martén Guevara','2017-01-13 12:18:00','C113  Tirrases Provincia de San José 10106 Costa Rica',NULL,NULL,'9.9090447','-84.0266481',NULL,'unassigned','2017-01-13 11:18:24',NULL,'186.176.135.203',NULL,NULL,NULL),(100011,70,'admin',11,NULL,'delivery','+50688931526','andres@buzz.cr','Andrés Martén Guevara','2017-01-19 15:49:00','C111A  Curridabat Provincia de San José  Costa Rica',NULL,NULL,'9.908906','-84.0274166',NULL,'unassigned','2017-01-18 14:49:26',NULL,'186.176.135.203',NULL,NULL,NULL),(100012,72,'merchant',11,NULL,'delivery','+50688931526','andres@buzz.cr','Andrés Martén Guevara','2017-01-18 23:48:00','C113  Tirrases Provincia de San José 10106 Costa Rica',6,3,'9.9090447','-84.0266481',NULL,'successful','2017-01-18 22:48:57','2017-01-19 00:09:04','186.64.149.93',NULL,NULL,NULL),(100013,83,'merchant',1,NULL,'delivery','+918000366525','hp@gmail.com','hp ho','2017-02-21 04:43:00','san José san José san José  Costa Rica',NULL,NULL,'9.9280694','-84.0907246',NULL,'unassigned','2017-02-21 03:43:13',NULL,'116.72.51.121',NULL,NULL,NULL),(100014,85,'merchant',1,NULL,'delivery','+918000366525','hp@gmail.com','hp ho','2017-02-22 01:35:00','san José san José san José  Costa Rica',NULL,NULL,'9.9280694','-84.0907246',NULL,'unassigned','2017-02-21 04:59:49',NULL,'116.72.51.121',NULL,NULL,NULL),(100015,86,'merchant',11,NULL,'delivery','+918000366525','hp@gmail.com','hp ho','2017-02-24 03:06:00','san José san José san José  Costa Rica',NULL,NULL,'9.9280694','-84.0907246',NULL,'unassigned','2017-02-24 02:06:42',NULL,'116.72.48.117',NULL,NULL,NULL),(100016,90,'merchant',1,NULL,'delivery','+918000366525','hp@gmail.com','hp ho','2017-03-04 01:58:00','san José san José san José ',NULL,NULL,'9.9280694','-84.0907246',NULL,'unassigned','2017-03-04 00:58:23',NULL,'116.74.126.8',NULL,NULL,NULL),(100017,91,'merchant',1,NULL,'delivery','+918000366525','hp@gmail.com','hp ho','2017-03-04 02:09:00','san José san José san José ',NULL,NULL,'9.9280694','-84.0907246',NULL,'unassigned','2017-03-04 01:09:28',NULL,'116.74.126.8',NULL,NULL,NULL),(100018,92,'merchant',1,NULL,'delivery','+918000366525','hp@gmail.com','hp ho','2017-03-04 02:18:00','san José san José san José ',NULL,NULL,'9.9280694','-84.0907246',NULL,'unassigned','2017-03-04 01:18:00',NULL,'116.74.126.8',NULL,NULL,NULL),(100019,93,'merchant',1,NULL,'delivery','+918000366525','hp@gmail.com','hp ho','2017-03-04 02:56:00','san José san José san José ',NULL,NULL,'9.9280694','-84.0907246',NULL,'unassigned','2017-03-04 01:56:53',NULL,'116.74.126.8',NULL,NULL,NULL);
/*!40000 ALTER TABLE `ka_driver_task` ENABLE KEYS */;
UNLOCK TABLES;

--
-- Temporary table structure for view `ka_driver_task_view`
--

DROP TABLE IF EXISTS `ka_driver_task_view`;
/*!50001 DROP VIEW IF EXISTS `ka_driver_task_view`*/;
SET @saved_cs_client     = @@character_set_client;
SET character_set_client = utf8;
/*!50001 CREATE VIEW `ka_driver_task_view` AS SELECT 
 1 AS `task_id`,
 1 AS `order_id`,
 1 AS `user_type`,
 1 AS `user_id`,
 1 AS `task_description`,
 1 AS `trans_type`,
 1 AS `contact_number`,
 1 AS `email_address`,
 1 AS `customer_name`,
 1 AS `delivery_date`,
 1 AS `delivery_address`,
 1 AS `team_id`,
 1 AS `driver_id`,
 1 AS `task_lat`,
 1 AS `task_lng`,
 1 AS `customer_signature`,
 1 AS `status`,
 1 AS `date_created`,
 1 AS `date_modified`,
 1 AS `ip_address`,
 1 AS `auto_assign_type`,
 1 AS `assign_started`,
 1 AS `assignment_status`,
 1 AS `driver_name`,
 1 AS `device_id`,
 1 AS `driver_phone`,
 1 AS `driver_email`,
 1 AS `device_platform`,
 1 AS `enabled_push`,
 1 AS `driver_lat`,
 1 AS `driver_lng`,
 1 AS `merchant_id`,
 1 AS `merchant_name`,
 1 AS `merchant_address`,
 1 AS `team_name`*/;
SET character_set_client = @saved_cs_client;

--
-- Table structure for table `ka_driver_team`
--

DROP TABLE IF EXISTS `ka_driver_team`;
/*!40101 SET @saved_cs_client     = @@character_set_client */;
/*!40101 SET character_set_client = utf8 */;
CREATE TABLE `ka_driver_team` (
  `team_id` int(14) NOT NULL AUTO_INCREMENT,
  `user_type` varchar(100) DEFAULT NULL,
  `user_id` int(14) DEFAULT NULL,
  `team_name` varchar(255) DEFAULT NULL,
  `location_accuracy` varchar(50) DEFAULT NULL,
  `status` varchar(255) DEFAULT NULL,
  `date_created` datetime DEFAULT NULL,
  `date_modified` datetime DEFAULT NULL,
  `ip_address` varchar(50) DEFAULT NULL,
  PRIMARY KEY (`team_id`),
  KEY `user_type` (`user_type`),
  KEY `user_id` (`user_id`),
  KEY `status` (`status`)
) ENGINE=InnoDB AUTO_INCREMENT=7 DEFAULT CHARSET=utf8;
/*!40101 SET character_set_client = @saved_cs_client */;

--
-- Dumping data for table `ka_driver_team`
--

LOCK TABLES `ka_driver_team` WRITE;
/*!40000 ALTER TABLE `ka_driver_team` DISABLE KEYS */;
INSERT INTO `ka_driver_team` VALUES (1,'merchant',1,'TRES RIOS','medium','publish','2016-11-17 11:43:52','0000-00-00 00:00:00','186.64.150.120'),(2,'admin',1,'Equipo Este SJ','high','publish','2016-12-01 16:54:10','0000-00-00 00:00:00','186.64.150.120'),(3,'admin',1,'Equipo Norte SJ','high','publish','2016-12-01 16:54:36','0000-00-00 00:00:00','186.64.150.120'),(4,'admin',1,'Equipo Sur SJ','high','publish','2016-12-01 16:56:15','0000-00-00 00:00:00','186.64.150.120'),(5,'admin',1,'Equipo Oeste SJ','high','publish','2016-12-01 16:56:32','0000-00-00 00:00:00','186.64.150.120'),(6,'merchant',11,'Team Zona Este SJ','high','publish','2016-12-05 08:21:00','0000-00-00 00:00:00','186.64.150.120');
/*!40000 ALTER TABLE `ka_driver_team` ENABLE KEYS */;
UNLOCK TABLES;

--
-- Table structure for table `ka_fax_broadcast`
--

DROP TABLE IF EXISTS `ka_fax_broadcast`;
/*!40101 SET @saved_cs_client     = @@character_set_client */;
/*!40101 SET character_set_client = utf8 */;
CREATE TABLE `ka_fax_broadcast` (
  `id` int(14) NOT NULL AUTO_INCREMENT,
  `merchant_id` int(14) DEFAULT NULL,
  `faxno` varchar(50) DEFAULT NULL,
  `recipname` varchar(32) DEFAULT NULL,
  `faxurl` varchar(255) DEFAULT NULL,
  `status` varchar(255) NOT NULL DEFAULT 'pending',
  `jobid` varchar(255) DEFAULT NULL,
  `api_raw_response` text,
  `date_created` datetime DEFAULT NULL,
  `date_process` datetime DEFAULT NULL,
  `date_postback` datetime DEFAULT NULL,
  `ip_address` varchar(50) DEFAULT NULL,
  PRIMARY KEY (`id`)
) ENGINE=InnoDB DEFAULT CHARSET=utf8;
/*!40101 SET character_set_client = @saved_cs_client */;

--
-- Dumping data for table `ka_fax_broadcast`
--

LOCK TABLES `ka_fax_broadcast` WRITE;
/*!40000 ALTER TABLE `ka_fax_broadcast` DISABLE KEYS */;
/*!40000 ALTER TABLE `ka_fax_broadcast` ENABLE KEYS */;
UNLOCK TABLES;

--
-- Table structure for table `ka_fax_package`
--

DROP TABLE IF EXISTS `ka_fax_package`;
/*!40101 SET @saved_cs_client     = @@character_set_client */;
/*!40101 SET character_set_client = utf8 */;
CREATE TABLE `ka_fax_package` (
  `fax_package_id` int(14) NOT NULL AUTO_INCREMENT,
  `title` varchar(255) DEFAULT NULL,
  `description` text,
  `price` float(14,4) DEFAULT NULL,
  `promo_price` float(14,4) DEFAULT NULL,
  `fax_limit` int(14) DEFAULT NULL,
  `sequence` int(14) DEFAULT NULL,
  `status` varchar(100) DEFAULT NULL,
  `date_created` datetime DEFAULT NULL,
  `date_modified` datetime DEFAULT NULL,
  `ip_address` varchar(100) DEFAULT NULL,
  PRIMARY KEY (`fax_package_id`)
) ENGINE=InnoDB DEFAULT CHARSET=utf8;
/*!40101 SET character_set_client = @saved_cs_client */;

--
-- Dumping data for table `ka_fax_package`
--

LOCK TABLES `ka_fax_package` WRITE;
/*!40000 ALTER TABLE `ka_fax_package` DISABLE KEYS */;
/*!40000 ALTER TABLE `ka_fax_package` ENABLE KEYS */;
UNLOCK TABLES;

--
-- Table structure for table `ka_fax_package_trans`
--

DROP TABLE IF EXISTS `ka_fax_package_trans`;
/*!40101 SET @saved_cs_client     = @@character_set_client */;
/*!40101 SET character_set_client = utf8 */;
CREATE TABLE `ka_fax_package_trans` (
  `id` int(14) NOT NULL AUTO_INCREMENT,
  `merchant_id` int(14) DEFAULT NULL,
  `fax_package_id` int(14) DEFAULT NULL,
  `payment_type` varchar(50) DEFAULT NULL,
  `package_price` float(14,4) DEFAULT NULL,
  `fax_limit` int(14) DEFAULT NULL,
  `status` varchar(100) NOT NULL DEFAULT 'pending',
  `payment_reference` varchar(255) DEFAULT NULL,
  `payment_gateway_response` text,
  `date_created` datetime DEFAULT NULL,
  `ip_address` varchar(50) DEFAULT NULL,
  PRIMARY KEY (`id`)
) ENGINE=InnoDB DEFAULT CHARSET=utf8;
/*!40101 SET character_set_client = @saved_cs_client */;

--
-- Dumping data for table `ka_fax_package_trans`
--

LOCK TABLES `ka_fax_package_trans` WRITE;
/*!40000 ALTER TABLE `ka_fax_package_trans` DISABLE KEYS */;
/*!40000 ALTER TABLE `ka_fax_package_trans` ENABLE KEYS */;
UNLOCK TABLES;

--
-- Table structure for table `ka_ingredients`
--

DROP TABLE IF EXISTS `ka_ingredients`;
/*!40101 SET @saved_cs_client     = @@character_set_client */;
/*!40101 SET character_set_client = utf8 */;
CREATE TABLE `ka_ingredients` (
  `ingredients_id` int(14) NOT NULL AUTO_INCREMENT,
  `merchant_id` int(14) DEFAULT NULL,
  `ingredients_name` varchar(255) DEFAULT NULL,
  `sequence` int(14) DEFAULT NULL,
  `date_created` datetime DEFAULT NULL,
  `date_modified` datetime DEFAULT NULL,
  `status` varchar(50) NOT NULL DEFAULT 'published',
  `ip_address` varchar(50) DEFAULT NULL,
  `ingredients_name_trans` text,
  PRIMARY KEY (`ingredients_id`)
) ENGINE=InnoDB AUTO_INCREMENT=5 DEFAULT CHARSET=utf8;
/*!40101 SET character_set_client = @saved_cs_client */;

--
-- Dumping data for table `ka_ingredients`
--

LOCK TABLES `ka_ingredients` WRITE;
/*!40000 ALTER TABLE `ka_ingredients` DISABLE KEYS */;
INSERT INTO `ka_ingredients` VALUES (1,11,'Queso gouda',0,'2016-12-05 06:17:27','2016-12-13 14:14:47','publish','186.64.150.120',''),(2,11,'Cebolla',0,'2016-12-05 06:17:45','2016-12-13 14:14:35','publish','186.64.150.120',''),(3,11,'Tomate',0,'2016-12-05 06:17:52','2017-01-18 15:50:16','publish','186.176.135.203',''),(4,11,'Lechuga',0,'2016-12-05 06:17:58','2016-12-13 14:14:20','publish','186.64.150.120','');
/*!40000 ALTER TABLE `ka_ingredients` ENABLE KEYS */;
UNLOCK TABLES;

--
-- Table structure for table `ka_item`
--

DROP TABLE IF EXISTS `ka_item`;
/*!40101 SET @saved_cs_client     = @@character_set_client */;
/*!40101 SET character_set_client = utf8 */;
CREATE TABLE `ka_item` (
  `item_id` int(14) NOT NULL AUTO_INCREMENT,
  `merchant_id` int(14) DEFAULT NULL,
  `item_name` varchar(255) DEFAULT NULL,
  `item_description` text,
  `status` varchar(50) DEFAULT NULL,
  `category` text,
  `price` text,
  `addon_item` text,
  `cooking_ref` text,
  `discount` varchar(14) DEFAULT NULL,
  `multi_option` text,
  `multi_option_value` text,
  `photo` varchar(255) DEFAULT NULL,
  `sequence` int(14) DEFAULT NULL,
  `is_featured` tinyint(1) DEFAULT NULL,
  `date_created` datetime DEFAULT NULL,
  `date_modified` datetime DEFAULT NULL,
  `ip_address` varchar(50) DEFAULT NULL,
  `ingredients` text,
  `spicydish` int(2) NOT NULL DEFAULT '1',
  `two_flavors` int(2) DEFAULT NULL,
  `two_flavors_position` text,
  `require_addon` text,
  `dish` text,
  `item_name_trans` text,
  `item_description_trans` text,
  `non_taxable` int(1) NOT NULL DEFAULT '1',
  `not_available` int(1) NOT NULL DEFAULT '1',
  `gallery_photo` text,
  PRIMARY KEY (`item_id`)
) ENGINE=InnoDB AUTO_INCREMENT=12 DEFAULT CHARSET=utf8;
/*!40101 SET character_set_client = @saved_cs_client */;

--
-- Dumping data for table `ka_item`
--

LOCK TABLES `ka_item` WRITE;
/*!40000 ALTER TABLE `ka_item` DISABLE KEYS */;
INSERT INTO `ka_item` VALUES (1,2,'Cabbage','<ul style=\"border: 0px; font-variant-numeric: inherit; font-stretch: inherit; font-size: 15px; line-height: inherit; font-family: &quot;Helvetica Neue&quot;, Helvetica, Arial, sans-serif; vertical-align: baseline; margin-bottom: 0px; margin-left: 1.25em; padding-left: 0px; list-style-position: inside; list-style-image: initial; color: rgb(34, 34, 34);\"><li style=\"margin-bottom: 0.1em;\"><b style=\"color: rgb(37, 37, 37); font-family: sans-serif;\"><font><font>Cabbage </font></font></b><span style=\"color: rgb(37, 37, 37); font-family: sans-serif;\"><font><font>&nbsp;or&nbsp; </font></font></span><b style=\"color: rgb(37, 37, 37); font-family: sans-serif;\"><font><font>headed cabbage </font></font></b><span style=\"color: rgb(37, 37, 37); font-family: sans-serif;\"><font><font>&nbsp;(Comprising Several&nbsp; </font></font></span><a href=\"https://en.wikipedia.org/wiki/Cultivar\" title=\"Cultivate\" style=\"text-decoration: none; color: rgb(11, 0, 128); background-image: none; background-position: initial; background-color: rgb(255, 255, 255); font-family: sans-serif;\"><font><font>cultivars </font></font></a><span style=\"color: rgb(37, 37, 37); font-family: sans-serif;\"><font><font>&nbsp;of&nbsp; </font></font></span><i style=\"color: rgb(37, 37, 37); font-family: sans-serif;\"><b><a href=\"https://en.wikipedia.org/wiki/Brassica_oleracea\" title=\"Brassica oleracea\" style=\"text-decoration: none; color: rgb(11, 0, 128); background-image: none; background-position: initial;\"><font><font>Brassica oleracea</font></font></a></b></i><span style=\"color: rgb(37, 37, 37); font-family: sans-serif;\"><font><font> ) is a leafy green or purple&nbsp; </font></font></span><a href=\"https://en.wikipedia.org/wiki/Biennial_plant\" title=\"biennial plant\" style=\"text-decoration: none; color: rgb(11, 0, 128); background-image: none; background-position: initial; background-color: rgb(255, 255, 255); font-family: sans-serif;\"><font><font>biennial plant</font></font></a></li></ul>','pending','[\"3\",\"4\",\"5\"]','\"\"','','','5','','','1478074006-food-salad-restaurant-person-medium.jpg',0,0,'2016-11-02 08:07:04','2016-12-07 03:41:00','192.80.138.17','',0,2,'','','','','',2,1,'[\"1478074011-food-salad-healthy-vegetables-medium-(1).jpg\",\"1478074011-food-salad-restaurant-person-medium.jpg\",\"1478074012-pasta-noodles-cook-tomato-38233-medium.jpeg\",\"1478074012-food-salad-healthy-vegetables-medium.jpg\",\"1478074013-food-salad-healthy-lunch-medium.jpg\"]'),(2,2,'Hamburger','<span style=\"color: rgb(37, 37, 37); font-family: sans-serif;\">A&nbsp;</span><b style=\"color: rgb(37, 37, 37); font-family: sans-serif;\">hamburger</b><span style=\"color: rgb(37, 37, 37); font-family: sans-serif;\">&nbsp;(or&nbsp;</span><b style=\"color: rgb(37, 37, 37); font-family: sans-serif;\"><a href=\"https://en.wikipedia.org/wiki/Cheeseburger\" title=\"Cheeseburger\" style=\"text-decoration: none; color: rgb(11, 0, 128); background-image: none; background-position: initial;\">cheeseburger</a></b><span style=\"color: rgb(37, 37, 37); font-family: sans-serif;\">&nbsp;when served with a slice of cheese) is a&nbsp;</span><a href=\"https://en.wikipedia.org/wiki/Sandwich\" title=\"Sandwich\" style=\"text-decoration: none; color: rgb(11, 0, 128); background-image: none; background-position: initial; background-color: rgb(255, 255, 255); font-family: sans-serif;\">sandwich</a><span style=\"color: rgb(37, 37, 37); font-family: sans-serif;\">&nbsp;consisting of one or more cooked&nbsp;</span><a href=\"https://en.wikipedia.org/wiki/Patty\" title=\"Patty\" style=\"text-decoration: none; color: rgb(11, 0, 128); background-image: none; background-position: initial; background-color: rgb(255, 255, 255); font-family: sans-serif;\">patties</a><span style=\"color: rgb(37, 37, 37); font-family: sans-serif;\">&nbsp;of&nbsp;</span><a href=\"https://en.wikipedia.org/wiki/Ground_meat\" title=\"Ground meat\" style=\"text-decoration: none; color: rgb(11, 0, 128); background-image: none; background-position: initial; background-color: rgb(255, 255, 255); font-family: sans-serif;\">ground meat</a><span style=\"color: rgb(37, 37, 37); font-family: sans-serif;\">, usually&nbsp;</span><a href=\"https://en.wikipedia.org/wiki/Beef\" title=\"Beef\" style=\"text-decoration: none; color: rgb(11, 0, 128); background-image: none; background-position: initial; background-color: rgb(255, 255, 255); font-family: sans-serif;\">beef</a><span style=\"color: rgb(37, 37, 37); font-family: sans-serif;\">, placed inside a sliced&nbsp;</span><a href=\"https://en.wikipedia.org/wiki/Bread_roll\" title=\"Bread roll\" style=\"text-decoration: none; color: rgb(11, 0, 128); background-image: none; background-position: initial; background-color: rgb(255, 255, 255); font-family: sans-serif;\">bread roll</a><span style=\"color: rgb(37, 37, 37); font-family: sans-serif;\">&nbsp;or&nbsp;</span><a href=\"https://en.wikipedia.org/wiki/Bun\" title=\"Bun\" style=\"text-decoration: none; color: rgb(11, 0, 128); background-image: none; background-position: initial; background-color: rgb(255, 255, 255); font-family: sans-serif;\">bun</a><span style=\"color: rgb(37, 37, 37); font-family: sans-serif;\">. Hamburgers may be cooked in a variety of ways, including pan-frying, barbecuing, and flame-broiling.</span>','publish','[\"3\",\"5\"]','\"\"','','','4','','','1478074077-pexels-photo-24174-medium.jpg',0,0,'2016-11-02 08:08:05','0000-00-00 00:00:00','192.80.138.15','',0,0,'','','','','',1,1,'[\"1478074080-pexels-photo-106877-medium.jpeg\",\"1478074080-pexels-photo-128388-medium.jpeg\"]'),(3,1,'Jalea de manzana','<font color=\"#252525\" face=\"sans-serif\">Con el fin de tener una dieta más saludable, cada día es mayor el número de personas que buscan adquirir productos libres de conservadores e ingredientes.</font>','publish','[\"6\"]','{\"7\":\"6\",\"1\":\"9\"}','{\"4\":[\"8\"]}','','','{\"4\":[\"one\"]}','{\"4\":[\"\"]}','1481658395-manzana.jpg',0,0,'2016-11-02 09:05:03','2016-12-13 14:00:23','186.64.150.120','',0,0,'{\"4\":[\"\"]}','','','','',1,1,'[\"1478077494-pexels-photo-24174-medium.jpg\",\"1478077494-pexels-photo-106877-medium.jpeg\",\"1478077495-pexels-photo-128388-medium.jpeg\"]'),(4,1,'Jalea de mora','<font color=\"#252525\" face=\"sans-serif\">Esta jalea puede guardarse en frascos de vidrio cerrados y utilizar en diversas ocasiones. Si estás a dieta, la receta puede ser realizada con edulcorantes y así poder degustar de esta deliciosa jalea de frutas en versión light.</font>','publish','[\"6\"]','{\"1\":\"5\",\"7\":\"8\"}','{\"4\":[\"8\"]}','','','{\"4\":[\"one\"]}','{\"4\":[\"\"]}','1481657812-1.jpg',0,0,'2016-11-02 09:05:28','2016-12-13 13:37:39','186.64.150.120','',0,0,'{\"4\":[\"\"]}','','','','',1,1,'[\"1481657822-2.jpeg\",\"1481657822-3.jpg\"]'),(5,7,'Tacos','Selección de la mejor carne mechada','publish','[\"7\"]','{\"2\":\"1500\",\"3\":\"3000\"}','','','','{\"1\":[\"multiple\"]}','{\"1\":[\"\"]}','',0,0,'2016-11-19 21:00:10','0000-00-00 00:00:00','186.64.150.120','',0,0,'{\"1\":[\"\"]}','{\"1\":[\"2\"]}','','','',1,1,''),(6,7,'Pollo frito','El pollo más rico y jugoso, con una selección olores que hacen si empanizado el mejor de Costa Rica','publish','[\"7\"]','{\"3\":\"3500\"}','{\"1\":[\"1\",\"2\"]}','[\"3\",\"4\"]','','{\"1\":[\"one\"],\"2\":[\"one\"]}','{\"1\":[\"\"],\"2\":[\"\"]}','1479610866-pollo-frito.jpg',0,0,'2016-11-19 21:01:48','2016-11-19 21:04:34','186.64.150.120','',0,0,'{\"1\":[\"\"],\"2\":[\"\"]}','','','','',1,1,''),(7,7,'Casado con...','Arroz suelto, los mejores frijoles rojos, picadillo de papa, ensalada y la carne de tu elección','publish','[\"8\"]','{\"2\":\"2500\",\"3\":\"3500\"}','{\"2\":[\"3\",\"4\"]}','[\"3\",\"4\"]','','{\"1\":[\"one\"],\"2\":[\"one\"]}','{\"1\":[\"\"],\"2\":[\"\"]}','',0,0,'2016-11-19 21:05:58','0000-00-00 00:00:00','186.64.150.120','',0,0,'{\"1\":[\"\"],\"2\":[\"\"]}','{\"1\":[\"2\"]}','','','',1,1,''),(8,11,'Sandwich de champiñones y mozzarella','Mayonesa casera (nada comparada a la de supermercado), hongos tajadeados y salteados en aceite de oliva con cebolla, queso gouda derretido.','publish','[\"9\"]','{\"5\":\"2\",\"6\":\"3.5\"}','{\"3\":[\"5\",\"6\",\"7\"]}','','','{\"3\":[\"multiple\"]}','{\"3\":[\"\"]}','',0,0,'2016-12-05 06:22:16','2017-01-19 09:12:19','186.64.149.93','[\"1\",\"2\",\"3\",\"4\"]',0,0,'{\"3\":[\"\"]}','{\"3\":[\"2\"]}','','','',1,1,''),(9,11,'Sandwich Club','<span style=\"color: rgb(0, 0, 0); font-family: sans-serif; background-color: rgb(249, 249, 249);\">Sandwich de 3 capas con pavo o pollo rebanado, tocineta, tomate, lechuga y mayonesa. Te mostramos la delicia:</span><p><span style=\"color: rgb(0, 0, 0); font-family: sans-serif; background-color: rgb(249, 249, 249);\"><br></span></p>','publish','[\"9\"]','{\"5\":\"3\",\"6\":\"4\"}','{\"3\":[\"5\",\"6\"]}','','','{\"3\":[\"multiple\"]}','{\"3\":[\"\"]}','1481660166-club.jpg',0,0,'2016-12-05 06:23:02','2017-01-19 09:12:01','186.64.149.93','[\"1\",\"2\",\"3\",\"4\"]',0,0,'{\"3\":[\"\"]}','{\"3\":[\"2\"]}','','','',1,1,''),(10,12,'Pupusa Salvadoreña','','publish','[\"10\"]','{\"8\":\"3\",\"9\":\"4\"}','','','','','','',NULL,NULL,'2017-02-02 15:52:10',NULL,'186.26.120.30','',0,0,'','','',NULL,NULL,1,1,''),(11,17,'Comida 1','Comida','publish','[\"12\"]','{\"10\":\"100\"}','','','','','','',NULL,NULL,'2017-03-10 10:59:11','2017-03-10 11:05:34','186.176.135.203','',0,0,'','','',NULL,NULL,1,1,'');
/*!40000 ALTER TABLE `ka_item` ENABLE KEYS */;
UNLOCK TABLES;

--
-- Table structure for table `ka_languages`
--

DROP TABLE IF EXISTS `ka_languages`;
/*!40101 SET @saved_cs_client     = @@character_set_client */;
/*!40101 SET character_set_client = utf8 */;
CREATE TABLE `ka_languages` (
  `lang_id` int(14) NOT NULL AUTO_INCREMENT,
  `country_code` varchar(14) DEFAULT NULL,
  `language_code` varchar(255) DEFAULT NULL,
  `source_text` text,
  `is_assign` int(1) NOT NULL DEFAULT '2',
  `date_created` datetime DEFAULT NULL,
  `last_updated` datetime DEFAULT NULL,
  `status` varchar(50) DEFAULT NULL,
  `ip_address` varchar(50) DEFAULT NULL,
  PRIMARY KEY (`lang_id`)
) ENGINE=InnoDB AUTO_INCREMENT=7 DEFAULT CHARSET=utf8;
/*!40101 SET character_set_client = @saved_cs_client */;

--
-- Dumping data for table `ka_languages`
--

LOCK TABLES `ka_languages` WRITE;
/*!40000 ALTER TABLE `ka_languages` DISABLE KEYS */;
INSERT INTO `ka_languages` VALUES (5,'CR','Spanish','1487694403-mt_language_filev5.php',2,'2016-11-10 07:15:09','2017-02-21 00:00:00','publish','186.176.135.203'),(6,'ES','spanish','1484838804-spanish.php',2,'2017-01-19 00:00:00',NULL,'publish','49.150.144.217');
/*!40000 ALTER TABLE `ka_languages` ENABLE KEYS */;
UNLOCK TABLES;

--
-- Table structure for table `ka_merchant`
--

DROP TABLE IF EXISTS `ka_merchant`;
/*!40101 SET @saved_cs_client     = @@character_set_client */;
/*!40101 SET character_set_client = utf8 */;
CREATE TABLE `ka_merchant` (
  `merchant_id` int(14) NOT NULL AUTO_INCREMENT,
  `restaurant_slug` varchar(255) DEFAULT NULL,
  `restaurant_name` varchar(255) DEFAULT NULL,
  `restaurant_phone` varchar(100) DEFAULT NULL,
  `contact_name` varchar(255) DEFAULT NULL,
  `contact_phone` varchar(100) DEFAULT NULL,
  `contact_email` varchar(255) DEFAULT NULL,
  `country_code` varchar(3) DEFAULT NULL,
  `street` text,
  `city` varchar(255) DEFAULT NULL,
  `state` varchar(255) DEFAULT NULL,
  `post_code` varchar(100) DEFAULT NULL,
  `cuisine` text,
  `service` varchar(255) DEFAULT NULL,
  `free_delivery` int(1) NOT NULL DEFAULT '2',
  `delivery_estimation` varchar(100) DEFAULT NULL,
  `username` varchar(100) DEFAULT NULL,
  `password` varchar(100) DEFAULT NULL,
  `activation_key` varchar(50) DEFAULT NULL,
  `activation_token` varchar(255) DEFAULT NULL,
  `status` varchar(100) DEFAULT 'pending',
  `date_created` datetime DEFAULT NULL,
  `date_modified` datetime DEFAULT NULL,
  `date_activated` datetime DEFAULT NULL,
  `last_login` datetime DEFAULT NULL,
  `ip_address` varchar(50) DEFAULT NULL,
  `package_id` int(14) DEFAULT NULL,
  `package_price` float(14,5) DEFAULT NULL,
  `membership_expired` date DEFAULT NULL,
  `payment_steps` int(1) DEFAULT '1',
  `is_featured` int(1) DEFAULT '1',
  `is_ready` int(1) DEFAULT '1',
  `is_sponsored` int(2) DEFAULT '1',
  `sponsored_expiration` date DEFAULT NULL,
  `lost_password_code` varchar(50) DEFAULT NULL,
  `user_lang` int(14) DEFAULT NULL,
  `membership_purchase_date` datetime DEFAULT NULL,
  `sort_featured` int(14) DEFAULT NULL,
  `is_commission` int(1) DEFAULT '1',
  `percent_commision` float(14,5) DEFAULT NULL,
  `abn` varchar(255) DEFAULT NULL,
  `session_token` varchar(255) DEFAULT NULL,
  `commision_type` varchar(50) DEFAULT 'percentage',
  `mobile_session_token` varchar(255) DEFAULT NULL,
  `food_handling_card` varchar(255) DEFAULT NULL,
  `food_handling_card_photo` varchar(255) DEFAULT NULL,
  PRIMARY KEY (`merchant_id`)
) ENGINE=InnoDB AUTO_INCREMENT=21 DEFAULT CHARSET=utf8;
/*!40101 SET character_set_client = @saved_cs_client */;

--
-- Dumping data for table `ka_merchant`
--

LOCK TABLES `ka_merchant` WRITE;
/*!40000 ALTER TABLE `ka_merchant` DISABLE KEYS */;
INSERT INTO `ka_merchant` VALUES (1,'marco-market','Gusto Artesanal','+50688931526','Marco Escamilla','+50688931526','digital@buzz.cr','CR','Costa Rica','Heredia','San José','10106','[\"15\",\"17\"]','1',2,'','maes','56a8d66e69a297c67bd44df6048f2de2','','184d508ff7a1d7ea01007a74c031a3dd','active','2016-11-02 03:19:26','2017-02-05 00:00:00','0000-00-00 00:00:00','2017-04-26 00:00:00','186.26.115.152',NULL,1.00000,'2018-11-30',1,1,2,1,'0000-00-00','',0,'0000-00-00 00:00:00',0,2,10.00000,'','103115795068ce8b648aee115c94a83c09a6d1c1e6b','percentage','3vezhv091pnism845aabeadbdd9f14710fa00d6f275caeb',NULL,NULL),(7,'donkeys-food','Donkey\\\'s Food','+50688285454','Andrés','+50688285454','donkeys@fmarket.org','CR','San Fco. de Dos Ríos','San José','San Jose','10106','[\"7\"]','1',2,'','andresmarten','4b487d5066aabc9c37dbff120eb306fb','024043','fbafae3d42950ee3d5e94708e1979abb','suspended','2016-11-19 17:36:47','2016-12-13 13:17:18','0000-00-00 00:00:00','2016-12-13 13:06:56','186.64.150.120',0,0.00000,'0000-00-00',3,1,1,1,'0000-00-00','',5,'0000-00-00 00:00:00',0,2,10.00000,'','214710709912e941d81af4994ecde932933f0dcf488','percentage','60kx1ff3gmr4etqf070225dd75fd5962bc3c2c5fd1d49ac',NULL,NULL),(11,'la-favorita','La Favorita','+50640016415','Andrés','+50688931526','andres@buzz.cr','CR','San Fco. de Dos Ríos','San José','San Jose','10106','[\"5\"]','1',2,'','amartin004','a664da10f56456a45bc215ee1af33dba','213201','eecaeaa4a133a406ce74c0c92ff4f7a0','active','2016-12-05 06:02:43','2017-02-21 00:00:00','0000-00-00 00:00:00','2017-02-21 00:00:00','186.176.135.203',1,450.00000,'0000-00-00',3,1,2,1,'0000-00-00','',-9999,'0000-00-00 00:00:00',0,2,10.00000,'','338983528228ce8b648aee115c94a83c09a6d1c1e6b','percentage','jrrxmr82uxgj8e4a664da10f56456a45bc215ee1af33dba',NULL,NULL),(12,'pia-pupusas','Pía pupusas','83403959','Pia','83403959','mapiagutierrez@gmail.com','CR','Sabana sur. del tennis club 100 metros este','San jose','San jose','10108','[\"7\"]','1',2,NULL,'Piapia','6efbe3dc0cece6182aa80f24c71311ee','130201','4ac5de4cedd13b460c10709103af1a1f','active','2017-02-02 00:00:00','2017-02-05 00:00:00',NULL,'2017-02-02 00:00:00','186.26.115.152',NULL,NULL,NULL,3,1,1,1,NULL,NULL,NULL,NULL,NULL,2,10.00000,'','73569523498acb08d148c3136b1a697d1aefbbfee27','percentage',NULL,NULL,NULL),(13,'test-slug','test res name','123456789','jacksol','123456789','harishmahajan@jacksolutions.biz','CR','surat','surat','gujarat','293849','[\"3\"]','1',2,NULL,'harish','f28efcd9824a2e8917cbf7e887c767b3',NULL,NULL,'active','2017-02-17 00:51:41','2017-04-18 04:57:08',NULL,'2017-04-18 00:00:00','116.72.14.44',1,450.00000,'2017-12-31',1,1,2,1,NULL,NULL,-9999,NULL,NULL,1,10.00000,'','93049657863c3a304902fb46a699f5c7699ecbe5927','fixed',NULL,NULL,NULL),(14,'bob','BOB','123456789','test','123456','bob@gmail.com','CR','bob','bob','nknknk','898989','[\"3\"]','1',2,NULL,'bob','4b487d5066aabc9c37dbff120eb306fb','040124','d87a5045b504d39395f03a7715097478','active','2017-02-20 00:00:00','2017-04-06 00:00:00',NULL,'2017-04-06 00:00:00','186.15.76.34',1,450.00000,NULL,3,1,2,1,NULL,NULL,NULL,NULL,NULL,2,10.00000,'','2618700206161e09d1349c5b0dd0073ad4f8e251cb1','percentage',NULL,'Al día','1487580888-Green-Vendor_offers_sidebar.jpg'),(15,'hello123','hello123','123','hello123','123456','hello123@gmail.com','CR','hello123','hello123','Alajuela','0000','[\"3\"]','1',2,NULL,'hello123','f30aa7a662c728b7407c54ae6bfd27d1','214411','338240d88dee447893e22143d43b843a','active','2017-02-22 00:00:00','2017-02-22 00:00:00',NULL,'2017-02-22 00:00:00','116.72.31.17',1,450.00000,NULL,3,1,2,1,NULL,NULL,NULL,NULL,NULL,2,10.00000,'','063972001096d6f66ba8b1926a5ef4957b8a8ca3db9','percentage',NULL,'Al día','1487744853-Vendor-Offers-Button.jpg'),(16,'andres-martin','Andrés Martín','40016415','Andrés','40016415','andres@buzz.cr','CR','San Fco. de Dos Ríos','San José','San José','0000','[\"3\"]','1',2,NULL,'asdsdfd','59aa49b74d7f5ce74bfdcd7415160632','121014','2cf62478dffc894391bad9f58cb13299','active','2017-03-01 00:00:00','2017-03-01 00:00:00',NULL,'2017-03-01 00:00:00','186.176.135.203',NULL,NULL,NULL,3,1,2,1,NULL,NULL,NULL,NULL,NULL,2,10.00000,'','750362605708ce8b648aee115c94a83c09a6d1c1e6b','percentage',NULL,'Al día','1488412098-colone.png'),(17,'debug1','Debug1','88456213213','Debug1','3453456456','Debug1@asf.com','CR','San Fco. de Dos Ríos','San José','San José','0000','[\"4\"]','1',2,NULL,'debug1','b2ed7a394cb4f7d8483c8f10ef4557ca','113342','4c4a54fadaa68b8bc52d4116dd5fbe5a','active','2017-03-08 00:00:00','2017-03-10 10:49:58',NULL,'2017-03-10 00:00:00','186.176.135.203',1,450.00000,NULL,3,1,2,1,NULL,NULL,-9999,NULL,NULL,2,10.00000,'','757634927148ce8b648aee115c94a83c09a6d1c1e6b','percentage',NULL,'No cuento con permiso',NULL),(18,'apple','apple','123123','123','123123123','apple@gmail.com','CR','apple','apple','San José','0000','[\"12\"]','1',2,NULL,'apple','1f3870be274f6c49b3e31a0c6728957f','213322','6a9162998d3f0f2c38e3196b4c00282c','active','2017-03-14 00:00:00','2017-03-14 00:00:00',NULL,NULL,'116.72.46.142',1,450.00000,NULL,3,1,2,1,NULL,NULL,NULL,NULL,NULL,2,10.00000,'',NULL,'percentage',NULL,'Al día','1489483093-ppp.jpg'),(19,'harish','harish','123456879','123456','123456','har@gmail.com','CR','jiji','jiji','San José','0000','[\"1\"]','1',2,NULL,'harry','3b87c97d15e8eb11e51aa25e9a5770e9','300313','88e274f1b762d7cfe7356a6500a05fd0','pending','2017-04-18 00:00:00',NULL,NULL,NULL,'116.72.49.132',NULL,NULL,NULL,3,1,1,1,NULL,NULL,NULL,NULL,NULL,2,10.00000,'',NULL,'percentage',NULL,'Al día','1492512812-131-Soft-Sleep-Mattress-Corner_230x700.jpg'),(20,'hellohello','hellohello','hellohello','132546','1324586','hellohello@gmail.com','CR','hellohello','hellohello','San José','0000','[\"3\"]','1',2,NULL,'hellohello','23b431acfeb41e15d466d75de822307c','112402','e3e07dcd0fc8a04d96d99a1f5ab9b805','pending','2017-04-18 00:00:00',NULL,NULL,NULL,'116.72.49.132',NULL,NULL,NULL,3,1,1,1,NULL,NULL,NULL,NULL,NULL,2,10.00000,'',NULL,'percentage',NULL,'En proceso',NULL);
/*!40000 ALTER TABLE `ka_merchant` ENABLE KEYS */;
UNLOCK TABLES;

--
-- Table structure for table `ka_merchant_cc`
--

DROP TABLE IF EXISTS `ka_merchant_cc`;
/*!40101 SET @saved_cs_client     = @@character_set_client */;
/*!40101 SET character_set_client = utf8 */;
CREATE TABLE `ka_merchant_cc` (
  `mt_id` int(14) NOT NULL AUTO_INCREMENT,
  `merchant_id` int(14) DEFAULT NULL,
  `card_name` varchar(255) DEFAULT NULL,
  `credit_card_number` varchar(20) DEFAULT NULL,
  `expiration_month` varchar(5) DEFAULT NULL,
  `expiration_yr` varchar(5) DEFAULT NULL,
  `cvv` varchar(20) DEFAULT NULL,
  `billing_address` varchar(255) DEFAULT NULL,
  `date_created` datetime DEFAULT NULL,
  `ip_address` varchar(50) DEFAULT NULL,
  PRIMARY KEY (`mt_id`)
) ENGINE=InnoDB DEFAULT CHARSET=utf8;
/*!40101 SET character_set_client = @saved_cs_client */;

--
-- Dumping data for table `ka_merchant_cc`
--

LOCK TABLES `ka_merchant_cc` WRITE;
/*!40000 ALTER TABLE `ka_merchant_cc` DISABLE KEYS */;
/*!40000 ALTER TABLE `ka_merchant_cc` ENABLE KEYS */;
UNLOCK TABLES;

--
-- Table structure for table `ka_merchant_user`
--

DROP TABLE IF EXISTS `ka_merchant_user`;
/*!40101 SET @saved_cs_client     = @@character_set_client */;
/*!40101 SET character_set_client = utf8 */;
CREATE TABLE `ka_merchant_user` (
  `merchant_user_id` int(14) NOT NULL AUTO_INCREMENT,
  `merchant_id` int(14) DEFAULT NULL,
  `first_name` varchar(255) DEFAULT NULL,
  `last_name` varchar(255) DEFAULT NULL,
  `username` varchar(255) DEFAULT NULL,
  `password` varchar(255) DEFAULT NULL,
  `user_access` text,
  `date_created` datetime DEFAULT NULL,
  `date_modified` datetime DEFAULT NULL,
  `status` varchar(100) NOT NULL DEFAULT 'active',
  `last_login` datetime DEFAULT NULL,
  `ip_address` varchar(50) DEFAULT NULL,
  `contact_email` varchar(255) DEFAULT NULL,
  `session_token` varchar(255) DEFAULT NULL,
  `mobile_session_token` varchar(255) DEFAULT NULL,
  `lost_password_code` varchar(20) DEFAULT NULL,
  PRIMARY KEY (`merchant_user_id`)
) ENGINE=InnoDB DEFAULT CHARSET=utf8;
/*!40101 SET character_set_client = @saved_cs_client */;

--
-- Dumping data for table `ka_merchant_user`
--

LOCK TABLES `ka_merchant_user` WRITE;
/*!40000 ALTER TABLE `ka_merchant_user` DISABLE KEYS */;
/*!40000 ALTER TABLE `ka_merchant_user` ENABLE KEYS */;
UNLOCK TABLES;

--
-- Table structure for table `ka_mobile_broadcast`
--

DROP TABLE IF EXISTS `ka_mobile_broadcast`;
/*!40101 SET @saved_cs_client     = @@character_set_client */;
/*!40101 SET character_set_client = utf8 */;
CREATE TABLE `ka_mobile_broadcast` (
  `broadcast_id` int(14) NOT NULL AUTO_INCREMENT,
  `push_title` varchar(255) DEFAULT NULL,
  `push_message` varchar(255) DEFAULT NULL,
  `device_platform` int(14) NOT NULL DEFAULT '1',
  `status` varchar(255) NOT NULL DEFAULT 'pending',
  `date_created` datetime DEFAULT NULL,
  `ip_address` varchar(50) DEFAULT NULL,
  PRIMARY KEY (`broadcast_id`)
) ENGINE=InnoDB AUTO_INCREMENT=5 DEFAULT CHARSET=utf8;
/*!40101 SET character_set_client = @saved_cs_client */;

--
-- Dumping data for table `ka_mobile_broadcast`
--

LOCK TABLES `ka_mobile_broadcast` WRITE;
/*!40000 ALTER TABLE `ka_mobile_broadcast` DISABLE KEYS */;
INSERT INTO `ka_mobile_broadcast` VALUES (1,'test','test message',3,'process','2016-12-14 06:24:45','223.255.204.27'),(2,'test','there',3,'process','2017-01-12 07:02:54','192.80.138.18'),(3,'Hello, everybody','This is a test message',1,'process','2017-01-12 08:24:30','192.80.138.18'),(4,'Hello, everybody!','This is a test message 1',3,'process','2017-01-12 08:27:25','192.80.138.18');
/*!40000 ALTER TABLE `ka_mobile_broadcast` ENABLE KEYS */;
UNLOCK TABLES;

--
-- Table structure for table `ka_mobile_cart`
--

DROP TABLE IF EXISTS `ka_mobile_cart`;
/*!40101 SET @saved_cs_client     = @@character_set_client */;
/*!40101 SET character_set_client = utf8 */;
CREATE TABLE `ka_mobile_cart` (
  `device_id` varchar(255) DEFAULT NULL,
  `cart` text,
  KEY `device_id` (`device_id`)
) ENGINE=InnoDB DEFAULT CHARSET=utf8;
/*!40101 SET character_set_client = @saved_cs_client */;

--
-- Dumping data for table `ka_mobile_cart`
--

LOCK TABLES `ka_mobile_cart` WRITE;
/*!40000 ALTER TABLE `ka_mobile_cart` DISABLE KEYS */;
INSERT INTO `ka_mobile_cart` VALUES ('e9l7L1MTzC8:APA91bHy7d1QkLi84BUnBIekaECywUdmbW2KblybBo5ghHb8hY5rgkJYtrhzy93hhCL93YBBJBDfl9T3pdqIn9d5T57vbHvebZNskKtaa9n-Ro43jduDu7XfLUA69s3Vdam4HkEpN2m8','[{\"item_id\":\"3\",\"qty\":\"1\",\"price\":\"6|Grande\",\"sub_item\":[],\"cooking_ref\":[],\"ingredients\":[],\"order_notes\":\"\",\"discount\":\"\"}]'),('e8ipuRzEosE:APA91bFpP4cxaGKoo7ghDg7ErGhvY40Q7wwWvMmFNUq06PTtp2kumRE7MA6VdFs-kV6BHffvLe7GQrLk3elQTDupv33oxR3r7Xrb0251KATCVIy5IT86qCXEyvfy8U4hjSGlT1mcMpZG','[{\"item_id\":\"4\",\"qty\":\"1\",\"price\":\"5|Regular\",\"sub_item\":[],\"cooking_ref\":[],\"ingredients\":[],\"order_notes\":\"\",\"discount\":\"\"}]'),('cArrbm-i2Ug:APA91bHZF8MYpIjFZkH7s3esZHjr6EREVIIaTvaulWVZldhS0hw0RZ0OvA39Y2bdgIsekimJ-Nh96rw9YcJKNJm-B_fFtl0cs_-nxZDJ9O-U757XW027py6CwJpMwk9OHMzPFoovFKYA','[{\"item_id\":\"8\",\"qty\":\"1\",\"price\":\"2|15 cm\",\"sub_item\":[{\"subcat_id\":3,\"value\":\"5|1|Papas fritas\",\"qty\":\"1\"}],\"cooking_ref\":[],\"ingredients\":[{\"value\":\"Cebolla\"}],\"order_notes\":\"\",\"discount\":\"\"}]'),('esIgtnhW1iE:APA91bHiuzwjrR18_uUcjIRsnuIpPjnfp5h9LmNnLorgDSIrgIJDZyn2BtJohUztkMwkVGzdOe4_Ob1ONdUHuJlhLD-YKx9XaOFFSjyuR29VILzHrhS2H04SZuRDSFAgYJ_d6HJNjr9R','[{\"item_id\":\"8\",\"qty\":\"3\",\"price\":\"2|15 cm\",\"sub_item\":[{\"subcat_id\":3,\"value\":\"6|1|Ensalada de repollo\",\"qty\":\"1\"}],\"cooking_ref\":[],\"ingredients\":[{\"value\":\"Tomate\"}],\"order_notes\":\"\",\"discount\":\"\"}]'),('e2UZ-55jFQQ:APA91bH167ykqT3N_DvTvESmw3fsKI2TN4FKrT2cypW8-aItDQbMZ7Uq_96yz_7FkwVPgX44Ww3lP3brnOLf2Te4IiuuNU7OW_0z7ZXvG7UNBQexNZGcj_k-Cvh_0Fm489Em_fCe0PM5','[{\"item_id\":\"4\",\"qty\":\"1\",\"price\":\"5|Regular\",\"sub_item\":[],\"cooking_ref\":[],\"ingredients\":[],\"order_notes\":\"\",\"discount\":\"\"}]'),('c9yQrJmjsGI:APA91bHFL2mczwgfWhVvK8Q4xb_wOjz2F25F9teeNMpcnvbmeYBwagYxOI2AbMAqJDfyee4DNxNVcD75rEhnVTqNNW9hX_ACresYEvXvr1_tVhD6_92o35-55MoghG84vtnpkTCJtYr4','[{\"item_id\":\"4\",\"qty\":\"1\",\"price\":\"5|Regular\",\"sub_item\":[],\"cooking_ref\":[],\"ingredients\":[],\"order_notes\":\"\",\"discount\":\"\"}]'),('cpw8X6wSj2c:APA91bGhFq46AMcV1R5PLResS9y4o-td2Et6UTxp4Vctj4OYoURiqXw5QOMi5z1hXTwkWOFU9I_-NzVkBbicqJSYtI5IeVG57DhTu52-OuDuCExxnJCPNmuLDc_gmJmY-pbYe4dO8GZ8','[{\"item_id\":\"3\",\"qty\":\"1\",\"price\":\"6|Grande\",\"sub_item\":[{\"subcat_id\":4,\"value\":\"8|1|Tostadas de pan tradicional|\",\"qty\":\"itemqty\"}],\"cooking_ref\":[],\"ingredients\":[],\"order_notes\":\"\",\"discount\":\"\"}]'),('fEtAMhhghOs:APA91bFoeyMTBrSuSFkFOGBW-gHqdSHCIaDlhEYgX3n_QQDXdcQWkeRpLj2SRnft6yBx2QOdY6-x1ZPouPa9j26LPdB1BJdkPnqPExO2KVtLQ_ICLzaetSwnXOUJPdjLuuQeLgErUJSH','[{\"item_id\":\"3\",\"qty\":\"1\",\"price\":\"6|Grande\",\"sub_item\":[],\"cooking_ref\":[],\"ingredients\":[],\"order_notes\":\"\",\"discount\":\"\"}]'),('cC6YDnD96gE:APA91bG02-lNLGpwduwyQBWzu7pBgKvOgztoAToxiAXE4eW5JqBvKK4it84cDiqzkvEq610PvH92fAMTUqxjhipaRQlswnsn39ujJKo_LkuVuhowpTMrw-qgwj50uDaThIxiAxU8uAOz','[{\"item_id\":\"9\",\"qty\":\"3\",\"price\":\"3|15 cm\",\"sub_item\":[{\"subcat_id\":3,\"value\":\"6|1|Ensalada de repollo\",\"qty\":\"1\"}],\"cooking_ref\":[],\"ingredients\":[],\"order_notes\":\"\",\"discount\":\"\"}]'),('e11gDQssfjU:APA91bFKyNwv5DTcQMQXgZUc_2a4vzdGcsWOtpWKg2NTMKBoKXBsxMybFxdcYI3wJMHu7jbQ55WH-RzWrSGVIyjIoy5tyr62Vjj4kybvvmpjhXdzKiYenyVkmQBwOFX258ps1R59EUYo','[{\"item_id\":\"8\",\"qty\":\"1\",\"price\":\"2|15 cm\",\"sub_item\":[{\"subcat_id\":3,\"value\":\"6|1|Ensalada de repollo\",\"qty\":\"1\"}],\"cooking_ref\":[],\"ingredients\":[{\"value\":\"Cebolla\"},{\"value\":\"Tomate\"},{\"value\":\"Lechuga\"}],\"order_notes\":\"\",\"discount\":\"\"}]'),('c8JXwZgMcEw:APA91bFqAoPImLKYLLKU0sH9WTvyqg1ff4T9VvwlXEoVA9t9if4Imsl7IbuK1PUiYq0R3IupBEG8Q2PoNp4NqDbvB0TZLk2QNAfFYS4MhjAWnPGi6xoRy7ipZ1AMkUfzTv_JX0-TftjW','[{\"item_id\":\"3\",\"qty\":\"1\",\"price\":\"6|Grande\",\"sub_item\":[],\"cooking_ref\":[],\"ingredients\":[],\"order_notes\":\"\",\"discount\":\"\"}]'),('ddRHFVITtgo:APA91bFp8YmVftyGlts1I9Lr43aUvuaiy8vwnbQux7gemTrsjrlz-vzX8B4DbyTl5yRVq35CupB8qHxhIvYU2gFFeWG0yfd9cA4S9aiYahzV-YlciYMxLeCBhBw6t3GBKDS6zNVgvwjI','[{\"item_id\":\"4\",\"qty\":\"3\",\"price\":\"5|Regular\",\"sub_item\":[],\"cooking_ref\":[],\"ingredients\":[],\"order_notes\":\"\",\"discount\":\"\"},{\"item_id\":\"4\",\"qty\":\"1\",\"price\":\"5|Regular\",\"sub_item\":[],\"cooking_ref\":[],\"ingredients\":[],\"order_notes\":\"\",\"discount\":\"\"},{\"item_id\":\"4\",\"qty\":\"1\",\"price\":\"5|Regular\",\"sub_item\":[],\"cooking_ref\":[],\"ingredients\":[],\"order_notes\":\"\",\"discount\":\"\"}]'),('fiR-yWZBUps:APA91bFKveCe-4wKNYigSipF-sb5r1ky4qmWZZz4t7bNEiTCZSMl8ssoNNDMfHUJIEJzWlLjwVWtJ7THqsYAH0_bUJbjaK5zljRwsbQNEGx2RtlYUSR_rjlo9Enzf2jLBeAq9ZMpD3uF','[{\"item_id\":\"4\",\"qty\":\"6\",\"price\":\"5|Regular\",\"sub_item\":[],\"cooking_ref\":[],\"ingredients\":[],\"order_notes\":\"\",\"discount\":\"\"}]'),('ezCo5OXwEsk:APA91bH36pELuy0P8EFTtT-ypeF4XsnOzRj4V3EP49bv-6MdiVbCgjCUz1ojZCbPHPG37Hns-VvjRmSwEv-spMF7f8AwubGhOXh87qkRFaf7kEezuhdZvOpjUJqc0GRrYFtukbxpEXx0','[{\"item_id\":\"4\",\"qty\":\"1\",\"price\":\"5|Regular\",\"sub_item\":[],\"cooking_ref\":[],\"ingredients\":[],\"order_notes\":\"\",\"discount\":\"\"}]'),('dXWFB0EAO10:APA91bEmTfmAiz0zmUaKcBhAzvjgwF2VI4w6GrUdolohCw_pkKOmTmkTrw9rfdJq9bACqtXjrXh3wwdLNeF6X1EV0KA7kZTgB3VvuriR5FV0-hky-FXbyaF_26SE68WWI45bPTsDhKNI','[{\"item_id\":\"3\",\"qty\":\"1\",\"price\":\"6|Grande\",\"sub_item\":[],\"cooking_ref\":[],\"ingredients\":[],\"order_notes\":\"\",\"discount\":\"\"},{\"item_id\":\"3\",\"qty\":\"1\",\"price\":\"6|Grande\",\"sub_item\":[],\"cooking_ref\":[],\"ingredients\":[],\"order_notes\":\"\",\"discount\":\"\"},{\"item_id\":\"3\",\"qty\":\"1\",\"price\":\"6|Grande\",\"sub_item\":[],\"cooking_ref\":[],\"ingredients\":[],\"order_notes\":\"\",\"discount\":\"\"},{\"item_id\":\"3\",\"qty\":\"1\",\"price\":\"6|Grande\",\"sub_item\":[],\"cooking_ref\":[],\"ingredients\":[],\"order_notes\":\"\",\"discount\":\"\"}]'),('cUFSM0sKUTY:APA91bH4W6OxOYjjcKKSdKKCFJJWnk4ZguWeHiXP4K_CBw_r0Ks_6te4WWzqMkaiFfwvjIW1ZPVvBbrDb1pUKXfoCjY31UOBRsWojY54kJ4OhSK2FyqdWwLGKPRA5li49ntClYeSSe5g','[{\"item_id\":\"3\",\"qty\":\"1\",\"price\":\"6|Grande\",\"sub_item\":[],\"cooking_ref\":[],\"ingredients\":[],\"order_notes\":\"\",\"discount\":\"\"},{\"item_id\":\"3\",\"qty\":\"1\",\"price\":\"6|Grande\",\"sub_item\":[],\"cooking_ref\":[],\"ingredients\":[],\"order_notes\":\"\",\"discount\":\"\"},{\"item_id\":\"3\",\"qty\":\"1\",\"price\":\"6|Grande\",\"sub_item\":[],\"cooking_ref\":[],\"ingredients\":[],\"order_notes\":\"\",\"discount\":\"\"},{\"item_id\":\"3\",\"qty\":\"1\",\"price\":\"6|Grande\",\"sub_item\":[],\"cooking_ref\":[],\"ingredients\":[],\"order_notes\":\"\",\"discount\":\"\"}]'),('eSGLsH6Q2NQ:APA91bEe4Rso8ErndM_yz4zFa3Wt6_hpGxEWi9SjLdM5OsHuVfPF51GMYAVha_RtaSlP8NnAF3I02U_XCcVi8uZorhEyv8czcerml8NqGkbeTUj02Yqdc3FfJeZ8AJ4jj_7XPMaUoeOf','[{\"item_id\":\"3\",\"qty\":\"1\",\"price\":\"6|Grande\",\"sub_item\":[],\"cooking_ref\":[],\"ingredients\":[],\"order_notes\":\"\",\"discount\":\"\"}]'),('dCJam9h_t-g:APA91bG449he8IB4eYGoUW2ZoDYeD5GJPf8WZifjGMrrqO1r4EZDTAZKXePxwYccF9zbLgI4bZ8RDB8FYZQ1kAJSYTP8s3Kbu2ganZjZT2IDiuY1U13uUICT_1w3fOPeUpR-HtFaPUpr','[{\"item_id\":\"3\",\"qty\":\"1\",\"price\":\"6|Grande\",\"sub_item\":[],\"cooking_ref\":[],\"ingredients\":[],\"order_notes\":\"\",\"discount\":\"\"}]'),('elZ4K6XWad8:APA91bEiXdzhadDYpq3Lz1BNFMdParNYhvXd1RJ4fZTyJUcUg3W-idMd0-W7hetYjWCL1Z24OcicLHyELtLoIxYA0_pj4nzLDw0RogS9JtazAQ17ndSDsU6r89a_awlgq1c1teS85h-Y','[{\"item_id\":\"4\",\"qty\":\"1\",\"price\":\"5|Regular\",\"sub_item\":[],\"cooking_ref\":[],\"ingredients\":[],\"order_notes\":\"\",\"discount\":\"\"},{\"item_id\":\"4\",\"qty\":\"1\",\"price\":\"5|Regular\",\"sub_item\":[],\"cooking_ref\":[],\"ingredients\":[],\"order_notes\":\"\",\"discount\":\"\"}]'),('ePpTOgph7II:APA91bFcovUMupZrvA5ulbU39VTTH8B3NHx9Qdaa__E90sCJVBm2v-Tras02eI3XKtHTz7VXjtcTl5sW37YJ-fEM_alXrSiLT00WXQwqgZiSYSiCfgdbj23g_1o8ZoH3vZ-NPOIxb0Zm','[{\"item_id\":\"4\",\"qty\":\"1\",\"price\":\"5|Regular\",\"sub_item\":[],\"cooking_ref\":[],\"ingredients\":[],\"order_notes\":\"\",\"discount\":\"\"}]');
/*!40000 ALTER TABLE `ka_mobile_cart` ENABLE KEYS */;
UNLOCK TABLES;

--
-- Table structure for table `ka_mobile_device_merchant`
--

DROP TABLE IF EXISTS `ka_mobile_device_merchant`;
/*!40101 SET @saved_cs_client     = @@character_set_client */;
/*!40101 SET character_set_client = utf8 */;
CREATE TABLE `ka_mobile_device_merchant` (
  `id` int(14) NOT NULL AUTO_INCREMENT,
  `merchant_id` int(14) DEFAULT NULL,
  `user_type` varchar(100) DEFAULT NULL,
  `merchant_user_id` int(14) DEFAULT NULL,
  `device_platform` varchar(255) NOT NULL DEFAULT 'Android',
  `device_id` text,
  `enabled_push` int(1) NOT NULL DEFAULT '1',
  `date_created` datetime DEFAULT NULL,
  `date_modified` datetime DEFAULT NULL,
  `ip_address` varchar(50) DEFAULT NULL,
  `status` varchar(100) NOT NULL DEFAULT 'active',
  PRIMARY KEY (`id`),
  KEY `merchant_id` (`merchant_id`),
  KEY `enabled_push` (`enabled_push`),
  KEY `device_platform` (`device_platform`),
  KEY `merchant_user_id` (`merchant_user_id`),
  KEY `status` (`status`)
) ENGINE=InnoDB AUTO_INCREMENT=13 DEFAULT CHARSET=utf8;
/*!40101 SET character_set_client = @saved_cs_client */;

--
-- Dumping data for table `ka_mobile_device_merchant`
--

LOCK TABLES `ka_mobile_device_merchant` WRITE;
/*!40000 ALTER TABLE `ka_mobile_device_merchant` DISABLE KEYS */;
INSERT INTO `ka_mobile_device_merchant` VALUES (1,11,'admin',0,'Android','cnFjKnWQ7ns:APA91bGpOl8waCJNKNu1MWppIbBgDTNQYxWXiyXvjpN3BRwFalyr9nMoRKPW6IAHlhnjomPFAEDGy81OKV4jwzS4b4sfpYjjdwBP22k4IJaZXZSXL3hvu7JmsFSi_FNkXrprm4b8JMd1',1,'2016-11-30 23:22:42','2016-12-05 16:30:19','186.176.135.203','inactive'),(2,11,'admin',0,'Android','dcUjxRXz7Gg:APA91bEQblb-J5SkGBuqRGxn74oPXcL1bAHB5hqx2DDkqvP7OqyIhvNSB5EDr9vkNKTeFgKY-AX5a51wWwJIxc611Mi8-xy6qdvzUSo8f9liERZkj9lmGkvgTguFi0Sklyn9kjdGu_VG',1,'2017-01-13 11:19:30','2017-01-13 11:31:51','186.176.135.203','inactive'),(3,11,'admin',0,'Android','eBMyyX5WRss:APA91bEILuOImA7L2K9mGZf5rSrwTrn4ne1IUV0KmCKu_ZRab2C1fCOKEwucyMp6bx3iga6IBrJ169te9S4OrJR72JO7SArDg4WJ_-LnInQerpzKxVn6dGHWHaJT3soBoc1WIpN7JFbm',1,'2017-01-17 19:31:04','2017-01-17 19:31:41','186.64.149.93','active'),(4,NULL,NULL,NULL,'Android','fdSU8jnK8qA:APA91bEcf-Ne_w0DwDLEjehzi1HGjfKUxPu3SoLUtUIq8KHf2UZVZfZbA_c0pfTuC3UTCghpgZazpJ-h6RRrn8VQmDbimXuLa1KB5XxxzEhwF6siC3JS6Bxw7HSD2jKB4F4MylW9fJCS',1,'2017-01-19 08:53:06','2017-01-19 09:01:47','201.191.254.55','active'),(5,NULL,NULL,NULL,'Android','cGnnCS5Sl3Y:APA91bGDkIexehYnsrlmlwLW9wyDRTtzBKn-WMboFDTee0wLEBsBru7XsxUy0bIO0dQyLnq8plIkTJ3vhbST0_FzKuxYodJQipMV7FsrdccsJ0GHgQZ6qs_F3EiciEkZKKAsc9Didzpy',1,'2017-01-25 07:44:47',NULL,'201.191.254.191','active'),(6,NULL,NULL,NULL,'Android','d5SFAhbauyY:APA91bGEzYu1x06VAYPmI7qjosX3XksQQut856Vo9BZpcc25BLWpGXSrFVr9zaN7Ewh7Q09AH5H0zkDV9XjamIh9NRO6ZclfNUlzHPlYn_OsNYKxef5doou8RatP8j-5jeRDvh963Ju7',1,'2017-01-25 15:31:08',NULL,'201.201.215.138','active'),(7,NULL,NULL,NULL,'Android','cteK9TGwo-M:APA91bGCjFkAzTKMEUvhURmQdFZCP2kMsvvUwAzUGIweuqbY5XYypie7BV4lnxqgr-GaPqcyi96WVdVReRy4WvdVbAmTwOvmfqr_eDcgEzlZQR-UVbMLQgjRwghWORENgnxE91cbavWI',1,'2017-01-26 16:42:02',NULL,'104.132.223.97','active'),(8,NULL,NULL,NULL,'Android','eMnzg9moCVs:APA91bFtqMYhjWRwy0pxDDLrQVbZHk5i-S2vvAmnY60QTbMyw7adBVlACOLd3QQ2HSYe4USjShXEkWFMdYWzb5nEiiEUr_nxi5vwY4bmXVrgMaLZYd56cZmQyAIupL2qP8Rjkdd-UH_u',1,'2017-01-27 11:22:53',NULL,'201.191.195.56','active'),(9,NULL,NULL,NULL,'iOS','e9eb31f62a73d9619fb0fe8a5a4bf13d5aae74e731b72d32e0f83e9620abfbbd',1,'2017-01-31 13:57:00','2017-01-31 13:57:38','201.201.215.149','active'),(10,NULL,NULL,NULL,'Android','eWIEgRRh7Fw:APA91bEc7tViZlhq18igqRCzQ45TtMj7D5hUqt2tbGCymo5wInYBCIsvCsyw3oUGnIT39MQjdflRksK1EcBTVUx1QeUTLg3CBCtLv0NY67XaOexCyRv65anFGO9qPjwQd5e8Pa9klXEP',1,'2017-02-03 15:31:07','2017-02-04 20:55:48','186.32.223.229','active'),(11,NULL,NULL,NULL,'Android','cDLlSuANydM:APA91bE4zlc-XM2oIPZh1rgUm4Gm39KYYWCqEJMy_lQ7m1obR5e2MwpxB20GwO-hvZed49Etttic3N3jDl29vBzFQpN5UhXq6zQ8LKZLXLWP5uz03lrZtajsB2lkFsa8pssJznv4aGam',1,'2017-02-04 18:28:50',NULL,'181.194.136.106','active'),(12,NULL,NULL,NULL,'Android','frY2Z5EvzWM:APA91bEKtxGZQUXoAF51kc4JYVK7Z8YzDDBMagIMfejthupkG2WC6lBSOTcB-CIESrWVvIHPlYLqQEEDd6BgPPxbZCTRZKu95cbfFYMjjisIB40N5HBHGajC52FqNlLZEebmBvbvurES',1,'2017-02-05 09:19:35','2017-02-05 10:50:23','201.194.87.49','active');
/*!40000 ALTER TABLE `ka_mobile_device_merchant` ENABLE KEYS */;
UNLOCK TABLES;

--
-- Table structure for table `ka_mobile_merchant_pushlogs`
--

DROP TABLE IF EXISTS `ka_mobile_merchant_pushlogs`;
/*!40101 SET @saved_cs_client     = @@character_set_client */;
/*!40101 SET character_set_client = utf8 */;
CREATE TABLE `ka_mobile_merchant_pushlogs` (
  `id` int(14) NOT NULL AUTO_INCREMENT,
  `merchant_id` int(14) DEFAULT NULL,
  `user_type` varchar(50) DEFAULT NULL,
  `merchant_user_id` int(14) DEFAULT NULL,
  `device_platform` varchar(100) DEFAULT NULL,
  `device_id` text,
  `push_title` varchar(255) DEFAULT NULL,
  `push_message` varchar(255) DEFAULT NULL,
  `push_type` varchar(100) NOT NULL DEFAULT 'order',
  `status` varchar(255) NOT NULL DEFAULT 'pending',
  `json_response` text,
  `date_created` datetime DEFAULT NULL,
  `date_process` datetime DEFAULT NULL,
  `ip_address` varchar(50) DEFAULT NULL,
  `broadcast_id` int(14) DEFAULT NULL,
  `order_id` int(14) DEFAULT NULL,
  `booking_id` int(14) DEFAULT NULL,
  PRIMARY KEY (`id`),
  KEY `device_platform` (`device_platform`),
  KEY `push_type` (`push_type`),
  KEY `status` (`status`)
) ENGINE=InnoDB AUTO_INCREMENT=3 DEFAULT CHARSET=utf8;
/*!40101 SET character_set_client = @saved_cs_client */;

--
-- Dumping data for table `ka_mobile_merchant_pushlogs`
--

LOCK TABLES `ka_mobile_merchant_pushlogs` WRITE;
/*!40000 ALTER TABLE `ka_mobile_merchant_pushlogs` DISABLE KEYS */;
INSERT INTO `ka_mobile_merchant_pushlogs` VALUES (1,11,'admin',0,'Android','cnFjKnWQ7ns:APA91bGpOl8waCJNKNu1MWppIbBgDTNQYxWXiyXvjpN3BRwFalyr9nMoRKPW6IAHlhnjomPFAEDGy81OKV4jwzS4b4sfpYjjdwBP22k4IJaZXZSXL3hvu7JmsFSi_FNkXrprm4b8JMd1','New order #61 total amount : &#36; 6','La Favorita you have new order from Andrés Martén Guevara\r\nwith the order no:61 with the total amount of &#36; 6','order','NotRegistered','{\"multicast_id\":6440650008113684157,\"success\":0,\"failure\":1,\"canonical_ids\":0,\"results\":[{\"error\":\"NotRegistered\"}]}','2017-01-13 17:19:02','2017-01-13 17:20:02','35.162.198.163',NULL,61,NULL),(2,11,'admin',0,'Android','eBMyyX5WRss:APA91bEILuOImA7L2K9mGZf5rSrwTrn4ne1IUV0KmCKu_ZRab2C1fCOKEwucyMp6bx3iga6IBrJ169te9S4OrJR72JO7SArDg4WJ_-LnInQerpzKxVn6dGHWHaJT3soBoc1WIpN7JFbm','Nueva orden #70 por : &#36; 7','La Favorita tienes una nueva orden de Andrés Martén Guevara\r\ncon el número:70 por un total de &#36; 7','order','MismatchSenderId','{\"multicast_id\":8203887397829829931,\"success\":0,\"failure\":1,\"canonical_ids\":0,\"results\":[{\"error\":\"MismatchSenderId\"}]}','2017-01-18 20:50:02','2017-01-18 20:51:01','35.162.198.163',NULL,70,NULL);
/*!40000 ALTER TABLE `ka_mobile_merchant_pushlogs` ENABLE KEYS */;
UNLOCK TABLES;

--
-- Table structure for table `ka_mobile_push_logs`
--

DROP TABLE IF EXISTS `ka_mobile_push_logs`;
/*!40101 SET @saved_cs_client     = @@character_set_client */;
/*!40101 SET character_set_client = utf8 */;
CREATE TABLE `ka_mobile_push_logs` (
  `id` int(14) NOT NULL AUTO_INCREMENT,
  `client_id` int(14) DEFAULT NULL,
  `client_name` varchar(255) DEFAULT NULL,
  `device_platform` varchar(100) DEFAULT NULL,
  `device_id` text,
  `push_title` varchar(255) DEFAULT NULL,
  `push_message` varchar(255) DEFAULT NULL,
  `push_type` varchar(100) NOT NULL DEFAULT 'order',
  `status` varchar(255) NOT NULL DEFAULT 'pending',
  `json_response` text,
  `date_created` datetime DEFAULT NULL,
  `date_process` datetime DEFAULT NULL,
  `ip_address` varchar(50) DEFAULT NULL,
  `broadcast_id` int(14) DEFAULT NULL,
  PRIMARY KEY (`id`),
  KEY `device_platform` (`device_platform`),
  KEY `push_type` (`push_type`),
  KEY `status` (`status`)
) ENGINE=InnoDB AUTO_INCREMENT=101 DEFAULT CHARSET=utf8;
/*!40101 SET character_set_client = @saved_cs_client */;

--
-- Dumping data for table `ka_mobile_push_logs`
--

LOCK TABLES `ka_mobile_push_logs` WRITE;
/*!40000 ALTER TABLE `ka_mobile_push_logs` DISABLE KEYS */;
INSERT INTO `ka_mobile_push_logs` VALUES (1,3,'Andrés Martín','Android','eAhYJgs6uGk:APA91bGxAH6wi9ENhozJCXOqalDf5Nn8CAHI7ZqEqWHohFxYPTji5nClOlbGyG5CIg114bJ6VkF4z8DjGlDuia2i-LGgv3zIfo3VChrdu8daJuv7nlUOH5OZpNV_Ye_nKMqNRsLfNtho','Tu orden #15 ha sido actualizada','Tu orden #15 ha pasado a accepted','order','invalid response from push service','{\"success\":0,\"results\":[{\"error\":\"invalid response from push service\"}]}','2016-12-01 00:07:40','2016-12-13 21:38:33','186.15.209.214',0),(2,3,'Andrés Martín','Android','eAhYJgs6uGk:APA91bGxAH6wi9ENhozJCXOqalDf5Nn8CAHI7ZqEqWHohFxYPTji5nClOlbGyG5CIg114bJ6VkF4z8DjGlDuia2i-LGgv3zIfo3VChrdu8daJuv7nlUOH5OZpNV_Ye_nKMqNRsLfNtho','Tu orden #15 ha sido actualizada','Tu orden #15 ha pasado a Aceptado','order','invalid response from push service','{\"success\":0,\"results\":[{\"error\":\"invalid response from push service\"}]}','2016-12-01 00:10:42','2016-12-13 21:38:33','186.15.209.214',0),(3,3,'Andrés Martín','Android','eAhYJgs6uGk:APA91bGxAH6wi9ENhozJCXOqalDf5Nn8CAHI7ZqEqWHohFxYPTji5nClOlbGyG5CIg114bJ6VkF4z8DjGlDuia2i-LGgv3zIfo3VChrdu8daJuv7nlUOH5OZpNV_Ye_nKMqNRsLfNtho','Tu orden #15 ha sido actualizada','Tu orden #15 ha pasado a 1. Pendiente','order','invalid response from push service','{\"success\":0,\"results\":[{\"error\":\"invalid response from push service\"}]}','2016-12-01 00:13:09','2016-12-13 21:38:33','186.15.209.214',0),(4,3,'Andrés Martín','Android','eAhYJgs6uGk:APA91bGxAH6wi9ENhozJCXOqalDf5Nn8CAHI7ZqEqWHohFxYPTji5nClOlbGyG5CIg114bJ6VkF4z8DjGlDuia2i-LGgv3zIfo3VChrdu8daJuv7nlUOH5OZpNV_Ye_nKMqNRsLfNtho','Tu orden #15 ha sido actualizada','Tu orden #15 ha pasado a Pagado','order','invalid response from push service','{\"success\":0,\"results\":[{\"error\":\"invalid response from push service\"}]}','2016-12-01 19:20:01','2016-12-13 21:38:33','186.64.150.120',0),(5,3,'Andrés Martín','Android','eAhYJgs6uGk:APA91bGxAH6wi9ENhozJCXOqalDf5Nn8CAHI7ZqEqWHohFxYPTji5nClOlbGyG5CIg114bJ6VkF4z8DjGlDuia2i-LGgv3zIfo3VChrdu8daJuv7nlUOH5OZpNV_Ye_nKMqNRsLfNtho','Tu orden #15 ha sido actualizada','Tu orden #15 ha pasado a Entregado','order','invalid response from push service','{\"success\":0,\"results\":[{\"error\":\"invalid response from push service\"}]}','2016-12-01 19:24:27','2016-12-13 21:38:33','186.64.150.120',0),(6,3,'Andrés Martín','Android','eAhYJgs6uGk:APA91bGxAH6wi9ENhozJCXOqalDf5Nn8CAHI7ZqEqWHohFxYPTji5nClOlbGyG5CIg114bJ6VkF4z8DjGlDuia2i-LGgv3zIfo3VChrdu8daJuv7nlUOH5OZpNV_Ye_nKMqNRsLfNtho','Tu orden #19 ha sido actualizada','Tu orden #19 ha pasado a En preparación Artesano de la Comida','order','invalid response from push service','{\"success\":0,\"results\":[{\"error\":\"invalid response from push service\"}]}','2016-12-05 07:00:44','2016-12-13 21:38:33','186.64.150.120',0),(7,3,'Andrés Martín','Android','eAhYJgs6uGk:APA91bGxAH6wi9ENhozJCXOqalDf5Nn8CAHI7ZqEqWHohFxYPTji5nClOlbGyG5CIg114bJ6VkF4z8DjGlDuia2i-LGgv3zIfo3VChrdu8daJuv7nlUOH5OZpNV_Ye_nKMqNRsLfNtho','Tu orden #21 ha sido actualizada','Tu orden #21 ha pasado a En preparación Artesano de la Comida','order','invalid response from push service','{\"success\":0,\"results\":[{\"error\":\"invalid response from push service\"}]}','2016-12-05 07:36:39','2016-12-13 21:38:33','186.64.150.120',0),(8,3,'Andrés Martín','Android','eAhYJgs6uGk:APA91bGxAH6wi9ENhozJCXOqalDf5Nn8CAHI7ZqEqWHohFxYPTji5nClOlbGyG5CIg114bJ6VkF4z8DjGlDuia2i-LGgv3zIfo3VChrdu8daJuv7nlUOH5OZpNV_Ye_nKMqNRsLfNtho','Tu orden #21 ha sido actualizada','Tu orden #21 ha pasado a Esperando aprobación Artesano de la Comida','order','invalid response from push service','{\"success\":0,\"results\":[{\"error\":\"invalid response from push service\"}]}','2016-12-05 08:12:44','2016-12-13 21:38:33','186.64.150.120',0),(9,3,'Andrés Martín','Android','eAhYJgs6uGk:APA91bGxAH6wi9ENhozJCXOqalDf5Nn8CAHI7ZqEqWHohFxYPTji5nClOlbGyG5CIg114bJ6VkF4z8DjGlDuia2i-LGgv3zIfo3VChrdu8daJuv7nlUOH5OZpNV_Ye_nKMqNRsLfNtho','Tu orden #21 ha sido actualizada','Tu orden #21 ha pasado a Cancelado Artesano de la Comida','order','invalid response from push service','{\"success\":0,\"results\":[{\"error\":\"invalid response from push service\"}]}','2016-12-05 08:13:16','2016-12-13 21:38:33','186.64.150.120',0),(10,3,'Andrés Martín','Android','eAhYJgs6uGk:APA91bGxAH6wi9ENhozJCXOqalDf5Nn8CAHI7ZqEqWHohFxYPTji5nClOlbGyG5CIg114bJ6VkF4z8DjGlDuia2i-LGgv3zIfo3VChrdu8daJuv7nlUOH5OZpNV_Ye_nKMqNRsLfNtho','Tu orden #21 ha sido actualizada','Tu orden #21 ha pasado a Entregado','order','invalid response from push service','{\"success\":0,\"results\":[{\"error\":\"invalid response from push service\"}]}','2016-12-05 08:13:31','2016-12-13 21:38:33','186.64.150.120',0),(11,3,'Andrés Martín','Android','eAhYJgs6uGk:APA91bGxAH6wi9ENhozJCXOqalDf5Nn8CAHI7ZqEqWHohFxYPTji5nClOlbGyG5CIg114bJ6VkF4z8DjGlDuia2i-LGgv3zIfo3VChrdu8daJuv7nlUOH5OZpNV_Ye_nKMqNRsLfNtho','Tu orden #21 ha sido actualizada','Tu orden #21 ha pasado a Cancelado por Express','order','invalid response from push service','{\"success\":0,\"results\":[{\"error\":\"invalid response from push service\"}]}','2016-12-05 08:13:40','2016-12-13 21:39:05','186.64.150.120',0),(12,3,'Andrés Martín','Android','eAhYJgs6uGk:APA91bGxAH6wi9ENhozJCXOqalDf5Nn8CAHI7ZqEqWHohFxYPTji5nClOlbGyG5CIg114bJ6VkF4z8DjGlDuia2i-LGgv3zIfo3VChrdu8daJuv7nlUOH5OZpNV_Ye_nKMqNRsLfNtho','Tu orden #21 ha sido actualizada','Tu orden #21 ha pasado a En preparación Artesano de la Comida','order','invalid response from push service','{\"success\":0,\"results\":[{\"error\":\"invalid response from push service\"}]}','2016-12-05 08:13:49','2016-12-13 21:39:05','186.64.150.120',0),(13,3,'Andrés Martín','Android','eAhYJgs6uGk:APA91bGxAH6wi9ENhozJCXOqalDf5Nn8CAHI7ZqEqWHohFxYPTji5nClOlbGyG5CIg114bJ6VkF4z8DjGlDuia2i-LGgv3zIfo3VChrdu8daJuv7nlUOH5OZpNV_Ye_nKMqNRsLfNtho','Tu orden #21 ha sido actualizada','Tu orden #21 ha pasado a Esperando aprobación de Express','order','invalid response from push service','{\"success\":0,\"results\":[{\"error\":\"invalid response from push service\"}]}','2016-12-05 08:13:55','2016-12-13 21:39:05','186.64.150.120',0),(14,3,'Andrés Martín','Android','eAhYJgs6uGk:APA91bGxAH6wi9ENhozJCXOqalDf5Nn8CAHI7ZqEqWHohFxYPTji5nClOlbGyG5CIg114bJ6VkF4z8DjGlDuia2i-LGgv3zIfo3VChrdu8daJuv7nlUOH5OZpNV_Ye_nKMqNRsLfNtho','Tu orden #21 ha sido actualizada','Tu orden #21 ha pasado a Pagado','order','invalid response from push service','{\"success\":0,\"results\":[{\"error\":\"invalid response from push service\"}]}','2016-12-05 08:15:12','2016-12-13 21:39:05','186.64.150.120',0),(15,3,'Andrés Martín','Android','eAhYJgs6uGk:APA91bGxAH6wi9ENhozJCXOqalDf5Nn8CAHI7ZqEqWHohFxYPTji5nClOlbGyG5CIg114bJ6VkF4z8DjGlDuia2i-LGgv3zIfo3VChrdu8daJuv7nlUOH5OZpNV_Ye_nKMqNRsLfNtho','Tu orden #21 ha sido actualizada','Tu orden #21 ha pasado a Esperando aprobación Artesano de la Comida','order','invalid response from push service','{\"success\":0,\"results\":[{\"error\":\"invalid response from push service\"}]}','2016-12-05 08:15:21','2016-12-13 21:39:05','186.64.150.120',0),(16,3,'Andrés Martín','Android','eAhYJgs6uGk:APA91bGxAH6wi9ENhozJCXOqalDf5Nn8CAHI7ZqEqWHohFxYPTji5nClOlbGyG5CIg114bJ6VkF4z8DjGlDuia2i-LGgv3zIfo3VChrdu8daJuv7nlUOH5OZpNV_Ye_nKMqNRsLfNtho','Tu orden #21 ha sido actualizada','Tu orden #21 ha pasado a Cancelado Artesano de la Comida','order','invalid response from push service','{\"success\":0,\"results\":[{\"error\":\"invalid response from push service\"}]}','2016-12-05 08:15:27','2016-12-13 21:39:05','186.64.150.120',0),(17,3,'Andrés Martín','Android','eAhYJgs6uGk:APA91bGxAH6wi9ENhozJCXOqalDf5Nn8CAHI7ZqEqWHohFxYPTji5nClOlbGyG5CIg114bJ6VkF4z8DjGlDuia2i-LGgv3zIfo3VChrdu8daJuv7nlUOH5OZpNV_Ye_nKMqNRsLfNtho','Tu orden #23 ha sido actualizada','Tu orden #23 ha pasado a received','order','invalid response from push service','{\"success\":0,\"results\":[{\"error\":\"invalid response from push service\"}]}','2016-12-05 08:50:58','2016-12-13 21:39:05','186.64.150.120',0),(18,3,'Andrés Martín','Android','eAhYJgs6uGk:APA91bGxAH6wi9ENhozJCXOqalDf5Nn8CAHI7ZqEqWHohFxYPTji5nClOlbGyG5CIg114bJ6VkF4z8DjGlDuia2i-LGgv3zIfo3VChrdu8daJuv7nlUOH5OZpNV_Ye_nKMqNRsLfNtho','Tu orden #24 ha sido actualizada','Tu orden #24 ha pasado a received','order','invalid response from push service','{\"success\":0,\"results\":[{\"error\":\"invalid response from push service\"}]}','2016-12-05 08:58:30','2016-12-13 21:39:05','186.64.150.120',0),(19,3,'Andrés Martín','Android','eAhYJgs6uGk:APA91bGxAH6wi9ENhozJCXOqalDf5Nn8CAHI7ZqEqWHohFxYPTji5nClOlbGyG5CIg114bJ6VkF4z8DjGlDuia2i-LGgv3zIfo3VChrdu8daJuv7nlUOH5OZpNV_Ye_nKMqNRsLfNtho','Tu orden #24 ha sido actualizada','Tu orden #24 ha pasado a De camino Express','order','invalid response from push service','{\"success\":0,\"results\":[{\"error\":\"invalid response from push service\"}]}','2016-12-05 09:00:39','2016-12-13 21:39:06','186.64.150.120',0),(20,3,'Andrés Martín','Android','eAhYJgs6uGk:APA91bGxAH6wi9ENhozJCXOqalDf5Nn8CAHI7ZqEqWHohFxYPTji5nClOlbGyG5CIg114bJ6VkF4z8DjGlDuia2i-LGgv3zIfo3VChrdu8daJuv7nlUOH5OZpNV_Ye_nKMqNRsLfNtho','Tu orden #25 ha sido actualizada','Tu orden #25 ha pasado a received','order','invalid response from push service','{\"success\":0,\"results\":[{\"error\":\"invalid response from push service\"}]}','2016-12-05 09:07:01','2016-12-13 21:39:06','186.64.150.120',0),(21,3,'Andrés Martín','Android','eAhYJgs6uGk:APA91bGxAH6wi9ENhozJCXOqalDf5Nn8CAHI7ZqEqWHohFxYPTji5nClOlbGyG5CIg114bJ6VkF4z8DjGlDuia2i-LGgv3zIfo3VChrdu8daJuv7nlUOH5OZpNV_Ye_nKMqNRsLfNtho','Tu orden #25 ha sido actualizada','Tu orden #25 ha pasado a Esperando aprobación de Express','order','invalid response from push service','{\"success\":0,\"results\":[{\"error\":\"invalid response from push service\"}]}','2016-12-05 09:08:24','2016-12-13 21:39:07','186.64.150.120',0),(22,3,'Andrés Martín','Android','eAhYJgs6uGk:APA91bGxAH6wi9ENhozJCXOqalDf5Nn8CAHI7ZqEqWHohFxYPTji5nClOlbGyG5CIg114bJ6VkF4z8DjGlDuia2i-LGgv3zIfo3VChrdu8daJuv7nlUOH5OZpNV_Ye_nKMqNRsLfNtho','Tu orden #25 ha sido actualizada','Tu orden #25 ha pasado a Esperando aprobación Artesano de la Comida','order','invalid response from push service','{\"success\":0,\"results\":[{\"error\":\"invalid response from push service\"}]}','2016-12-05 09:09:08','2016-12-13 21:39:07','186.64.150.120',0),(23,3,'Andrés Martín','Android','eAhYJgs6uGk:APA91bGxAH6wi9ENhozJCXOqalDf5Nn8CAHI7ZqEqWHohFxYPTji5nClOlbGyG5CIg114bJ6VkF4z8DjGlDuia2i-LGgv3zIfo3VChrdu8daJuv7nlUOH5OZpNV_Ye_nKMqNRsLfNtho','Tu orden #25 ha sido actualizada','Tu orden #25 ha pasado a Esperando aprobación de Express','order','invalid response from push service','{\"success\":0,\"results\":[{\"error\":\"invalid response from push service\"}]}','2016-12-05 09:09:15','2016-12-13 21:39:07','186.64.150.120',0),(24,3,'Andrés Martín','Android','eAhYJgs6uGk:APA91bGxAH6wi9ENhozJCXOqalDf5Nn8CAHI7ZqEqWHohFxYPTji5nClOlbGyG5CIg114bJ6VkF4z8DjGlDuia2i-LGgv3zIfo3VChrdu8daJuv7nlUOH5OZpNV_Ye_nKMqNRsLfNtho','DELIVERY REQUEST RECEIVED','','order','invalid response from push service','{\"success\":0,\"results\":[{\"error\":\"invalid response from push service\"}]}','2016-12-05 10:09:11','2016-12-13 21:39:07','186.64.150.120',0),(25,3,'Andrés Martín','Android','eAhYJgs6uGk:APA91bGxAH6wi9ENhozJCXOqalDf5Nn8CAHI7ZqEqWHohFxYPTji5nClOlbGyG5CIg114bJ6VkF4z8DjGlDuia2i-LGgv3zIfo3VChrdu8daJuv7nlUOH5OZpNV_Ye_nKMqNRsLfNtho','DELIVERY DRIVER STARTED','','order','invalid response from push service','{\"success\":0,\"results\":[{\"error\":\"invalid response from push service\"}]}','2016-12-05 10:09:28','2016-12-13 21:39:07','186.64.150.120',0),(26,3,'Andrés Martín','Android','eAhYJgs6uGk:APA91bGxAH6wi9ENhozJCXOqalDf5Nn8CAHI7ZqEqWHohFxYPTji5nClOlbGyG5CIg114bJ6VkF4z8DjGlDuia2i-LGgv3zIfo3VChrdu8daJuv7nlUOH5OZpNV_Ye_nKMqNRsLfNtho','DELIVERY SUCCESSFUL','','order','invalid response from push service','{\"success\":0,\"results\":[{\"error\":\"invalid response from push service\"}]}','2016-12-05 11:34:27','2016-12-13 21:39:07','186.176.135.203',0),(27,3,'Andrés Martín','Android','eAhYJgs6uGk:APA91bGxAH6wi9ENhozJCXOqalDf5Nn8CAHI7ZqEqWHohFxYPTji5nClOlbGyG5CIg114bJ6VkF4z8DjGlDuia2i-LGgv3zIfo3VChrdu8daJuv7nlUOH5OZpNV_Ye_nKMqNRsLfNtho','Tu orden #25 ha sido actualizada','Tu orden #25 ha pasado a Pagado','order','invalid response from push service','{\"success\":0,\"results\":[{\"error\":\"invalid response from push service\"}]}','2016-12-05 11:36:35','2016-12-13 21:39:08','186.176.135.203',0),(28,3,'Andrés Martín','Android','eAhYJgs6uGk:APA91bGxAH6wi9ENhozJCXOqalDf5Nn8CAHI7ZqEqWHohFxYPTji5nClOlbGyG5CIg114bJ6VkF4z8DjGlDuia2i-LGgv3zIfo3VChrdu8daJuv7nlUOH5OZpNV_Ye_nKMqNRsLfNtho','Tu orden #25 ha sido actualizada','Tu orden #25 ha pasado a Paid','order','invalid response from push service','{\"success\":0,\"results\":[{\"error\":\"invalid response from push service\"}]}','2016-12-05 11:40:58','2016-12-13 21:39:08','186.176.135.203',0),(29,3,'Andrés Martín','Android','eAhYJgs6uGk:APA91bGxAH6wi9ENhozJCXOqalDf5Nn8CAHI7ZqEqWHohFxYPTji5nClOlbGyG5CIg114bJ6VkF4z8DjGlDuia2i-LGgv3zIfo3VChrdu8daJuv7nlUOH5OZpNV_Ye_nKMqNRsLfNtho','Tu orden #20 ha sido actualizada','Tu orden #20 ha pasado a Paid','order','invalid response from push service','{\"success\":0,\"results\":[{\"error\":\"invalid response from push service\"}]}','2016-12-05 12:25:11','2016-12-13 21:39:08','186.176.135.203',0),(30,3,'Andrés Martín','Android','eAhYJgs6uGk:APA91bGxAH6wi9ENhozJCXOqalDf5Nn8CAHI7ZqEqWHohFxYPTji5nClOlbGyG5CIg114bJ6VkF4z8DjGlDuia2i-LGgv3zIfo3VChrdu8daJuv7nlUOH5OZpNV_Ye_nKMqNRsLfNtho','Tu orden #29 ha sido actualizada','Tu orden #29 ha pasado a received','order','invalid response from push service','{\"success\":0,\"results\":[{\"error\":\"invalid response from push service\"}]}','2016-12-05 14:40:28','2016-12-13 21:39:08','186.176.135.203',0),(31,3,'Andrés Martín','Android','eAhYJgs6uGk:APA91bGxAH6wi9ENhozJCXOqalDf5Nn8CAHI7ZqEqWHohFxYPTji5nClOlbGyG5CIg114bJ6VkF4z8DjGlDuia2i-LGgv3zIfo3VChrdu8daJuv7nlUOH5OZpNV_Ye_nKMqNRsLfNtho','Tu orden #29 ha sido actualizada','Tu orden #29 ha pasado a En preparación Artesano de la Comida','order','invalid response from push service','{\"success\":0,\"results\":[{\"error\":\"invalid response from push service\"}]}','2016-12-05 14:41:51','2016-12-13 21:39:09','186.176.135.203',0),(32,3,'Andrés Martín','Android','eAhYJgs6uGk:APA91bGxAH6wi9ENhozJCXOqalDf5Nn8CAHI7ZqEqWHohFxYPTji5nClOlbGyG5CIg114bJ6VkF4z8DjGlDuia2i-LGgv3zIfo3VChrdu8daJuv7nlUOH5OZpNV_Ye_nKMqNRsLfNtho','Tu orden #29 ha sido actualizada','Tu orden #29 ha pasado a Esperando aprobación de Express','order','invalid response from push service','{\"success\":0,\"results\":[{\"error\":\"invalid response from push service\"}]}','2016-12-05 14:42:09','2016-12-13 21:39:09','186.176.135.203',0),(33,3,'Andrés Martín','Android','eAhYJgs6uGk:APA91bGxAH6wi9ENhozJCXOqalDf5Nn8CAHI7ZqEqWHohFxYPTji5nClOlbGyG5CIg114bJ6VkF4z8DjGlDuia2i-LGgv3zIfo3VChrdu8daJuv7nlUOH5OZpNV_Ye_nKMqNRsLfNtho','DELIVERY REQUEST RECEIVED','','order','invalid response from push service','{\"success\":0,\"results\":[{\"error\":\"invalid response from push service\"}]}','2016-12-05 14:47:03','2016-12-13 21:39:09','186.176.135.203',0),(34,3,'Andrés Martín','Android','eAhYJgs6uGk:APA91bGxAH6wi9ENhozJCXOqalDf5Nn8CAHI7ZqEqWHohFxYPTji5nClOlbGyG5CIg114bJ6VkF4z8DjGlDuia2i-LGgv3zIfo3VChrdu8daJuv7nlUOH5OZpNV_Ye_nKMqNRsLfNtho','DELIVERY DRIVER STARTED','','order','invalid response from push service','{\"success\":0,\"results\":[{\"error\":\"invalid response from push service\"}]}','2016-12-05 14:47:08','2016-12-13 21:39:09','186.176.135.203',0),(35,3,'Andrés Martín','Android','eAhYJgs6uGk:APA91bGxAH6wi9ENhozJCXOqalDf5Nn8CAHI7ZqEqWHohFxYPTji5nClOlbGyG5CIg114bJ6VkF4z8DjGlDuia2i-LGgv3zIfo3VChrdu8daJuv7nlUOH5OZpNV_Ye_nKMqNRsLfNtho','DELIVERY SUCCESSFUL','','order','invalid response from push service','{\"success\":0,\"results\":[{\"error\":\"invalid response from push service\"}]}','2016-12-05 14:49:40','2016-12-13 21:39:10','186.176.135.203',0),(36,3,'Andrés Martín','Android','eAhYJgs6uGk:APA91bGxAH6wi9ENhozJCXOqalDf5Nn8CAHI7ZqEqWHohFxYPTji5nClOlbGyG5CIg114bJ6VkF4z8DjGlDuia2i-LGgv3zIfo3VChrdu8daJuv7nlUOH5OZpNV_Ye_nKMqNRsLfNtho','Tu orden #29 ha sido actualizada','Tu orden #29 ha pasado a Paid','order','invalid response from push service','{\"success\":0,\"results\":[{\"error\":\"invalid response from push service\"}]}','2016-12-05 14:50:28','2016-12-13 21:39:10','186.176.135.203',0),(37,3,'Andrés Martín','Android','eAhYJgs6uGk:APA91bGxAH6wi9ENhozJCXOqalDf5Nn8CAHI7ZqEqWHohFxYPTji5nClOlbGyG5CIg114bJ6VkF4z8DjGlDuia2i-LGgv3zIfo3VChrdu8daJuv7nlUOH5OZpNV_Ye_nKMqNRsLfNtho','Tu orden #30 ha sido actualizada','Tu orden #30 ha pasado a received','order','invalid response from push service','{\"success\":0,\"results\":[{\"error\":\"invalid response from push service\"}]}','2016-12-05 15:02:33','2016-12-13 21:39:10','186.176.135.203',0),(38,3,'Andrés Martén Guevara','Android','e9l7L1MTzC8:APA91bHy7d1QkLi84BUnBIekaECywUdmbW2KblybBo5ghHb8hY5rgkJYtrhzy93hhCL93YBBJBDfl9T3pdqIn9d5T57vbHvebZNskKtaa9n-Ro43jduDu7XfLUA69s3Vdam4HkEpN2m8','Tu orden #15 ha sido actualizada','Tu orden #15 ha pasado a Paid','order','invalid response from push service','{\"success\":0,\"results\":[{\"error\":\"invalid response from push service\"}]}','2016-12-13 13:07:35','2016-12-13 21:39:10','186.64.150.120',0),(39,3,'Andrés Martén Guevara','Android','e9l7L1MTzC8:APA91bHy7d1QkLi84BUnBIekaECywUdmbW2KblybBo5ghHb8hY5rgkJYtrhzy93hhCL93YBBJBDfl9T3pdqIn9d5T57vbHvebZNskKtaa9n-Ro43jduDu7XfLUA69s3Vdam4HkEpN2m8','Tu orden #15 ha sido actualizada','Tu orden #15 ha pasado a Cancelado Artesano de la Comida','order','invalid response from push service','{\"success\":0,\"results\":[{\"error\":\"invalid response from push service\"}]}','2016-12-13 13:14:22','2016-12-13 21:39:10','186.64.150.120',0),(40,3,'Andrés Martén Guevara','Android','e9l7L1MTzC8:APA91bHy7d1QkLi84BUnBIekaECywUdmbW2KblybBo5ghHb8hY5rgkJYtrhzy93hhCL93YBBJBDfl9T3pdqIn9d5T57vbHvebZNskKtaa9n-Ro43jduDu7XfLUA69s3Vdam4HkEpN2m8','Tu orden #41 ha sido actualizada','Tu orden #41 ha pasado a received','order','invalid response from push service','{\"success\":0,\"results\":[{\"error\":\"invalid response from push service\"}]}','2016-12-13 15:19:14','2016-12-13 21:39:10','186.64.150.120',0),(41,3,'Andrés Martén Guevara','Android','e9l7L1MTzC8:APA91bHy7d1QkLi84BUnBIekaECywUdmbW2KblybBo5ghHb8hY5rgkJYtrhzy93hhCL93YBBJBDfl9T3pdqIn9d5T57vbHvebZNskKtaa9n-Ro43jduDu7XfLUA69s3Vdam4HkEpN2m8','Tu orden #41 ha sido actualizada','Tu orden #41 ha pasado a En preparación Artesano de la Comida','order','invalid response from push service','{\"success\":0,\"results\":[{\"error\":\"invalid response from push service\"}]}','2016-12-13 15:19:59','2016-12-13 21:39:11','186.64.150.120',0),(42,3,'Andrés Martén Guevara','Android','e9l7L1MTzC8:APA91bHy7d1QkLi84BUnBIekaECywUdmbW2KblybBo5ghHb8hY5rgkJYtrhzy93hhCL93YBBJBDfl9T3pdqIn9d5T57vbHvebZNskKtaa9n-Ro43jduDu7XfLUA69s3Vdam4HkEpN2m8','Tu orden #41 ha sido actualizada','Tu orden #41 ha pasado a Esperando aprobación de Express','order','invalid response from push service','{\"success\":0,\"results\":[{\"error\":\"invalid response from push service\"}]}','2016-12-13 15:24:21','2016-12-13 21:39:11','186.64.150.120',0),(43,3,'Andrés Martén Guevara','Android','e9l7L1MTzC8:APA91bHy7d1QkLi84BUnBIekaECywUdmbW2KblybBo5ghHb8hY5rgkJYtrhzy93hhCL93YBBJBDfl9T3pdqIn9d5T57vbHvebZNskKtaa9n-Ro43jduDu7XfLUA69s3Vdam4HkEpN2m8','Tu orden #42 ha sido actualizada','Tu orden #42 ha pasado a received','order','invalid response from push service','{\"success\":0,\"results\":[{\"error\":\"invalid response from push service\"}]}','2016-12-13 16:29:21','2016-12-13 22:39:18','186.64.150.120',0),(44,3,'Andrés Martén Guevara','Android','e9l7L1MTzC8:APA91bHy7d1QkLi84BUnBIekaECywUdmbW2KblybBo5ghHb8hY5rgkJYtrhzy93hhCL93YBBJBDfl9T3pdqIn9d5T57vbHvebZNskKtaa9n-Ro43jduDu7XfLUA69s3Vdam4HkEpN2m8','Tu orden #42 ha sido actualizada','Tu orden #42 ha pasado a En preparación Artesano de la Comida','order','invalid response from push service','{\"success\":0,\"results\":[{\"error\":\"invalid response from push service\"}]}','2016-12-13 16:29:44','2016-12-13 22:39:18','186.64.150.120',0),(45,3,'Andrés Martén Guevara','Android','e9l7L1MTzC8:APA91bHy7d1QkLi84BUnBIekaECywUdmbW2KblybBo5ghHb8hY5rgkJYtrhzy93hhCL93YBBJBDfl9T3pdqIn9d5T57vbHvebZNskKtaa9n-Ro43jduDu7XfLUA69s3Vdam4HkEpN2m8','Tu orden #42 ha sido actualizada','Tu orden #42 ha pasado a Esperando aprobación de Express','order','invalid response from push service','{\"success\":0,\"results\":[{\"error\":\"invalid response from push service\"}]}','2016-12-13 16:29:50','2016-12-13 22:39:19','186.64.150.120',0),(46,3,'Andrés Martén Guevara','Android','e9l7L1MTzC8:APA91bHy7d1QkLi84BUnBIekaECywUdmbW2KblybBo5ghHb8hY5rgkJYtrhzy93hhCL93YBBJBDfl9T3pdqIn9d5T57vbHvebZNskKtaa9n-Ro43jduDu7XfLUA69s3Vdam4HkEpN2m8','DELIVERY REQUEST RECEIVED','','order','invalid response from push service','{\"success\":0,\"results\":[{\"error\":\"invalid response from push service\"}]}','2016-12-13 16:39:05','2016-12-13 22:39:19','186.15.209.214',0),(47,3,'Andrés Martén Guevara','Android','e9l7L1MTzC8:APA91bHy7d1QkLi84BUnBIekaECywUdmbW2KblybBo5ghHb8hY5rgkJYtrhzy93hhCL93YBBJBDfl9T3pdqIn9d5T57vbHvebZNskKtaa9n-Ro43jduDu7XfLUA69s3Vdam4HkEpN2m8','DELIVERY DRIVER STARTED','','order','invalid response from push service','{\"success\":0,\"results\":[{\"error\":\"invalid response from push service\"}]}','2016-12-13 17:08:40','2016-12-13 23:20:04','186.15.209.214',0),(48,3,'Andrés Martén Guevara','Android','e9l7L1MTzC8:APA91bHy7d1QkLi84BUnBIekaECywUdmbW2KblybBo5ghHb8hY5rgkJYtrhzy93hhCL93YBBJBDfl9T3pdqIn9d5T57vbHvebZNskKtaa9n-Ro43jduDu7XfLUA69s3Vdam4HkEpN2m8','DELIVERY SUCCESSFUL','','order','invalid response from push service','{\"success\":0,\"results\":[{\"error\":\"invalid response from push service\"}]}','2016-12-13 17:11:39','2016-12-13 23:20:04','186.15.209.214',0),(49,3,'Andrés Martén Guevara','Android','e9l7L1MTzC8:APA91bHy7d1QkLi84BUnBIekaECywUdmbW2KblybBo5ghHb8hY5rgkJYtrhzy93hhCL93YBBJBDfl9T3pdqIn9d5T57vbHvebZNskKtaa9n-Ro43jduDu7XfLUA69s3Vdam4HkEpN2m8','Tu orden #42 ha sido actualizada','Tu orden #42 ha pasado a Paid','order','invalid response from push service','{\"success\":0,\"results\":[{\"error\":\"invalid response from push service\"}]}','2016-12-13 17:13:38','2016-12-13 23:20:04','186.64.150.120',0),(50,1,'test ttt','Android','null','test','test message','campaign','invalid response from push service','{\"success\":0,\"results\":[{\"error\":\"invalid response from push service\"}]}','2016-12-14 06:24:52','2017-01-12 07:43:39','35.161.33.154',1),(51,3,'Andrés Martén Guevara','Android','e9l7L1MTzC8:APA91bHy7d1QkLi84BUnBIekaECywUdmbW2KblybBo5ghHb8hY5rgkJYtrhzy93hhCL93YBBJBDfl9T3pdqIn9d5T57vbHvebZNskKtaa9n-Ro43jduDu7XfLUA69s3Vdam4HkEpN2m8','test','test message','campaign','invalid response from push service','{\"success\":0,\"results\":[{\"error\":\"invalid response from push service\"}]}','2016-12-14 06:24:52','2017-01-12 07:43:39','35.161.33.154',1),(52,6,'Marco Escamilla','Android','fD4Eot3Oltw:APA91bFMtCl3G9d1fOyHgBC6cByYczHvqZZRTtHQsL46AGjXjVOeglq3Q6-2y70bi2vwOg_ZWoXsLA2IlUkVD_1ZyYKWBz2SKRwZHz6YOOh1CWH9DurGscurV3DpM11c8d8bHgNMxrAp','Tu orden #43 ha sido actualizada','Tu orden #43 ha pasado a received','order','invalid response from push service','{\"success\":0,\"results\":[{\"error\":\"invalid response from push service\"}]}','2016-12-14 18:53:55','2017-01-12 07:43:39','201.194.87.49',0),(53,6,'Marco Escamilla','Android','fD4Eot3Oltw:APA91bFMtCl3G9d1fOyHgBC6cByYczHvqZZRTtHQsL46AGjXjVOeglq3Q6-2y70bi2vwOg_ZWoXsLA2IlUkVD_1ZyYKWBz2SKRwZHz6YOOh1CWH9DurGscurV3DpM11c8d8bHgNMxrAp','Tu orden #43 ha sido actualizada','Tu orden #43 ha pasado a En preparación Artesano de la Comida','order','invalid response from push service','{\"success\":0,\"results\":[{\"error\":\"invalid response from push service\"}]}','2016-12-14 19:07:28','2017-01-12 07:43:39','201.194.87.49',0),(54,6,'Marco Escamilla','Android','fD4Eot3Oltw:APA91bFMtCl3G9d1fOyHgBC6cByYczHvqZZRTtHQsL46AGjXjVOeglq3Q6-2y70bi2vwOg_ZWoXsLA2IlUkVD_1ZyYKWBz2SKRwZHz6YOOh1CWH9DurGscurV3DpM11c8d8bHgNMxrAp','Tu orden #43 ha sido actualizada','Tu orden #43 ha pasado a Esperando aprobación de Express','order','invalid response from push service','{\"success\":0,\"results\":[{\"error\":\"invalid response from push service\"}]}','2016-12-14 19:13:32','2017-01-12 07:43:39','201.194.87.49',0),(55,6,'Marco Escamilla','Android','fD4Eot3Oltw:APA91bFMtCl3G9d1fOyHgBC6cByYczHvqZZRTtHQsL46AGjXjVOeglq3Q6-2y70bi2vwOg_ZWoXsLA2IlUkVD_1ZyYKWBz2SKRwZHz6YOOh1CWH9DurGscurV3DpM11c8d8bHgNMxrAp','DELIVERY REQUEST RECEIVED','Se ha asignado un pedido, aceptalo / rechazalo aquí','order','invalid response from push service','{\"success\":0,\"results\":[{\"error\":\"invalid response from push service\"}]}','2016-12-14 19:17:28','2017-01-12 07:43:39','201.194.87.49',0),(56,6,'Marco Escamilla','Android','fD4Eot3Oltw:APA91bFMtCl3G9d1fOyHgBC6cByYczHvqZZRTtHQsL46AGjXjVOeglq3Q6-2y70bi2vwOg_ZWoXsLA2IlUkVD_1ZyYKWBz2SKRwZHz6YOOh1CWH9DurGscurV3DpM11c8d8bHgNMxrAp','DELIVERY DRIVER STARTED','','order','invalid response from push service','{\"success\":0,\"results\":[{\"error\":\"invalid response from push service\"}]}','2016-12-14 19:17:31','2017-01-12 07:43:39','201.194.87.49',0),(57,6,'Marco Escamilla','Android','fD4Eot3Oltw:APA91bFMtCl3G9d1fOyHgBC6cByYczHvqZZRTtHQsL46AGjXjVOeglq3Q6-2y70bi2vwOg_ZWoXsLA2IlUkVD_1ZyYKWBz2SKRwZHz6YOOh1CWH9DurGscurV3DpM11c8d8bHgNMxrAp','DELIVERY SUCCESSFUL','El pedido ha sido entregado. ¡Buen provecho!','order','invalid response from push service','{\"success\":0,\"results\":[{\"error\":\"invalid response from push service\"}]}','2016-12-14 19:22:26','2017-01-12 07:43:39','201.194.87.49',0),(58,6,'Marco Escamilla','Android','fD4Eot3Oltw:APA91bFMtCl3G9d1fOyHgBC6cByYczHvqZZRTtHQsL46AGjXjVOeglq3Q6-2y70bi2vwOg_ZWoXsLA2IlUkVD_1ZyYKWBz2SKRwZHz6YOOh1CWH9DurGscurV3DpM11c8d8bHgNMxrAp','Tu orden #43 ha sido actualizada','Tu orden #43 ha pasado a Paid','order','invalid response from push service','{\"success\":0,\"results\":[{\"error\":\"invalid response from push service\"}]}','2016-12-14 19:33:24','2017-01-12 07:43:39','201.194.87.49',0),(59,1,'testqq tttaas','Android','null','test','there','campaign','invalid response from push service','{\"success\":0,\"results\":[{\"error\":\"invalid response from push service\"}]}','2017-01-12 07:35:01','2017-01-12 07:43:40','35.162.198.163',2),(60,3,'Andrés Martén Guevara','Android','e9l7L1MTzC8:APA91bHy7d1QkLi84BUnBIekaECywUdmbW2KblybBo5ghHb8hY5rgkJYtrhzy93hhCL93YBBJBDfl9T3pdqIn9d5T57vbHvebZNskKtaa9n-Ro43jduDu7XfLUA69s3Vdam4HkEpN2m8','test','there','campaign','invalid response from push service','{\"success\":0,\"results\":[{\"error\":\"invalid response from push service\"}]}','2017-01-12 07:35:01','2017-01-12 07:44:02','35.162.198.163',2),(61,6,'Marco Escamilla','Android','fD4Eot3Oltw:APA91bFMtCl3G9d1fOyHgBC6cByYczHvqZZRTtHQsL46AGjXjVOeglq3Q6-2y70bi2vwOg_ZWoXsLA2IlUkVD_1ZyYKWBz2SKRwZHz6YOOh1CWH9DurGscurV3DpM11c8d8bHgNMxrAp','test','there','campaign','invalid response from push service','{\"success\":0,\"results\":[{\"error\":\"invalid response from push service\"}]}','2017-01-12 07:35:01','2017-01-12 07:44:02','35.162.198.163',2),(62,1,'testqq tttaas','Android','device_555','test','there','campaign','invalid response from push service','{\"success\":0,\"results\":[{\"error\":\"invalid response from push service\"}]}','2017-01-12 07:35:01','2017-01-12 07:44:02','35.162.198.163',2),(63,3,'Andrés Martén Guevara','Android','e9l7L1MTzC8:APA91bHy7d1QkLi84BUnBIekaECywUdmbW2KblybBo5ghHb8hY5rgkJYtrhzy93hhCL93YBBJBDfl9T3pdqIn9d5T57vbHvebZNskKtaa9n-Ro43jduDu7XfLUA69s3Vdam4HkEpN2m8','Hello, Andres ','This is a test message','campaign','invalid response from push service','{\"success\":0,\"results\":[{\"error\":\"invalid response from push service\"}]}','2017-01-12 07:46:57','2017-01-12 07:47:02','192.80.138.18',NULL),(64,3,'Andrés Martén Guevara','Android','e9l7L1MTzC8:APA91bHy7d1QkLi84BUnBIekaECywUdmbW2KblybBo5ghHb8hY5rgkJYtrhzy93hhCL93YBBJBDfl9T3pdqIn9d5T57vbHvebZNskKtaa9n-Ro43jduDu7XfLUA69s3Vdam4HkEpN2m8','Hello, Andres ','This is a test message','campaign','invalid response from push service','{\"success\":0,\"results\":[{\"error\":\"invalid response from push service\"}]}','2017-01-12 07:47:32','2017-01-12 07:48:01','192.80.138.18',NULL),(65,6,'Marco Escamilla','Android','fD4Eot3Oltw:APA91bFMtCl3G9d1fOyHgBC6cByYczHvqZZRTtHQsL46AGjXjVOeglq3Q6-2y70bi2vwOg_ZWoXsLA2IlUkVD_1ZyYKWBz2SKRwZHz6YOOh1CWH9DurGscurV3DpM11c8d8bHgNMxrAp','Hello','Are you there?','campaign','invalid response from push service','{\"success\":0,\"results\":[{\"error\":\"invalid response from push service\"}]}','2017-01-12 07:49:13','2017-01-12 07:49:43','192.80.138.18',NULL),(66,6,'Marco Escamilla','Android','fD4Eot3Oltw:APA91bFMtCl3G9d1fOyHgBC6cByYczHvqZZRTtHQsL46AGjXjVOeglq3Q6-2y70bi2vwOg_ZWoXsLA2IlUkVD_1ZyYKWBz2SKRwZHz6YOOh1CWH9DurGscurV3DpM11c8d8bHgNMxrAp','Hello','This is a test message','campaign','invalid response from push service','{\"success\":0,\"results\":[{\"error\":\"invalid response from push service\"}]}','2017-01-12 07:50:22','2017-01-12 07:50:27','192.80.138.18',NULL),(67,6,'Marco Escamilla','Android','fD4Eot3Oltw:APA91bFMtCl3G9d1fOyHgBC6cByYczHvqZZRTtHQsL46AGjXjVOeglq3Q6-2y70bi2vwOg_ZWoXsLA2IlUkVD_1ZyYKWBz2SKRwZHz6YOOh1CWH9DurGscurV3DpM11c8d8bHgNMxrAp','Hello','This is a test message','campaign','invalid response from push service','{\"success\":0,\"results\":[{\"error\":\"invalid response from push service\"}]}','2017-01-12 07:51:00','2017-01-12 07:51:02','192.80.138.18',NULL),(68,6,'Marco Escamilla','Android','fD4Eot3Oltw:APA91bFMtCl3G9d1fOyHgBC6cByYczHvqZZRTtHQsL46AGjXjVOeglq3Q6-2y70bi2vwOg_ZWoXsLA2IlUkVD_1ZyYKWBz2SKRwZHz6YOOh1CWH9DurGscurV3DpM11c8d8bHgNMxrAp','Hello','Are you there?','campaign','invalid response from push service','{\"success\":0,\"results\":[{\"error\":\"invalid response from push service\"}]}','2017-01-12 07:51:15','2017-01-12 07:51:17','192.80.138.18',NULL),(69,6,'Marco Escamilla','Android','fD4Eot3Oltw:APA91bFMtCl3G9d1fOyHgBC6cByYczHvqZZRTtHQsL46AGjXjVOeglq3Q6-2y70bi2vwOg_ZWoXsLA2IlUkVD_1ZyYKWBz2SKRwZHz6YOOh1CWH9DurGscurV3DpM11c8d8bHgNMxrAp','Hello','Are you there?','campaign','invalid response from push service','{\"success\":0,\"results\":[{\"error\":\"invalid response from push service\"}]}','2017-01-12 07:52:14','2017-01-12 07:52:16','192.80.138.18',NULL),(70,6,'Marco Escamilla','Android','fD4Eot3Oltw:APA91bFMtCl3G9d1fOyHgBC6cByYczHvqZZRTtHQsL46AGjXjVOeglq3Q6-2y70bi2vwOg_ZWoXsLA2IlUkVD_1ZyYKWBz2SKRwZHz6YOOh1CWH9DurGscurV3DpM11c8d8bHgNMxrAp','Hello','There?','campaign','process','{\"multicast_id\":6029779175917962713,\"success\":1,\"failure\":0,\"canonical_ids\":0,\"results\":[{\"message_id\":\"0:1484207833499873%3b95180af9fd7ecd\"}]}','2017-01-12 07:57:10','2017-01-12 07:57:13','192.80.138.18',NULL),(71,1,'testqq tttaas','Android','cC6YDnD96gE:APA91bG02-lNLGpwduwyQBWzu7pBgKvOgztoAToxiAXE4eW5JqBvKK4it84cDiqzkvEq610PvH92fAMTUqxjhipaRQlswnsn39ujJKo_LkuVuhowpTMrw-qgwj50uDaThIxiAxU8uAOz','hey','who are you?','campaign','process','{\"multicast_id\":6190006905372129217,\"success\":1,\"failure\":0,\"canonical_ids\":0,\"results\":[{\"message_id\":\"0:1484209375002958%3b95180af9fd7ecd\"}]}','2017-01-12 08:22:09','2017-01-12 08:22:55','192.80.138.18',NULL),(72,1,'testqq tttaas','Android','cC6YDnD96gE:APA91bG02-lNLGpwduwyQBWzu7pBgKvOgztoAToxiAXE4eW5JqBvKK4it84cDiqzkvEq610PvH92fAMTUqxjhipaRQlswnsn39ujJKo_LkuVuhowpTMrw-qgwj50uDaThIxiAxU8uAOz','hello','Are you there?','campaign','process','{\"multicast_id\":7966507418584112118,\"success\":1,\"failure\":0,\"canonical_ids\":0,\"results\":[{\"message_id\":\"0:1484209375069798%3b95180af9fd7ecd\"}]}','2017-01-12 08:22:22','2017-01-12 08:22:55','192.80.138.18',NULL),(73,3,'Andrés Martén Guevara','Android','e9l7L1MTzC8:APA91bHy7d1QkLi84BUnBIekaECywUdmbW2KblybBo5ghHb8hY5rgkJYtrhzy93hhCL93YBBJBDfl9T3pdqIn9d5T57vbHvebZNskKtaa9n-Ro43jduDu7XfLUA69s3Vdam4HkEpN2m8','Hello, everybody','This is a test message','campaign','NotRegistered','{\"multicast_id\":5017071608777558870,\"success\":0,\"failure\":1,\"canonical_ids\":0,\"results\":[{\"error\":\"NotRegistered\"}]}','2017-01-12 08:25:01','2017-01-12 08:25:01','35.162.198.163',3),(74,6,'Marco Escamilla','Android','fD4Eot3Oltw:APA91bFMtCl3G9d1fOyHgBC6cByYczHvqZZRTtHQsL46AGjXjVOeglq3Q6-2y70bi2vwOg_ZWoXsLA2IlUkVD_1ZyYKWBz2SKRwZHz6YOOh1CWH9DurGscurV3DpM11c8d8bHgNMxrAp','Hello, everybody','This is a test message','campaign','process','{\"multicast_id\":6806817598349831378,\"success\":1,\"failure\":0,\"canonical_ids\":0,\"results\":[{\"message_id\":\"0:1484209562435134%3b95180af9fd7ecd\"}]}','2017-01-12 08:25:01','2017-01-12 08:26:02','35.162.198.163',3),(75,1,'testqq tttaas','Android','cC6YDnD96gE:APA91bG02-lNLGpwduwyQBWzu7pBgKvOgztoAToxiAXE4eW5JqBvKK4it84cDiqzkvEq610PvH92fAMTUqxjhipaRQlswnsn39ujJKo_LkuVuhowpTMrw-qgwj50uDaThIxiAxU8uAOz','Hello, everybody','This is a test message','campaign','process','{\"multicast_id\":7960391975136059627,\"success\":1,\"failure\":0,\"canonical_ids\":0,\"results\":[{\"message_id\":\"0:1484209562522437%3b95180af9fd7ecd\"}]}','2017-01-12 08:25:01','2017-01-12 08:26:02','35.162.198.163',3),(76,3,'Andrés Martén Guevara','Android','e9l7L1MTzC8:APA91bHy7d1QkLi84BUnBIekaECywUdmbW2KblybBo5ghHb8hY5rgkJYtrhzy93hhCL93YBBJBDfl9T3pdqIn9d5T57vbHvebZNskKtaa9n-Ro43jduDu7XfLUA69s3Vdam4HkEpN2m8','Hello, everybody!','This is a test message 1','campaign','NotRegistered','{\"multicast_id\":7017467987320540783,\"success\":0,\"failure\":1,\"canonical_ids\":0,\"results\":[{\"error\":\"NotRegistered\"}]}','2017-01-12 08:28:01','2017-01-12 08:29:02','35.162.198.163',4),(77,6,'Marco Escamilla','Android','fD4Eot3Oltw:APA91bFMtCl3G9d1fOyHgBC6cByYczHvqZZRTtHQsL46AGjXjVOeglq3Q6-2y70bi2vwOg_ZWoXsLA2IlUkVD_1ZyYKWBz2SKRwZHz6YOOh1CWH9DurGscurV3DpM11c8d8bHgNMxrAp','Hello, everybody!','This is a test message 1','campaign','process','{\"multicast_id\":8918068873239086450,\"success\":1,\"failure\":0,\"canonical_ids\":0,\"results\":[{\"message_id\":\"0:1484209742117496%3b95180af9fd7ecd\"}]}','2017-01-12 08:28:01','2017-01-12 08:29:02','35.162.198.163',4),(78,1,'testqq tttaas','Android','cC6YDnD96gE:APA91bG02-lNLGpwduwyQBWzu7pBgKvOgztoAToxiAXE4eW5JqBvKK4it84cDiqzkvEq610PvH92fAMTUqxjhipaRQlswnsn39ujJKo_LkuVuhowpTMrw-qgwj50uDaThIxiAxU8uAOz','Hello, everybody!','This is a test message 1','campaign','process','{\"multicast_id\":8705890036679404036,\"success\":1,\"failure\":0,\"canonical_ids\":0,\"results\":[{\"message_id\":\"0:1484209742213419%3b95180af9fd7ecd\"}]}','2017-01-12 08:28:01','2017-01-12 08:29:02','35.162.198.163',4),(79,3,'Andrés Martén Guevara','Android','e9l7L1MTzC8:APA91bHy7d1QkLi84BUnBIekaECywUdmbW2KblybBo5ghHb8hY5rgkJYtrhzy93hhCL93YBBJBDfl9T3pdqIn9d5T57vbHvebZNskKtaa9n-Ro43jduDu7XfLUA69s3Vdam4HkEpN2m8','Las mejores comidas','Aprovechá los mejores y mas delicioosos alimentos','campaign','NotRegistered','{\"multicast_id\":6892527504037486992,\"success\":0,\"failure\":1,\"canonical_ids\":0,\"results\":[{\"error\":\"NotRegistered\"}]}','2017-01-12 14:12:13','2017-01-12 14:13:01','186.64.149.93',NULL),(80,3,'Andrés Martén Guevara','Android','e8ipuRzEosE:APA91bFpP4cxaGKoo7ghDg7ErGhvY40Q7wwWvMmFNUq06PTtp2kumRE7MA6VdFs-kV6BHffvLe7GQrLk3elQTDupv33oxR3r7Xrb0251KATCVIy5IT86qCXEyvfy8U4hjSGlT1mcMpZG','Este es el título','Este es el mensaje completo :)','campaign','process','{\"multicast_id\":9047872646718102322,\"success\":1,\"failure\":0,\"canonical_ids\":0,\"results\":[{\"message_id\":\"0:1484230562278343%3b95180af9fd7ecd\"}]}','2017-01-12 14:15:41','2017-01-12 14:16:02','186.64.149.93',NULL),(81,3,'Andrés Martén Guevara','Android','e8ipuRzEosE:APA91bFpP4cxaGKoo7ghDg7ErGhvY40Q7wwWvMmFNUq06PTtp2kumRE7MA6VdFs-kV6BHffvLe7GQrLk3elQTDupv33oxR3r7Xrb0251KATCVIy5IT86qCXEyvfy8U4hjSGlT1mcMpZG','Este es el título','Mensaje completo','campaign','process','{\"multicast_id\":8415877386119515498,\"success\":1,\"failure\":0,\"canonical_ids\":0,\"results\":[{\"message_id\":\"0:1484230621900917%3b95180af9fd7ecd\"}]}','2017-01-12 14:16:31','2017-01-12 14:17:01','186.64.149.93',NULL),(82,3,'Andrés Martén Guevara','Android','cArrbm-i2Ug:APA91bHZF8MYpIjFZkH7s3esZHjr6EREVIIaTvaulWVZldhS0hw0RZ0OvA39Y2bdgIsekimJ-Nh96rw9YcJKNJm-B_fFtl0cs_-nxZDJ9O-U757XW027py6CwJpMwk9OHMzPFoovFKYA','Tu orden #61 ha sido actualizada','Tu orden #61 ha pasado a Cancelado Artesano de la Comida','order','process','{\"multicast_id\":7282345951912735753,\"success\":1,\"failure\":0,\"canonical_ids\":0,\"results\":[{\"message_id\":\"0:1484328781908286%3b95180af9fd7ecd\"}]}','2017-01-13 11:32:28','2017-01-13 17:33:01','186.176.135.203',NULL),(83,3,'Andrés Martén Guevara','Android','e11gDQssfjU:APA91bFKyNwv5DTcQMQXgZUc_2a4vzdGcsWOtpWKg2NTMKBoKXBsxMybFxdcYI3wJMHu7jbQ55WH-RzWrSGVIyjIoy5tyr62Vjj4kybvvmpjhXdzKiYenyVkmQBwOFX258ps1R59EUYo','Tu orden #61 ha sido actualizada','Tu orden #61 ha pasado a En preparación Artesano de la Comida','order','process','{\"multicast_id\":5535647039052864405,\"success\":1,\"failure\":0,\"canonical_ids\":0,\"results\":[{\"message_id\":\"0:1484703182499001%3b95180af9fd7ecd\"}]}','2017-01-17 19:32:13','2017-01-18 01:33:02','186.64.149.93',NULL),(84,3,'Andrés Martén Guevara','Android','e11gDQssfjU:APA91bFKyNwv5DTcQMQXgZUc_2a4vzdGcsWOtpWKg2NTMKBoKXBsxMybFxdcYI3wJMHu7jbQ55WH-RzWrSGVIyjIoy5tyr62Vjj4kybvvmpjhXdzKiYenyVkmQBwOFX258ps1R59EUYo','Tu orden #61 ha sido actualizada','Tu orden #61 ha pasado a Esperando aprobación de Express','order','process','{\"multicast_id\":7405940731952911336,\"success\":1,\"failure\":0,\"canonical_ids\":0,\"results\":[{\"message_id\":\"0:1484706001899127%3b95180af9fd7ecd\"}]}','2017-01-17 20:19:38','2017-01-18 02:20:01','186.64.149.93',NULL),(85,3,'Andrés Martén Guevara','Android','e11gDQssfjU:APA91bFKyNwv5DTcQMQXgZUc_2a4vzdGcsWOtpWKg2NTMKBoKXBsxMybFxdcYI3wJMHu7jbQ55WH-RzWrSGVIyjIoy5tyr62Vjj4kybvvmpjhXdzKiYenyVkmQBwOFX258ps1R59EUYo','Tu orden #69 ha sido actualizada','Tu orden #69 ha pasado a En preparación Artesano de la Comida','order','process','{\"multicast_id\":4881412734911540921,\"success\":1,\"failure\":0,\"canonical_ids\":0,\"results\":[{\"message_id\":\"0:1484707441815071%3b95180af9fd7ecd\"}]}','2017-01-17 20:43:02','2017-01-18 02:44:01','186.64.149.93',NULL),(86,3,'Andrés Martén Guevara','Android','e11gDQssfjU:APA91bFKyNwv5DTcQMQXgZUc_2a4vzdGcsWOtpWKg2NTMKBoKXBsxMybFxdcYI3wJMHu7jbQ55WH-RzWrSGVIyjIoy5tyr62Vjj4kybvvmpjhXdzKiYenyVkmQBwOFX258ps1R59EUYo','Tu orden #69 ha sido actualizada','Tu orden #69 ha pasado a Esperando aprobación de Express','order','process','{\"multicast_id\":6133521698855452481,\"success\":1,\"failure\":0,\"canonical_ids\":0,\"results\":[{\"message_id\":\"0:1484707502381993%3b95180af9fd7ecd\"}]}','2017-01-17 20:44:21','2017-01-18 02:45:02','186.64.149.93',NULL),(87,3,'Andrés Martén Guevara','Android','e11gDQssfjU:APA91bFKyNwv5DTcQMQXgZUc_2a4vzdGcsWOtpWKg2NTMKBoKXBsxMybFxdcYI3wJMHu7jbQ55WH-RzWrSGVIyjIoy5tyr62Vjj4kybvvmpjhXdzKiYenyVkmQBwOFX258ps1R59EUYo','Tu orden #69 ha sido actualizada','Tu orden #69 ha pasado a Paid','order','process','{\"multicast_id\":5089276115484025503,\"success\":1,\"failure\":0,\"canonical_ids\":0,\"results\":[{\"message_id\":\"0:1484707802334617%3b95180af9fd7ecd\"}]}','2017-01-17 20:49:27','2017-01-18 02:50:02','186.64.149.93',NULL),(88,3,'Andrés Martén Guevara','Android','e11gDQssfjU:APA91bFKyNwv5DTcQMQXgZUc_2a4vzdGcsWOtpWKg2NTMKBoKXBsxMybFxdcYI3wJMHu7jbQ55WH-RzWrSGVIyjIoy5tyr62Vjj4kybvvmpjhXdzKiYenyVkmQBwOFX258ps1R59EUYo','Tu orden #69 ha sido actualizada','Tu orden #69 ha pasado a En preparación Artesano de la Comida','order','process','{\"multicast_id\":6468828831584233054,\"success\":1,\"failure\":0,\"canonical_ids\":0,\"results\":[{\"message_id\":\"0:1484707802404485%3b95180af9fd7ecd\"}]}','2017-01-17 20:49:44','2017-01-18 02:50:02','186.64.149.93',NULL),(89,3,'Andrés Martén Guevara','Android','e11gDQssfjU:APA91bFKyNwv5DTcQMQXgZUc_2a4vzdGcsWOtpWKg2NTMKBoKXBsxMybFxdcYI3wJMHu7jbQ55WH-RzWrSGVIyjIoy5tyr62Vjj4kybvvmpjhXdzKiYenyVkmQBwOFX258ps1R59EUYo','Tu orden #69 ha sido actualizada','Tu orden #69 ha pasado a Cancelado por Express','order','process','{\"multicast_id\":4701271282208795523,\"success\":1,\"failure\":0,\"canonical_ids\":0,\"results\":[{\"message_id\":\"0:1484707982133516%3b95180af9fd7ecd\"}]}','2017-01-17 20:52:19','2017-01-18 02:53:02','186.64.149.93',NULL),(90,3,'Andrés Martén Guevara','Android','e11gDQssfjU:APA91bFKyNwv5DTcQMQXgZUc_2a4vzdGcsWOtpWKg2NTMKBoKXBsxMybFxdcYI3wJMHu7jbQ55WH-RzWrSGVIyjIoy5tyr62Vjj4kybvvmpjhXdzKiYenyVkmQBwOFX258ps1R59EUYo','Tu orden #69 ha sido actualizada','Tu orden #69 ha pasado a En preparación Artesano de la Comida','order','process','{\"multicast_id\":9096569229112743693,\"success\":1,\"failure\":0,\"canonical_ids\":0,\"results\":[{\"message_id\":\"0:1484707982217490%3b95180af9fd7ecd\"}]}','2017-01-17 20:52:29','2017-01-18 02:53:02','186.64.149.93',NULL),(91,3,'Andrés Martén Guevara','Android','e11gDQssfjU:APA91bFKyNwv5DTcQMQXgZUc_2a4vzdGcsWOtpWKg2NTMKBoKXBsxMybFxdcYI3wJMHu7jbQ55WH-RzWrSGVIyjIoy5tyr62Vjj4kybvvmpjhXdzKiYenyVkmQBwOFX258ps1R59EUYo','Tu orden #69 ha sido actualizada','Tu orden #69 ha pasado a Esperando aprobación de Express','order','process','{\"multicast_id\":8691411404735820145,\"success\":1,\"failure\":0,\"canonical_ids\":0,\"results\":[{\"message_id\":\"0:1484708282189108%3b95180af9fd7ecd\"}]}','2017-01-17 20:57:15','2017-01-18 02:58:02','186.64.149.93',NULL),(92,3,'Andrés Martén Guevara','Android','e11gDQssfjU:APA91bFKyNwv5DTcQMQXgZUc_2a4vzdGcsWOtpWKg2NTMKBoKXBsxMybFxdcYI3wJMHu7jbQ55WH-RzWrSGVIyjIoy5tyr62Vjj4kybvvmpjhXdzKiYenyVkmQBwOFX258ps1R59EUYo','Tu orden #69 ha sido actualizada','Tu orden #69 ha pasado a En preparación Artesano de la Comida','order','process','{\"multicast_id\":8458457654218428596,\"success\":1,\"failure\":0,\"canonical_ids\":0,\"results\":[{\"message_id\":\"0:1484708462003099%3b95180af9fd7ecd\"}]}','2017-01-17 21:00:35','2017-01-18 03:01:02','186.64.149.93',NULL),(93,3,'Andrés Martén Guevara','Android','e11gDQssfjU:APA91bFKyNwv5DTcQMQXgZUc_2a4vzdGcsWOtpWKg2NTMKBoKXBsxMybFxdcYI3wJMHu7jbQ55WH-RzWrSGVIyjIoy5tyr62Vjj4kybvvmpjhXdzKiYenyVkmQBwOFX258ps1R59EUYo','Tu orden #72 ha sido actualizada','Tu orden #72 ha pasado a received','order','process','{\"multicast_id\":6921946364449980770,\"success\":1,\"failure\":0,\"canonical_ids\":0,\"results\":[{\"message_id\":\"0:1484801221633852%3b95180af9fd7ecd\"}]}','2017-01-18 22:46:10','2017-01-19 04:47:01','186.64.149.93',NULL),(94,3,'Andrés Martén Guevara','Android','e11gDQssfjU:APA91bFKyNwv5DTcQMQXgZUc_2a4vzdGcsWOtpWKg2NTMKBoKXBsxMybFxdcYI3wJMHu7jbQ55WH-RzWrSGVIyjIoy5tyr62Vjj4kybvvmpjhXdzKiYenyVkmQBwOFX258ps1R59EUYo','Tu orden #72 ha sido actualizada','Tu orden #72 ha pasado a En preparación Artesano de la Comida','order','process','{\"multicast_id\":6255985022839609910,\"success\":1,\"failure\":0,\"canonical_ids\":0,\"results\":[{\"message_id\":\"0:1484801281732600%3b95180af9fd7ecd\"}]}','2017-01-18 22:47:18','2017-01-19 04:48:01','186.64.149.93',NULL),(95,3,'Andrés Martén Guevara','Android','e11gDQssfjU:APA91bFKyNwv5DTcQMQXgZUc_2a4vzdGcsWOtpWKg2NTMKBoKXBsxMybFxdcYI3wJMHu7jbQ55WH-RzWrSGVIyjIoy5tyr62Vjj4kybvvmpjhXdzKiYenyVkmQBwOFX258ps1R59EUYo','Tu orden #72 ha sido actualizada','Tu orden #72 ha pasado a Esperando aprobación de Express','order','process','{\"multicast_id\":8487179358021362120,\"success\":1,\"failure\":0,\"canonical_ids\":0,\"results\":[{\"message_id\":\"0:1484801341963083%3b95180af9fd7ecd\"}]}','2017-01-18 22:48:57','2017-01-19 04:49:01','186.64.149.93',NULL),(96,3,'Andrés Martén Guevara','Android','e11gDQssfjU:APA91bFKyNwv5DTcQMQXgZUc_2a4vzdGcsWOtpWKg2NTMKBoKXBsxMybFxdcYI3wJMHu7jbQ55WH-RzWrSGVIyjIoy5tyr62Vjj4kybvvmpjhXdzKiYenyVkmQBwOFX258ps1R59EUYo','Tu orden #70 ha sido actualizada','Tu orden #70 ha pasado a En preparación Artesano de la Comida','order','process','{\"multicast_id\":6878571732334817310,\"success\":1,\"failure\":0,\"canonical_ids\":0,\"results\":[{\"message_id\":\"0:1484806022234502%3b95180af9fd7ecd\"}]}','2017-01-19 00:06:14','2017-01-19 06:07:02','186.64.149.93',NULL),(97,3,'Andrés Martén Guevara','Android','e11gDQssfjU:APA91bFKyNwv5DTcQMQXgZUc_2a4vzdGcsWOtpWKg2NTMKBoKXBsxMybFxdcYI3wJMHu7jbQ55WH-RzWrSGVIyjIoy5tyr62Vjj4kybvvmpjhXdzKiYenyVkmQBwOFX258ps1R59EUYo','Tu orden #70 ha sido actualizada','Tu orden #70 ha pasado a Esperando aprobación de Express','order','process','{\"multicast_id\":8498574210688161400,\"success\":1,\"failure\":0,\"canonical_ids\":0,\"results\":[{\"message_id\":\"0:1484806082470867%3b95180af9fd7ecd\"}]}','2017-01-19 00:07:04','2017-01-19 06:08:02','186.64.149.93',NULL),(98,3,'Andrés Martén Guevara','Android','e11gDQssfjU:APA91bFKyNwv5DTcQMQXgZUc_2a4vzdGcsWOtpWKg2NTMKBoKXBsxMybFxdcYI3wJMHu7jbQ55WH-RzWrSGVIyjIoy5tyr62Vjj4kybvvmpjhXdzKiYenyVkmQBwOFX258ps1R59EUYo','DELIVERY REQUEST RECEIVED','Se ha asignado un pedido para entrega el DeliveryDateTime, aceptalo / rechazalo aquí','order','process','{\"multicast_id\":6385217526789705855,\"success\":1,\"failure\":0,\"canonical_ids\":0,\"results\":[{\"message_id\":\"0:1484806201996321%3b95180af9fd7ecd\"}]}','2017-01-19 00:09:25','2017-01-19 06:10:02','186.64.149.93',NULL),(99,3,'Andrés Martén Guevara','Android','e11gDQssfjU:APA91bFKyNwv5DTcQMQXgZUc_2a4vzdGcsWOtpWKg2NTMKBoKXBsxMybFxdcYI3wJMHu7jbQ55WH-RzWrSGVIyjIoy5tyr62Vjj4kybvvmpjhXdzKiYenyVkmQBwOFX258ps1R59EUYo','DELIVERY DRIVER STARTED','Ya el pedido OrderNo ha sido recogido, ¡va de camino!','order','process','{\"multicast_id\":8769211882750835894,\"success\":1,\"failure\":0,\"canonical_ids\":0,\"results\":[{\"message_id\":\"0:1484806202082159%3b95180af9fd7ecd\"}]}','2017-01-19 00:09:28','2017-01-19 06:10:02','186.64.149.93',NULL),(100,3,'Andrés Martén Guevara','Android','e11gDQssfjU:APA91bFKyNwv5DTcQMQXgZUc_2a4vzdGcsWOtpWKg2NTMKBoKXBsxMybFxdcYI3wJMHu7jbQ55WH-RzWrSGVIyjIoy5tyr62Vjj4kybvvmpjhXdzKiYenyVkmQBwOFX258ps1R59EUYo','DELIVERY SUCCESSFUL','El pedido ha sido entregado. ¡Buen provecho!','order','process','{\"multicast_id\":6727316660368394769,\"success\":1,\"failure\":0,\"canonical_ids\":0,\"results\":[{\"message_id\":\"0:1484806202160546%3b95180af9fd7ecd\"}]}','2017-01-19 00:09:58','2017-01-19 06:10:02','186.64.149.93',NULL);
/*!40000 ALTER TABLE `ka_mobile_push_logs` ENABLE KEYS */;
UNLOCK TABLES;

--
-- Table structure for table `ka_mobile_registered`
--

DROP TABLE IF EXISTS `ka_mobile_registered`;
/*!40101 SET @saved_cs_client     = @@character_set_client */;
/*!40101 SET character_set_client = utf8 */;
CREATE TABLE `ka_mobile_registered` (
  `id` int(14) NOT NULL AUTO_INCREMENT,
  `client_id` int(14) DEFAULT NULL,
  `device_platform` varchar(255) NOT NULL DEFAULT 'Android',
  `device_id` text,
  `enabled_push` int(1) NOT NULL DEFAULT '1',
  `country_code_set` varchar(3) DEFAULT NULL,
  `date_created` datetime DEFAULT NULL,
  `date_modified` datetime DEFAULT NULL,
  `ip_address` varchar(50) DEFAULT NULL,
  `status` varchar(255) NOT NULL DEFAULT 'active',
  PRIMARY KEY (`id`),
  KEY `client_id` (`client_id`),
  KEY `enabled_push` (`enabled_push`),
  KEY `device_platform` (`device_platform`)
) ENGINE=InnoDB AUTO_INCREMENT=119 DEFAULT CHARSET=utf8;
/*!40101 SET character_set_client = @saved_cs_client */;

--
-- Dumping data for table `ka_mobile_registered`
--

LOCK TABLES `ka_mobile_registered` WRITE;
/*!40000 ALTER TABLE `ka_mobile_registered` DISABLE KEYS */;
INSERT INTO `ka_mobile_registered` VALUES (1,16,'Android','null',1,'US','2016-11-10 08:31:52','2017-04-04 06:38:22','116.72.38.100','inactive'),(2,3,'Android','eAhYJgs6uGk:APA91bGxAH6wi9ENhozJCXOqalDf5Nn8CAHI7ZqEqWHohFxYPTji5nClOlbGyG5CIg114bJ6VkF4z8DjGlDuia2i-LGgv3zIfo3VChrdu8daJuv7nlUOH5OZpNV_Ye_nKMqNRsLfNtho',1,'','2016-12-05 16:30:31','2016-12-05 08:57:50','186.176.135.203','inactive'),(3,3,'Android','e9l7L1MTzC8:APA91bHy7d1QkLi84BUnBIekaECywUdmbW2KblybBo5ghHb8hY5rgkJYtrhzy93hhCL93YBBJBDfl9T3pdqIn9d5T57vbHvebZNskKtaa9n-Ro43jduDu7XfLUA69s3Vdam4HkEpN2m8',1,'','2016-12-21 18:34:11','2016-12-21 18:33:05','186.176.135.203','inactive'),(4,6,'Android','fD4Eot3Oltw:APA91bFMtCl3G9d1fOyHgBC6cByYczHvqZZRTtHQsL46AGjXjVOeglq3Q6-2y70bi2vwOg_ZWoXsLA2IlUkVD_1ZyYKWBz2SKRwZHz6YOOh1CWH9DurGscurV3DpM11c8d8bHgNMxrAp',1,'','2017-01-14 15:39:04','2016-12-14 18:45:25','201.194.87.49','active'),(5,1,'Android','device_555',1,'CR','2017-01-11 08:38:48','2017-01-14 13:57:11','45.55.31.240','inactive'),(6,1,'Android','cC6YDnD96gE:APA91bG02-lNLGpwduwyQBWzu7pBgKvOgztoAToxiAXE4eW5JqBvKK4it84cDiqzkvEq610PvH92fAMTUqxjhipaRQlswnsn39ujJKo_LkuVuhowpTMrw-qgwj50uDaThIxiAxU8uAOz',1,'','2017-01-19 03:09:19','2017-01-15 12:50:05','138.197.201.158','active'),(7,3,'Android','e8ipuRzEosE:APA91bFpP4cxaGKoo7ghDg7ErGhvY40Q7wwWvMmFNUq06PTtp2kumRE7MA6VdFs-kV6BHffvLe7GQrLk3elQTDupv33oxR3r7Xrb0251KATCVIy5IT86qCXEyvfy8U4hjSGlT1mcMpZG',1,'','2017-01-13 01:06:36','2017-01-12 08:14:59','186.64.149.93','inactive'),(8,3,'Android','cArrbm-i2Ug:APA91bHZF8MYpIjFZkH7s3esZHjr6EREVIIaTvaulWVZldhS0hw0RZ0OvA39Y2bdgIsekimJ-Nh96rw9YcJKNJm-B_fFtl0cs_-nxZDJ9O-U757XW027py6CwJpMwk9OHMzPFoovFKYA',1,NULL,'2017-01-13 11:33:21','2017-01-13 11:17:06','186.176.135.203','inactive'),(9,1,'Android','esIgtnhW1iE:APA91bHiuzwjrR18_uUcjIRsnuIpPjnfp5h9LmNnLorgDSIrgIJDZyn2BtJohUztkMwkVGzdOe4_Ob1ONdUHuJlhLD-YKx9XaOFFSjyuR29VILzHrhS2H04SZuRDSFAgYJ_d6HJNjr9R',1,NULL,'2017-01-14 16:04:15','2017-01-14 15:02:30','95.85.4.45','inactive'),(10,7,'Android','c9yQrJmjsGI:APA91bHFL2mczwgfWhVvK8Q4xb_wOjz2F25F9teeNMpcnvbmeYBwagYxOI2AbMAqJDfyee4DNxNVcD75rEhnVTqNNW9hX_ACresYEvXvr1_tVhD6_92o35-55MoghG84vtnpkTCJtYr4',1,NULL,'2017-01-15 13:11:23','2017-01-15 12:11:22','201.191.198.178','inactive'),(11,NULL,'Android','e2UZ-55jFQQ:APA91bH167ykqT3N_DvTvESmw3fsKI2TN4FKrT2cypW8-aItDQbMZ7Uq_96yz_7FkwVPgX44Ww3lP3brnOLf2Te4IiuuNU7OW_0z7ZXvG7UNBQexNZGcj_k-Cvh_0Fm489Em_fCe0PM5',1,NULL,'2017-01-15 12:14:47',NULL,'186.64.149.93','active'),(12,NULL,'Android','fEtAMhhghOs:APA91bFoeyMTBrSuSFkFOGBW-gHqdSHCIaDlhEYgX3n_QQDXdcQWkeRpLj2SRnft6yBx2QOdY6-x1ZPouPa9j26LPdB1BJdkPnqPExO2KVtLQ_ICLzaetSwnXOUJPdjLuuQeLgErUJSH',1,NULL,'2017-01-15 22:08:58',NULL,'186.64.149.93','active'),(13,7,'Android','cpw8X6wSj2c:APA91bGhFq46AMcV1R5PLResS9y4o-td2Et6UTxp4Vctj4OYoURiqXw5QOMi5z1hXTwkWOFU9I_-NzVkBbicqJSYtI5IeVG57DhTu52-OuDuCExxnJCPNmuLDc_gmJmY-pbYe4dO8GZ8',1,NULL,'2017-02-03 17:41:49','2017-01-15 13:25:46','201.201.215.243','active'),(14,3,'Android','e11gDQssfjU:APA91bFKyNwv5DTcQMQXgZUc_2a4vzdGcsWOtpWKg2NTMKBoKXBsxMybFxdcYI3wJMHu7jbQ55WH-RzWrSGVIyjIoy5tyr62Vjj4kybvvmpjhXdzKiYenyVkmQBwOFX258ps1R59EUYo',1,NULL,'2017-01-18 20:06:41','2017-01-17 18:36:37','186.64.149.93','inactive'),(15,NULL,'Android','fgaL9G1ked4:APA91bHqTL0tBLt_Q5sP_ZMNn925vzN5eqjmmUJCPfMNpDVMt8qV-23Vx25WxGtwCiLWwE89-arPYHPPENPDAkZZ_Tbk-Z9hu3kXoVPMMyLIasCGN3xUeBO5Pa-trTGRgcKWtytih-jz',1,NULL,'2017-01-19 09:01:20',NULL,'201.191.254.55','active'),(16,NULL,'Android','fTrF2bqpojg:APA91bHUZ3dlw_wGBtwTsQspjJCGSnxbTCWm7Vg7KyGDbpf31rUx6uw-VH9rFu9ic81REdyilLWVpSsePWWajq8NnVwI1xFAThxSnqIQzAEsNFT9NGNrBAlgeKwoBdYzF7uIMDViIgwb',1,NULL,'2017-01-19 13:16:49',NULL,'201.191.254.55','active'),(17,NULL,'iOS','6d323e1db0da39206ac6292ea5d147b3e4f9dd0681fd2fae2e5cbe83e902cf19',1,NULL,'2017-01-31 13:56:31',NULL,'201.201.215.149','active'),(18,NULL,'Android','eIiSeLfXS2s:APA91bGEH4ElaHYj9B-x5APkY95_Tt_YCu5IKEFyhfXudMMvYIaFuTO4bA3uShgUXtPauImwWrTb_j0nYLSc6urit0nmfEpmkVmAkMFdeqp6m3fix6On30-WgMrmmGEaR8vR-1ALfFe_',1,NULL,'2017-01-25 16:02:50',NULL,'201.201.215.138','active'),(19,NULL,'Android','eqOfXkfOPnA:APA91bHznZgkdXwrItz_LJCk99FvD6vgmXcSt_9rb_uBiYVTi_GKHbTNW2ib2npNo8SRRwFXQE-dT7dOoUKNUv3bBYDsuah1H8rVVrjws1HgQ8zKnpgNu-CYs_nKFvywHDhVtIR6TgWc',1,NULL,'2017-01-26 14:23:34',NULL,'186.96.85.41','active'),(20,NULL,'Android','dBYILeXq1ug:APA91bHn9rHGdfwr9H0G7BmLxsmTaSIinFofYhOtfIwzWwpmpv20tfSi7J15vaSisPoQmnmNRw0ICejSFzPPXawpPdtLsJlJVkbgQ75ACW2p8LwvIH7-CdqWol2AAq4_Pqb_EJstbABI',1,NULL,'2017-01-26 16:40:26',NULL,'104.132.223.104','active'),(21,NULL,'Android','fEGDgWkpVZI:APA91bFDwD02Q5Mvi6fdE_EVixTX7HAdb5QR9l4fzJmYwUK-7b2x4VNr7aekvPPLpKD1k_lYJho0FXda8T2d1Ck7Q6xijVDUE-WMCHogW0cTqkGRusFfsDgFumBiB-TlOSIQj2yvYj0_',1,NULL,'2017-01-27 11:22:46',NULL,'201.191.195.56','active'),(22,NULL,'Android','cr8wltDLijU:APA91bHEZnol9e3Q0JBXW08z9WYrXQra_-L28oewp1k6HDClgUKS20Wd1Ju1cv0DiIUeeLff30pYBcRoG5_enPQt0ieJbPJUE6U6G-Zg1JpuQq6OJZSi-HLIKK6dbObl86g75oCrk5Jp',1,NULL,'2017-01-27 15:39:40',NULL,'172.102.13.99','active'),(23,NULL,'Android','dH1Yvhh-xEw:APA91bER8F8iYzFEptY7Nwj8rgnrHv59BIIfWzlUqEatra7o60UpOMlvcwRaUAKQtnWii_vhf4TKN_q1LXtTCX6sUXRi2IZn49LksaO691Q7p1Km8A7uudWM4KwzCQx7X5ISMMu5g481',1,'CR','2017-02-04 13:51:30','2017-01-31 13:53:56','201.191.195.96','active'),(24,14,'Android','eJORwrVfe7k:APA91bEeNYe871U8puG8jemD0Roomo-iWwVSX86uSPZdQzJGXOrwPROQGXqP4uai0TsWnB42J74Esu3jSRGXgECJNIYYDp-CHD9pwKRsGbEPLyJfwWybE_sI_zaqrJbKeRzto4z5ERwx',1,NULL,'2017-02-06 08:32:40','2017-02-06 07:16:01','186.32.164.189','active'),(25,12,'Android','c8JXwZgMcEw:APA91bFqAoPImLKYLLKU0sH9WTvyqg1ff4T9VvwlXEoVA9t9if4Imsl7IbuK1PUiYq0R3IupBEG8Q2PoNp4NqDbvB0TZLk2QNAfFYS4MhjAWnPGi6xoRy7ipZ1AMkUfzTv_JX0-TftjW',1,NULL,'2017-02-05 11:06:02','2017-02-05 09:00:31','201.194.87.49','active'),(26,13,'Android','c7di1Cj4QsM:APA91bFM9bopAbe-ZB4fYvgo9iclbyCQuhdTCYG-xPZQR0trBYSTtPMOjPYFW2Z3qI27ggxrMObkF4HmGqMMQRLxXUHvjRMyc9PJdfkbgubnTbUaec_HnhIiFkjpwPOT0boXLg9lFidU',1,'','2017-02-05 10:44:16','2017-02-05 11:05:21','201.194.87.49','active'),(27,NULL,'Android','eawziBMWHTM:APA91bE4Wj9AxsSWo9BvIqDls60AtHPlERi-4aPQxR6rF0lOSwjbRD1Cp63zk79g7J3CewiCM6ZrvWDm8bDqxCv8_CDzQKNreL36QKDshQ8fTbdfUdwQ1OvObjqcaU45Pr5oYP5h_9jn',1,NULL,'2017-02-06 14:47:11',NULL,'186.177.149.120','active'),(28,NULL,'Android','ddRHFVITtgo:APA91bFp8YmVftyGlts1I9Lr43aUvuaiy8vwnbQux7gemTrsjrlz-vzX8B4DbyTl5yRVq35CupB8qHxhIvYU2gFFeWG0yfd9cA4S9aiYahzV-YlciYMxLeCBhBw6t3GBKDS6zNVgvwjI',1,NULL,'2017-02-24 02:46:48',NULL,'116.72.48.117','active'),(29,NULL,'Android','etM7pQZh6KU:APA91bEyneUgT21D1vMZpVnchrPEay8Ooq43DGBQsMsCarRYfirF_ml2M08mPdHYHbFMNCdBRA9-TbehFN6XyYpht58nyEP0Xap5VoiARzTpWftvbB7MICCl-3Z8VtEwimiKZKXlWfzv',1,NULL,'2017-02-23 22:07:33',NULL,'116.72.48.117','active'),(30,NULL,'Android','dFMECy-P9rc:APA91bFAwOIn_U3rxa-VOR-2O9AiH-mLCG4wGFqeJ4RC2A38vuwhiWZCTGPE4LGW9GoGCxDaVe75i_yvnreW9_k241q5irhc63_YoQfD8pil8QTXpczaccqV3Sgd0YjB15sVqsOMfr8M',1,NULL,'2017-02-23 22:32:52',NULL,'116.72.48.117','active'),(31,NULL,'Android','fEw3EkajX2U:APA91bH2xUshPWIR5DKiKJGonrwIE5Ks1lf48Zxa-vzbZXF0peJ4Ury0yUJyYmrJFn4qFNCEcMeX31v0pavjHSykTQFKBokRh1_xjXdZwN4kXX0ZgVQ9K7M_p8jd0diBk6MHLdwIh1wu',1,NULL,'2017-02-23 22:48:13',NULL,'116.72.48.117','active'),(32,16,'browser','fiR-yWZBUps:APA91bFKveCe-4wKNYigSipF-sb5r1ky4qmWZZz4t7bNEiTCZSMl8ssoNNDMfHUJIEJzWlLjwVWtJ7THqsYAH0_bUJbjaK5zljRwsbQNEGx2RtlYUSR_rjlo9Enzf2jLBeAq9ZMpD3uF',1,NULL,'2017-02-24 06:27:52','2017-02-24 04:16:24','116.72.48.117','inactive'),(33,NULL,'Android','dlGsSyegFa0:APA91bHKsASFV7B0ydaLHfjyWo76-11Obe8UQ5nDkecRfZ2h-73adKHTnEFhi7JACb34-gAQgQr2EVz3RwbjS9LJ2ZNXEROoWQbDC3PSXQemflVGmxLsaY5qjc7AfcGksH6zySzretVt',1,NULL,'2017-02-23 23:40:14',NULL,'116.72.48.117','active'),(34,16,'Android','ffED6TuqMWE:APA91bEIZNvjIIYjkrg07oveXMzYoTQsPHSG0diykJH_4DgKw87Kk5NaCnR442bsQ5Lc-1BJuyhn1Mf_n-4wL8jV-ToWlQ4tbfiJi4AneJTKT7OANFEiZCqaOizWJx8pO1YdNUN9c_jz',1,NULL,'2017-02-26 23:17:14','2017-02-24 02:14:37','101.59.129.173','inactive'),(35,NULL,'Android','fZjEplBeqcg:APA91bGlPLnEy_r8xr-AeBC2tWxKtd-o7DCKwapJ42dYd3uwIhkFUujhCaJuXV1YVTnEqNLAPDLKiucRr7s2JVuiGriw-G1mGNPCsa2MQJdeSK87C72fcbIfNXm5fpT9ORpGMATF9LZ6',1,NULL,'2017-02-24 00:47:10',NULL,'116.72.48.117','active'),(36,NULL,'Android','ezCo5OXwEsk:APA91bH36pELuy0P8EFTtT-ypeF4XsnOzRj4V3EP49bv-6MdiVbCgjCUz1ojZCbPHPG37Hns-VvjRmSwEv-spMF7f8AwubGhOXh87qkRFaf7kEezuhdZvOpjUJqc0GRrYFtukbxpEXx0',1,'','2017-03-03 04:40:14','2017-03-02 01:18:17','116.72.12.193','active'),(37,NULL,'Android','fDjtsDC2Dhg:APA91bGaDZ2ZnllP45I_u0QZPgvXPG_hoTNxVtuRbLePMlmF98KrTLcTeTjcU9tYy0oeGmYPYp-gIMJ6Lb9BsSIHi1AKSoEUppUVQt76c7RjZKLxC3yXssiq4iygsHZ7BWQr2aStC3k5',1,NULL,'2017-03-03 04:42:20',NULL,'116.72.12.193','active'),(38,NULL,'Android','dXWFB0EAO10:APA91bEmTfmAiz0zmUaKcBhAzvjgwF2VI4w6GrUdolohCw_pkKOmTmkTrw9rfdJq9bACqtXjrXh3wwdLNeF6X1EV0KA7kZTgB3VvuriR5FV0-hky-FXbyaF_26SE68WWI45bPTsDhKNI',1,'','2017-03-03 05:27:49','2017-03-03 05:00:39','116.72.12.193','active'),(39,16,'Android','dCJam9h_t-g:APA91bG449he8IB4eYGoUW2ZoDYeD5GJPf8WZifjGMrrqO1r4EZDTAZKXePxwYccF9zbLgI4bZ8RDB8FYZQ1kAJSYTP8s3Kbu2ganZjZT2IDiuY1U13uUICT_1w3fOPeUpR-HtFaPUpr',1,'','2017-03-04 06:06:54','2017-03-04 06:12:24','116.74.126.8','inactive'),(40,NULL,'Android','cUFSM0sKUTY:APA91bH4W6OxOYjjcKKSdKKCFJJWnk4ZguWeHiXP4K_CBw_r0Ks_6te4WWzqMkaiFfwvjIW1ZPVvBbrDb1pUKXfoCjY31UOBRsWojY54kJ4OhSK2FyqdWwLGKPRA5li49ntClYeSSe5g',1,'','2017-03-22 00:35:05','2017-03-03 05:53:11','60.254.90.1','active'),(41,16,'Android','eSGLsH6Q2NQ:APA91bEe4Rso8ErndM_yz4zFa3Wt6_hpGxEWi9SjLdM5OsHuVfPF51GMYAVha_RtaSlP8NnAF3I02U_XCcVi8uZorhEyv8czcerml8NqGkbeTUj02Yqdc3FfJeZ8AJ4jj_7XPMaUoeOf',1,'','2017-05-01 01:03:06','2017-03-03 06:24:29','116.74.105.102','inactive'),(42,NULL,'Android','eVLcSMZi8_Q:APA91bHghe8INKYZ5604icNbZtyeQmOPWGH_Mxbm6ES69g0qWyDQegQJ8MzrgE3GjdIEc0FHCEwtb_jx72bd8FBNAMXGBCBKrCeJaRhPqqeq2CWKkRCktP_XUkipx089Jd8lOME55qOu',1,NULL,'2017-03-07 03:49:44',NULL,'116.72.44.117','active'),(43,NULL,'Android','caIw76zQnY4:APA91bEHq7hgG8Y8iBl1RaHhwPutpMbTpIubYhRqUtQgnvjgfvkzMDAMon-wNteMkWiljuIx9qvjuCuW2z0WLjO5yU3skQPO9jIjL6HqaZO0iJ8rVvuWd95GXT0dZMt72vW4C7aNjq3D',1,'','2017-03-07 03:52:56','2017-03-07 03:53:33','116.72.44.117','active'),(44,NULL,'Android','c-eozLLsApc:APA91bHKjvsGSKcM43jRiSfrFo3rZCnAwvZagBqtqy__lXZEVIKJYtTQB2aNZlrjkX7poR-yQPkSScNNQM5LqYMHNwZKw2j2bpnaQIVp_yjKyaCoBzNPJ2-5C18cFKiXCv8maxnBkZkt',1,NULL,'2017-03-08 11:38:22',NULL,'103.217.85.181','active'),(45,16,'Android','elZ4K6XWad8:APA91bEiXdzhadDYpq3Lz1BNFMdParNYhvXd1RJ4fZTyJUcUg3W-idMd0-W7hetYjWCL1Z24OcicLHyELtLoIxYA0_pj4nzLDw0RogS9JtazAQ17ndSDsU6r89a_awlgq1c1teS85h-Y',1,'','2017-03-14 03:40:54','2017-03-09 04:33:09','116.72.46.142','inactive'),(46,16,'Android','ekb2VKFxWqo:APA91bE_PewLLu2F0WpGF5RhfkGEKHDCySCDfi_-9YVPbdLwIvxS8rEyxrgrBrO_VFpjGxrOVp9hYQ5F5Mxk7k-KSQIY30WQsbovJ8NzHhSz-uadpGZQvuU4ABq9dxnfiO3hDuyF1emn',1,NULL,'2017-03-14 23:08:12',NULL,'116.74.126.183','inactive'),(47,16,'Android','fsZiwArtpEI:APA91bHBQQOtTDOUcjIp3tM34kwgsVnFO3Ssis26BmbbhZqRyxD_-v79K2_eVutqF1PtN7BaMv6i_Di5ZHkDWWO7k9i0CdOet-6F0M0q1Db1UPo8aEVx6pS-R1TZs2-iv4Xb67BEUrZm',1,NULL,'2017-03-15 00:39:44',NULL,'116.74.126.183','inactive'),(48,16,'Android','evD4FsByHqg:APA91bHRQz0LUKS60gevyWzS9lcPasyPkGk_n4AJUoePwRq3HgupznHhBg1aWjSnDlAOwdypIn0FSDBNUcOO_oT_4gc7kiOHhqtKFBWnniJ507p1bsoIjDi5cF7JQv10icJ1RlXHyHuz',1,NULL,'2017-03-15 00:42:49',NULL,'116.74.126.183','inactive'),(49,16,'Android','cxXpTrCDU8Q:APA91bEnVQmkaQaNlMsnSitVNpVuzEQc9N3sfHr9QdHX7lp0BW3OLgN1ClDU785ZDBMy8qyX9WbXXftGmx14_BOa2SDudmkz-C10RhVu3QcrWTIcHxxjXRRz5N7FLx4qkg5qA87Vv94Q',1,NULL,'2017-03-17 02:56:08',NULL,'116.72.30.129','inactive'),(50,16,'Android','f5m6XHbkGog:APA91bH2J5yXRxzrriO0uhdPBCE0f9FnzJT1g5yCgfw8SR-800ZMdDpEgcOb_xS4kjA3pDPiJZA2J3LyKYKVVx26_WqrQCStbSItiKU0ib9OUWbUwSFyhXJIfV4Jx_71mjXdiXP67o4V',1,NULL,'2017-03-17 03:03:11',NULL,'116.72.30.129','inactive'),(51,16,'Android','eE_2DIQI0cI:APA91bH3lR20_gD_HrejbSSAahKhVDSIK5SnwNFb6KhLbU25h49ELhKQJEn93kyvg3GQomF-H4xEIMzPh2GWYXOJn_0eOxNYbaJPOGZYqjh77eg8eKFDSd0-lyOssMmXNGlht7q6abBW',1,NULL,'2017-03-17 03:05:03',NULL,'116.72.30.129','active'),(52,16,'Android','eAAk5ojBVVg:APA91bEVOE0JjsIQEpRR0Lo9fz5UDjF8qV9Po77iwpGmHIPTcim-JNrATVAW5ZUVc60JfqQkzvTnwvoAQ-D-NvTx6u4v9fR8xuaGG7jpbFiYZeM5NT2NOEzA9tvJBbNE85EnqBUyEaU9',1,NULL,'2017-03-17 03:17:42',NULL,'116.72.30.129','active'),(53,16,'Android','fuxeKJcpMFA:APA91bFgO_vqe_6FrudDITaxiBgo4pR3S6OxQSn8-ELU9vJ4ABjQHiRu1MS4vrRA-wMJWOSIjKSADsBLi-plP4B63VOVv_3pFDQ7RwQ6by53RteCVmvXYdf9CB7XGpnFq4sZQ_TkRROs',1,NULL,'2017-03-17 03:19:01',NULL,'116.72.30.129','active'),(54,16,'Android','eHinIsrx5E4:APA91bEzGMcf3jWXxPfY-0DvjV-Ed9FFOKtT4Kpz5-3rrYuy_APniMQFRcb8Nfl6Y2orGPiKCTktqSDcQGrtmoIBCSNiNPQFVUkVcNE4cGqCuZwDQ-Bb8G5zz_FvOR2rS72D93D7ekQp',1,NULL,'2017-03-17 04:02:43',NULL,'116.72.30.129','active'),(55,NULL,'Android','fN9dQTVQbM0:APA91bFqHT6YbqNi-oiJhsTK0qtattgzaxXmKzRRndXtW9Brs0N1GUKIZx2-LUene9prj9vWwupqJ5h4qmn6Uw5u0kZCdTnMr0tlpMk3i0yVSdUNMfxy13b1CHxFke3vmTefSqtAJ5oP',1,NULL,'2017-03-19 23:11:43',NULL,'116.72.12.180','active'),(56,NULL,'Android','dtJR8mQU0ak:APA91bH5IW1r0r44fzhXhEirsZ8QjZu-JtzJMHqSEI2WeIQ3W0UrHr05TtI_wg-_51iRunmGvzhl8Af2JkKR_f-1sNPsYVcm2yhUeJ14TVXlaFXfidZG7Zej3vzV1nez3hu7C5om9z6A',1,NULL,'2017-03-19 23:28:18',NULL,'116.72.12.180','active'),(57,NULL,'Android','eL1UNMSwhiw:APA91bHHoggIxrKmtCErJHH7J5MJDLUP6jMUdd7Op2BGMwx3NRuVkj3Ab60YIx5HzQdkv2pOBxZiUIKZgviLvNbTOqk6F_ZxpUfm_-zQENMhjPWAj1Dpc-wPH8fpCy8_Ddthsa6JsDBw',1,NULL,'2017-03-19 23:32:50',NULL,'116.72.12.180','active'),(58,NULL,'Android','ePOwsXzB3po:APA91bG4XSjQs6spN9TTCyvvP6EEMf5jD0-OIhAOuUJ95jXqThPG1jlMkE-DU9F48fWLNR6dIcIRqydqNRU9rl62yPgdTMXBz8UERMjyqringlKeqicZWyMICAHxw2mYDpytWXi9Djbs',1,NULL,'2017-03-19 23:46:30',NULL,'116.72.12.180','active'),(59,NULL,'Android','d_9NitbKmSI:APA91bEF4cFGJZOF9oeXi1457SBQ4PurhOSXWCnk_4dmDWzFWbDJpVpYvdKvys6WkEU_TEz82MQ_eW-1BSUezr4HEgQnTGYmCn9ju5eGQZXA29BFAbb83SNzWfFpLoyE-xQ7nxX7ZFTi',1,NULL,'2017-03-19 23:49:42',NULL,'116.72.12.180','active'),(60,NULL,'Android','enW1UsE1PHs:APA91bFjU3nFjc9oIqLkh5MZ9HnlxnZb1akDJKw1rB4KkNmoq_Y-IH1kLZ1LZdgedfgGB5kPny6yeuFOkwedeC-tDJnGDchOrSdk_W_HVG8dUkQMmDQCwaxG9Gjj-UUieYIZJDDS_Oh-',1,NULL,'2017-03-20 06:02:36',NULL,'116.72.12.180','active'),(61,NULL,'Android','eQIvhOc_ciw:APA91bF7E0zOnvXCKojy3EJEbpggAd9WFkfzQ96Tx_S26kwVoY71lNBkrckH4tCxkH6-bj_nODaRrRsS1F3liCLWcTKFYUIDi2HUtT4r2ZsZqNekU4Uuh1MR-OZ2ZzZjJE-3lKSLrq5o',1,NULL,'2017-03-20 06:30:48',NULL,'116.72.12.180','active'),(62,NULL,'Android','fB1LL9ErC8g:APA91bFDn-4dVjLuUE5tpIILP6bxh83H078Ai25pKPYu_QtL_BKl4Iv4qRPYWZVQ2r3DuY_y_QLvfmE-M5JNoC2X27CBLB-mB8B5x_uS7cOvAyexOdHe8ZiE-dLfRSWrlA3IFbn53DaF',1,NULL,'2017-03-20 06:34:14',NULL,'116.72.12.180','active'),(63,NULL,'Android','eLsb8u-2PL4:APA91bG2DqWnXaHxdxiMbvJGnJ_dZUtNdBXE3A1pvArEsXUkfBMpJBsx3Zq87YovQag892ywr4_95iKG2XcegFLdzynA_mobAJjnfb7Av0n7Mk04suUsq4DQnIk8p53arWncNEbVhBI3',1,NULL,'2017-03-21 11:48:20',NULL,'103.217.85.181','active'),(64,NULL,'Android','ct88o7TRsl0:APA91bFFTmoyAgsw7IfPfqn6Vj4j8u2DXk-67NmN2nGKCD2wf0O-wcs0_76G8YlXwmfKuI_ZrPbFJwIJB2lmho-uUlesRvJgkecp0LdekxCw-dEKkNGV1CcRbQX_FOjUrC_ZcZg-SZBb',1,NULL,'2017-03-22 00:01:31',NULL,'60.254.90.1','active'),(65,NULL,'Android','efLsWaGDZCQ:APA91bEqceBgnLDT1IAWXxC2h8DukaeUu9hHmLLYiOeDmTtZPYxvn6eSuXcRARdOgEIhDld6uTlQCfqVQSn-79hPgZaK-CAIbmJm_vnM36ScYi8C2DkGsJBIri2aeOcNG5bPtqj3Z55Y',1,NULL,'2017-03-22 01:04:51',NULL,'60.254.90.1','active'),(66,NULL,'Android','dEdq2f3coAY:APA91bHd87DnYjzY2MXvezrevavcfpbAMdwn32GlwQlKTnUsWzoBNKgf6bz-aCnAlLpaB2BTCghwAppG-AB9WaC2K2ohWBf-niTLGHdxmh8XMtvJf3ZO7WN52huLYUGhN7WkWXNwFQoB',1,NULL,'2017-03-22 00:41:45',NULL,'60.254.90.1','active'),(67,NULL,'Android','cyEB4LwfTvI:APA91bF4SaeC7tNTcNOBG-TsGAnW1MXjZdeQqKTwK26pWu6HD16zcF-Fza_xW1WpOqtDvTNrZ_VasOV0Q4vIjs7jXn_VnpdT31U7OMGAWgMWw3AXkRflfI3RFTq6BFDnf9gMjXVv3yYW',1,NULL,'2017-03-22 00:44:24',NULL,'60.254.90.1','active'),(68,NULL,'Android','ePpz-NwTGHg:APA91bGZL32MFD0dMYVotBbaHixnFy2sLpkP_Ji1yFRqz_g2mj1WY-7j0xtZvwqxtbJ5Kogk8IbeiDdenrRSBEwG4QcYOdQhLJbxc_2enUq9HHlRN6VeR3v0sq7W56Y_hqrzhnXEXXBa',1,NULL,'2017-03-22 00:55:43',NULL,'60.254.90.1','active'),(69,NULL,'Android','ckN8MEECXOg:APA91bFuRIqAtc9GormO4xyCBORDVYq_q4PhN9wKaH8yOWk-YvEzizzrqFdzweveasmJi_N8Sw32rphfBsMS8kElbHcrmUW6Zkhc-rPuOHEcqRGsnyGTUtSB6H8QYRyncz5xQuIFxdRV',1,NULL,'2017-03-22 01:13:09',NULL,'60.254.90.1','active'),(70,NULL,'Android','cdF5EqIBEcE:APA91bFlhe6_ru6L5jO0yNBjndP3fc-QH6_wR8dV28mEPa8-dXDmHxoT8fY6KqIwLWclTo4ySrMc5KNjAIKL6iTq2yH_gymjcSTFFilkF-QHPK6Bo9etQ9Rb1g7iYnO1KMi35b6lu9u7',1,NULL,'2017-03-22 01:14:51',NULL,'60.254.90.1','active'),(71,NULL,'Android','f35SGsC-IxA:APA91bGaAmExLDu6uET6ulHv8Mu0kJOwJJgHN8Od3QXQGcI587rx9rPZs6VNEu62Ec6GT_Iwx_IWFRSlLbeLYHna1KdnCLMD1xQauLsjouf7F1vxo5KbmTLx0pPYXw56ng_m5bXhsGom',1,NULL,'2017-03-22 01:28:04',NULL,'60.254.90.1','active'),(72,NULL,'Android','epEX0tTJ67c:APA91bH9Ardo1zX6UuMKmCgp2MRFtToOxdzjsx4UNXB_4FEbqFi_p88TgVD8YjAe_Feqh9JZdKy0_Voiw3JNjlDhM_C3nL58OSG7fpdZBRp_lxkqbQ54M_pEv4AcpfwUWf63apnRKBlo',1,NULL,'2017-04-04 22:56:38',NULL,'116.74.107.184','active'),(73,NULL,'Android','dhGZv8CX4f4:APA91bE_BPbfP27vjDeibMXcHVrJSvrMbcJcjzeiEzQvPXSfGEq86TfI-lpzq6MaPC-HqacI8KbSJ5_2SFvKLN4IiGp6_D7em--Y09c0KO6WritWG_0qdhT9_H9oC-pRrmI_FpNWPjzF',1,NULL,'2017-04-04 23:01:11',NULL,'116.74.107.184','active'),(74,NULL,'Android','cTsX5UmRfnQ:APA91bHav2OC8H_bjetp91PaI2j4ivV5VnWDnr71oMsOAuXJ1PKrX9Bq6lgERk61Cr1MX_F_BOC6lF_8Z_8Z5YgiJXqvQA1kopZKX_m8l0DqeBxnOx0-ClFm39F8quJLgnLitoDHKJiw',1,NULL,'2017-04-04 23:07:18',NULL,'116.74.107.184','active'),(75,NULL,'Android','fkehZ8pJejU:APA91bFSik5xnB_rhunBIlM2ayNJIsV9v_3H8evNJ4tH_8ErOX79UGyvVLzvFSylyZuK85VaxY8_ovCBV1rdlsAOjzccs_dZg-DWG2MqivcgILqzC0UBTOQla8kjJiw4c7Y-CkmUdesg',1,NULL,'2017-04-04 23:11:41',NULL,'116.74.107.184','active'),(76,NULL,'Android','ebjxaDtdVEM:APA91bG-vXC-OGDnqYZnpwKH_YIdECcUEORcPsBLL660EAsWgDo_aV09A0v23uUxjFRkP02EgmZzSr4lzPpgjqcmcGsjdtx8xLIHsOPBWYFQ_CjriZYlTlcQqbXyWfOzKgCufFUaO8Dq',1,NULL,'2017-04-05 00:15:16',NULL,'116.74.107.184','active'),(77,NULL,'Android','eI-dsbkFdoQ:APA91bF_pBGlLt8tmdDkYbMtBpqn80vlsBtA_BfjvMK6trDlJ0EDfKaaT2PBy3NWkegbqVANQ6teXqn43lGcoNE8mgv8fqIOcfkSV00pSbINpQymFhf1ZAAAg7I_EW5UjJsL8yJvGs5Z',1,NULL,'2017-04-05 00:20:51',NULL,'116.74.107.184','active'),(78,NULL,'Android','dPSsQ9fOhI0:APA91bGwCNndph7StSMRVpA7a3e_NUQMbe5BtrIndEh186uX-MmDBE9WE9BFpa_OXF5D3TbOD6e3feCqqypjOQS5PoGG95H5rivOaBTGRBo_yQCrVPWCqdoALGE8K_JpT2nnDsduIb0C',1,NULL,'2017-04-05 01:10:09',NULL,'116.74.107.184','active'),(79,NULL,'Android','e3IDl60vJ_o:APA91bH2pebvfBu7MGspsG4CEgZeKFQhXykbmZBdoRYiQyi4vclqwQkIgUS9o3cgm-HOy961hFK5izBMmelWpU0mQw3D57NOemeEUt8fpduWh7FPbiARLrei8BkGvn4aDbJaNmdvq64W',1,NULL,'2017-04-05 02:46:31',NULL,'116.74.107.184','active'),(80,NULL,'Android','eH5pvB7usSA:APA91bG1VEmvC0f5QmVgF1phUMUBmPctqem5MYEcktvJcyniaRVyn9vt2rYL3Bt4ernzhF0AmpiHp9RRr7L_ViCrU5WVjyNwzbEoBWwM-TcQia0KA8XYLYRwwgy_-OZUsPobI_3ZPiIB',1,NULL,'2017-04-05 02:59:51',NULL,'116.74.107.184','active'),(81,NULL,'Android','eOPAJiEqphI:APA91bFCPQMGOUeDjaRgOR6Xn9na2cgtXn8puWbPDOf9cNkc8vKSdGHhYKUJbTwcN6GyUbw3lB2ichqXMgXhsj7lsWRJAYC1XDPlmTYWJ18425Z1Uhru75-HmpW8Psif4gk2Y1CpBEMK',1,NULL,'2017-04-05 03:00:43',NULL,'116.74.107.184','active'),(82,NULL,'Android','cld_oZ8LTs4:APA91bHpYiEpVE6p6cb3Ud_oLtMu1a1-baa3X6Js_9XQT1nUAs-yHKTF6EYNQr0-6mygg48gztqAM9eIE-iQmLIHHylpdr_OzpSCWrj3gB3_qaC98N2vdSp9AL3DRaeFAWLX0jwHC8xb',1,NULL,'2017-04-05 03:04:22',NULL,'116.74.107.184','active'),(83,NULL,'Android','elKpnbUW1Eg:APA91bFvAvUi3XNjN7oGDp9I5mjY9NS5EsVCGFC8Oo6ZtfbYtdPOGfOhZVefTZGXug1y2EQiLmRs9NrZ_DEYsz5P5sfyw__-_ha2_IJOrA3-gC8qil1_q3mAsaPBohSVqkK_fOCTI9yE',1,NULL,'2017-04-05 03:08:36',NULL,'116.74.107.184','active'),(84,NULL,'Android','f_LGj7cU3n0:APA91bHgQi0CU2e72ZdO71iIRKHP5GuwqHUYnTO1cG9eZF9fPyTsb3G2reYSMzl4V5qf0mvRdQVREJdtnE8dXIz0sKGkHsdw_qGRjgSqpcTSgC0E34vujz_s1_MonfFJVzgHVu4I8Ekc',1,NULL,'2017-04-05 03:16:51',NULL,'116.74.107.184','active'),(85,NULL,'Android','fPbi65-i_Rk:APA91bGvONuWEwcXMNKGXR4_XklLBbmOD5SKqDifX5wBnqDSn2Q4FaBhiSmH2I3vIXE39FHkJJzCDmykYEFdZGTUCP0EkiOkit-xg0r_ncR4ipLqn_bC8rTjMR0kD5XHQoSMLskD9rLe',1,NULL,'2017-04-05 03:18:17',NULL,'116.74.107.184','active'),(86,NULL,'Android','fS3_gCHOElk:APA91bF1dEXmktI_zwd-HrIIoBwUxi6lF7onebsOpNalWY8s3iyy049IYQwpRrXLtfmURHkydxdLvPnUSUkn4IwQJ0RYb590QoMd6fnn4GPppIty-Tt_Vm_5siaGHmF7sxlrmICz3uVL',1,NULL,'2017-04-05 03:25:29',NULL,'116.74.107.184','active'),(87,NULL,'Android','cTV5VNGh8jU:APA91bFA4bREXwA7OugF8ZU2L8hwIBslunDjYjbNbHxhnMBP9N2WCXQQoQFdCL25IDpkSwH4tk6EtXGGX9jHjzrrjlaMERH1rQciKsa9L2NM2Bu_N2fyT1c-OxGrTe47Y3_Og7-qhwD-',1,NULL,'2017-04-05 03:29:15',NULL,'116.74.107.184','active'),(88,NULL,'Android','dQtQ6gmnLYw:APA91bG_3g6zbHo89fIXid_rayW1KJCB3VwW3G9Sic8nPC4RbHLnmgOWgIJf-YwCnweus44hXGuAXkrIS3PI0oWZzruxumgH1SCpIeisTJZHMKE51P4j3Foo5WgMyO8LAyM6lwl23MJc',1,NULL,'2017-04-05 03:45:59',NULL,'116.74.107.184','active'),(89,NULL,'Android','c0j9Jh2O22g:APA91bESu7NKhUZUeorV4mpV7A9g6Od3Y-pt5AcLOWJkakA9uxe3p6XMgrIgQXFMztwjmPZWL1Qd_eUTewHHSBtJ1QeQ8vAspyaGofK1CKhi-7WizPQAUDiclamgV4G99yaagg95EPr-',1,NULL,'2017-04-05 03:47:37',NULL,'116.74.107.184','active'),(90,NULL,'Android','f8ZZjMzpYms:APA91bGE4SyGIigjMuK79TTPIMnLcFPECPypXDO-o1BhgD9hyYfK3XQIy0HsTfndw8Wpo7tEZrOy_AgGPszfmWU1b76QpUz4yqn-5uVbp0wxILLniefTU_sqDbk6539Wstc_tf_OvBqS',1,NULL,'2017-04-05 04:01:17',NULL,'116.74.107.184','active'),(91,NULL,'Android','ekJJjQs6kiw:APA91bHTcXwLtTmOgRKCqCPZR-m0LnPPL4m0NW6WNiA-G2Ifqb4vIxigPFT06ZucJq-ohTylyKo5sdEGncnVG6CpmvO17dyCR7gqJBbxyXHBsjW1rU0C8OlF-b9KgKLLMkXVMjzDMFec',1,NULL,'2017-04-05 04:31:29',NULL,'116.74.107.184','active'),(92,NULL,'Android','dRlZ0HwRRf4:APA91bGDsdVrrYziZc5DgF3RRGYStsubvB59Y7yukS_Enpwhc0iGbNSsZ9R-rXnMmjLcPFYvjzij1y47PRog9nvCRVn1Bf1Hb6S6kN3SA2PXW44-JIGnuV3ftPQDuznqsLF6spQTNo_2',1,NULL,'2017-04-05 04:45:27',NULL,'116.74.107.184','active'),(93,NULL,'Android','fVytD-XV8ng:APA91bEv43gkKfQiaUg54bVyUvH4BZNNEBzUnrMymzCrW3VJVVqcoOj6HOJIxjxIUQEL4KYS9pGLxbujGnbaTVh1aWGM_jd8l3M4CnK7TEfDry0SRjKKnYWSClAq2-PwsfPDsl5sQU2K',1,NULL,'2017-04-05 05:14:11',NULL,'116.74.107.184','active'),(94,NULL,'Android','e2lfytuvXZI:APA91bGoXtyPQ0ne0Vk_I0XkKtYZOQx9IQqVexeyCDl-PCBClFzYCoS4p0EWYkWThMWqMCd2yJSW4778aC8x1fGF71qzhW8qrCntXeGE_4gJPUJ28ilgzkMtZAuWclaMoMR--s1G-HWd',1,NULL,'2017-04-05 05:53:19',NULL,'116.74.107.184','active'),(95,NULL,'Android','c9kF1aqi1vA:APA91bFm5slduallko9Y--n0-ADZUKgSaqPuxqiNkQv20i9E4X9Rql3joIVGZSzhwF0L5AAz-9AcPkni3QmgBgJrjUTeMSKxMg2EDsNYmj-Sg0o7NbTf3XZ69U7p6151aZaZMkq3Df4-',1,NULL,'2017-04-05 06:02:31',NULL,'116.74.107.184','active'),(96,NULL,'Android','eIxKPjJ4rOU:APA91bHBXH74SJfdTXRAQaUIzxf2s3UUTApYnA0RHT9aPxqU2qZ2B11nSj0_o4hVtaLKKUtSUGcZZGvLok_nzFtWpGclc04LRWu2EJqaBmLYFuEoM5VC_MggVEdIz1aKo1FtJDCWFSEr',1,NULL,'2017-04-05 06:06:26',NULL,'116.74.107.184','active'),(97,NULL,'Android','fTZoPyZnEeU:APA91bGQrD4UlXzJ9GNzJPDh3cptol46wuImBqmok_efeAskbv3lUpHyHUno22KyHDGR83GQeI9pub8Su6jsqqflrdj-xf1Bz4W0mmY2GayU1bcGPx_7DT-6D4M4vVmIaM__we25XyI6',1,NULL,'2017-04-05 06:10:52',NULL,'116.74.107.184','active'),(98,NULL,'Android','cvcsB4TBpU8:APA91bEinvqVcMluakepqUZtbX89Q-Al2W4FQbefWVQ1-Jd0daMDpg4cVmpXAmd4xLA2QCQsKTPGV8rT2JFQ0mI7Uq2xyRcy1TRh2lKVpH4MIFrxp6zO9lrAb3JRBXQ_PS77i7bOp5cm',1,NULL,'2017-04-05 06:22:44',NULL,'116.74.107.184','active'),(99,NULL,'Android','e9Z1WjXn4zc:APA91bFVwmu2qZV8REP8SG2VkUmeEOt_A0X9pdYuNLmEp6zgqJAgxZ81_SG2VcD1PjCD_G44x6vzCWXCNu5FXwvleoiMjWqHjy2j8ys6ANF7la2A3DFL2O6adUVO1hvcPRVTn8xBQcCo',1,NULL,'2017-04-05 06:28:32',NULL,'116.74.107.184','active'),(100,NULL,'Android','dayT0b7wZkI:APA91bEHFMd913Pz9qiaHOaUHUZaOs3kiMskroJPaKYfqFc5KRcUtwi_nYU7Pl5XDesbtgT7dcSYqF_sFTmE1wUT1xEPt9LblhcNNlGy3NK1idbYYrQvJku7_EfE965puX_IOrMoVfZ2',1,NULL,'2017-04-05 06:29:53',NULL,'116.74.107.184','active'),(101,NULL,'Android','dQ0EG4q_DgI:APA91bHmrhK-J0A6BRyGUC6-BPhoZCF2t0P8BUgkdFDxiCCdotihB208ITjvt-NQ1IJItEwwoxVRLUhhjZ-gnGbxu4ceQWbUR4UaTfQb5Em3r6i1FRK_niAvN5kRnq1Rw8qMYrCEVjPE',1,NULL,'2017-04-05 06:37:55',NULL,'116.74.107.184','active'),(102,NULL,'Android','eqgDENKImuo:APA91bG1D-U-fFR34Y4a0genH55tA6NT1xo1VRO7eNvzj5ff5GfcCO8CdeKtlG4L0d7UzTIopupLzEUAo83T3U5Td-8jsk0PUA9IW7NwgiyQsL1U2_R2O2U8HJqOLpjal-NUunBCtAvs',1,NULL,'2017-04-29 06:27:24',NULL,'60.254.125.235','active'),(103,NULL,'Android','d2O4HfNA6dY:APA91bGlW5kGPrYNZ7N-2h8zTZo7Rmf7O2NZEsGDRZ_n0vzVA5wV-MxuFMrlJe5rcU6ZRa9QDoDDZvxLyRL-WdYkfy6smWeWO_pihlyyY6G-nWow44k9SvaSt9uahMifZYhO1QHgwIxp',1,NULL,'2017-04-06 01:22:47',NULL,'14.140.251.170','active'),(104,NULL,'Android','ePpTOgph7II:APA91bFcovUMupZrvA5ulbU39VTTH8B3NHx9Qdaa__E90sCJVBm2v-Tras02eI3XKtHTz7VXjtcTl5sW37YJ-fEM_alXrSiLT00WXQwqgZiSYSiCfgdbj23g_1o8ZoH3vZ-NPOIxb0Zm',1,'','2017-04-24 13:23:07','2017-04-24 13:16:44','201.197.75.226','active'),(105,NULL,'Android','eXhMGnH9Lc8:APA91bEfFEc55oi3vsXhDG1clmHXIVPpwl9gjQGDIuRfgo1RXgw2OTqe4DDEopSP3J92q-LgYiEBtCQKcIV1hrO2tvTRJsez7DbqybxnFHH6w900Xej2DGHYfgF0PyAt9nXS1c_R4-D1',1,NULL,'2017-04-30 08:30:00',NULL,'103.217.85.181','active'),(106,NULL,'Android','ckCyYe5KFjQ:APA91bGfK47UfWvBiLsHOpW72hX6wR1nIQJD3XVatDHVPKUrm_CdvH_GkZAPOga1kjLnBaTNmc_QkqINR79-HbsyP_6GAPPOIvYXg5JxFH63l8JUUK_lHxlBkU5uwonYtvyEjcKf771Q',1,NULL,'2017-04-30 22:52:44',NULL,'116.74.105.102','active'),(107,NULL,'Android','ff_-Xvehjnw:APA91bH7iPDUprRbNBLdu5VDjTvGvdVEMM2PSyYmXruNIFa1ppaTVKZ4ucMte2Aut5CKedww9ieHTotDc6RwitqEcNppL4JExC2YTMocjSvX4HDHWDZGW0_5TF_iCu4EMM7r6TaSpnY9',1,NULL,'2017-04-30 22:55:09',NULL,'116.74.105.102','active'),(108,NULL,'Android','fuAVGsRm6VM:APA91bH2kAF-LiCUGxG-pOwrLgcxuWhvkkwjZWqOydFd-oTR3-U2bBzzZbQ1HB9Xd0-DxTOO9Y97FzhYLX9lwG9-1T80pngaSUWZRYsz_RIbHCj-gGQxzOvFyyRii2nltljalhmhzGpX',1,NULL,'2017-05-01 00:13:43',NULL,'116.74.105.102','active'),(109,NULL,'Android','cny7Ahby_04:APA91bEGeBOjySl8RxJEjTnp0P7-Otsh3GAFQW3llbapKS36R_qIcf-SpIL5hHXCfjfZxJQSz6ug_zAh0CQJCmsPXDVlIjnpFEo4LKsUMql1jCnsDbLM6EQZKy_KFV4geXDdM5OJISYn',1,NULL,'2017-05-01 00:14:35',NULL,'116.74.105.102','active'),(110,NULL,'Android','deAojBb2kkM:APA91bF7OFRHNPIfYGGZ_xX4WscXYLc0kXJQ1eDINVtK8zrYJ7DbhjLZ08-jDc8lECB15YrHWCQ-YWgvYDqQ2MInm9ZBBYoqdQIDwy4GD0_L_rLJNiJXI3tpVHpbKcw8JR9U7caTAmP_',1,NULL,'2017-05-01 00:47:00',NULL,'116.74.105.102','active'),(111,NULL,'Android','crZ20BsGl7M:APA91bEEfCn6GucuiDSzihGdEXBiaafHWDtXEeYomJttDoHrUTgjerQMmLS0g4Lp4CHKlGBQ2nC5Fkr6bIX9XhrbL6ZD5E7EJvbSNhMqUtWnR1PpFK2lvnhGcW4VHUGvqeaZhL0usrbx',1,NULL,'2017-05-01 01:28:10',NULL,'116.74.105.102','active'),(112,NULL,'Android','e7ahQeTKX3Y:APA91bEB8EYAmSnEzkPp4D7HF51y9fPJDO1jVFnmCt0wC0qW1xDf8mlaEp9lLn5-Wd75VyWjTY3jy842kus7fXG4KKbMOyMQPYJY6h8HG-hIs5eNoS0s8vy6OB2Koikri_eSwSlOS_mn',1,NULL,'2017-05-01 01:52:23',NULL,'116.74.105.102','active'),(113,NULL,'Android','c9w23A_iadA:APA91bHvYv16wZfu9YXDOylbxpLzeho92mUgknqJICmsgw1acIgeUBpZQLtEIMJ-g_wvYSxm_vaDg8Iz_azR-sasxeMnutQ8ugfoFm2JJLt_NP_ICXqfNbfiYB_Dw3c5N43bDE9OtT-7',1,NULL,'2017-05-01 06:09:18',NULL,'116.74.105.102','active'),(114,NULL,'Android','d0E1SNgV49g:APA91bFoJPXZDicQ7bXjp-zkCskoNspoJN3BG7600y6hKT_BxY53uKN93KwZv15hXHK84lDj6DE2mWd_0YPhN8Hq4SnMXIkED8xi9e6ay3vuclT_0FTzO6ItsWvJXBveqPvVvLLqLnbh',1,NULL,'2017-05-01 02:12:46',NULL,'116.74.105.102','active'),(115,NULL,'Android','dsON0U9-_DQ:APA91bGyyf_VRWF6pzR7q-GIkjyBs2CvQeDRmoOEA2_3HP0UZg8N-CnWBcHX8NpMIaP91-yK8jgQRanvSnmLG9jN4fBq27uSCDYOHPnIkYQpJPhCGphzBlFs2t3ydWZJ_20JcV2BOTuu',1,NULL,'2017-05-01 06:11:22',NULL,'116.74.105.102','active'),(116,NULL,'Android','foXenMC08gk:APA91bEIue_YDnKMdS4PXBh7pO-SC0FNmhWVj8IgR1obOtu7jpWIsS8f2YcjVZb2mjrDyCi5PNZ010pA2KHSNj_hqb-qX9GUkJVrPhX7BscxuqqSsbCXBoFTaeQ4UMQbco9TFjC-hmKF',1,NULL,'2017-05-01 06:35:33',NULL,'116.74.105.102','active'),(117,NULL,'Android','c1c41WFZM9M:APA91bG9C7OCj6oAmcHXy-aEZ8Iyp9VADRBJv4SOoVF_YGYapzp485OGskLfRX5jL4Tn1tYSCbOhTzdSCp-TXDGjcT-9LRkdIKdSFF-zqyWoCGWnYrVktcA-VK4gSZYGoSzpfzc-b0GG',1,NULL,'2017-05-01 06:36:55',NULL,'116.74.105.102','active'),(118,NULL,'Android','dW4tBPMBP6Y:APA91bGfPhlXADSGVZgt1yMfbL0wfT5MtRIGAr_-8Dv9r1KhJ4LGSjufc7F797cUgHlGM-_YoFquNSvaZmMrtFmdmXdw4Bumh1GgnUmz-Mna3jFHI6Ff7pnme0vqqBQwy_vkVOfLX5Mz',1,NULL,'2017-05-01 06:39:00',NULL,'116.74.105.102','active');
/*!40000 ALTER TABLE `ka_mobile_registered` ENABLE KEYS */;
UNLOCK TABLES;

--
-- Temporary table structure for view `ka_mobile_registered_view`
--

DROP TABLE IF EXISTS `ka_mobile_registered_view`;
/*!50001 DROP VIEW IF EXISTS `ka_mobile_registered_view`*/;
SET @saved_cs_client     = @@character_set_client;
SET character_set_client = utf8;
/*!50001 CREATE VIEW `ka_mobile_registered_view` AS SELECT 
 1 AS `id`,
 1 AS `client_id`,
 1 AS `device_platform`,
 1 AS `device_id`,
 1 AS `enabled_push`,
 1 AS `country_code_set`,
 1 AS `date_created`,
 1 AS `date_modified`,
 1 AS `ip_address`,
 1 AS `status`,
 1 AS `client_name`*/;
SET character_set_client = @saved_cs_client;

--
-- Table structure for table `ka_mobile_temp_email`
--

DROP TABLE IF EXISTS `ka_mobile_temp_email`;
/*!40101 SET @saved_cs_client     = @@character_set_client */;
/*!40101 SET character_set_client = utf8 */;
CREATE TABLE `ka_mobile_temp_email` (
  `id` int(14) NOT NULL AUTO_INCREMENT,
  `order_id` int(14) DEFAULT NULL,
  `client_email` varchar(255) DEFAULT NULL,
  `receipt_sender` varchar(255) DEFAULT NULL,
  `receipt_subject` varchar(255) DEFAULT NULL,
  `tpl` text,
  `email_type` varchar(100) NOT NULL DEFAULT 'client',
  `merchant_id` int(14) DEFAULT NULL,
  `client_id` int(14) DEFAULT NULL,
  `client_name` varchar(255) DEFAULT NULL,
  `gateway` varchar(255) DEFAULT NULL,
  `status` varchar(100) NOT NULL DEFAULT 'pending',
  UNIQUE KEY `id` (`id`),
  KEY `order_id` (`order_id`),
  KEY `status` (`status`)
) ENGINE=InnoDB AUTO_INCREMENT=78 DEFAULT CHARSET=utf8;
/*!40101 SET character_set_client = @saved_cs_client */;

--
-- Dumping data for table `ka_mobile_temp_email`
--

LOCK TABLES `ka_mobile_temp_email` WRITE;
/*!40000 ALTER TABLE `ka_mobile_temp_email` DISABLE KEYS */;
INSERT INTO `ka_mobile_temp_email` VALUES (1,12,'digital@buzz.cr','no-reply@www.fmarket.org','We have receive your order','<p>Estimado Andrés Martin,</p>\n<br/><br/>\n<p> Gracias por comprar en Food Market y apoyar al artesano local, esperamos disfrutés al máximo tu comida! Tu número de recibo es 12. Hemos incluido tu recibo de orden y detalles del envío abajo:\n</p> <br/>\n 		<div style=\"display: block;max-height: 70px;max-width: 200px;\">\n				</div>\n		<h3>Detalles del pedido</h3>		\n		<table border=\"0\">\n		<tr><td>Nombre del cliente</td><td>Andrés Martin</td></tr><tr><td>Comercio</td><td>Donkey\'s Food</td></tr><tr><td>Teléfono</td><td>+50688931526</td></tr><tr><td>Dirección</td><td>San Fco. de Dos Ríos San José San Jose 10106 </td></tr><tr><td>Tipo TRN</td><td>delivery</td></tr><tr><td>Tipo de pago</td><td>PYP</td></tr><tr><td>Número de referencia #</td><td>12</td></tr><tr><td>Fecha TRN</td><td>Nov 19,2016 23:36:49</td></tr><tr><td>Fecha del envío express</td><td>2016-11-21</td></tr><tr><td>Tiempo de entrega / Express</td><td>09:13 PM</td></tr><tr><td>Entregar a</td><td> San José Provincia de Alajuela  </td></tr><tr><td>Instrucciones para la express</td><td>Casa anarilla</td></tr><tr><td>Nombre de la Ubicación</td><td>Heredia</td></tr><tr><td>Número del contacto</td><td>+50671402190</td></tr><tr><td colspan=\"2\">&nbsp;</td></tr><tr><td>1 Pollo frito<p>Grande</p><p>Bien cocido</p></td><td>3500</td></tr><tr><td style=\"text-indent:10px;\">Yuca frita</td><td>450</td></tr><tr><td colspan=\"2\">&nbsp;</td></tr><tr><td>Sub Total:</td><td>3950</td></tr><tr><td>Impuesto Impuesto 13%</td><td>514</td></tr><tr><td>Cargo de procesamiento tarjeta:</td><td>250</td></tr><tr><td>Total:</td><td>&#36;4714</td></tr>		\n		</table>\n			\n	\n<br/><br/>\n<p>¡Buen provecho!</p>','client',0,0,'','','pending'),(2,16,'andres@buzz.cr','no-reply@www.fmarket.org','Gracias por comprar en Food Market','<p>Estimado Andrés Martín,</p>\n<br/><br/>\n<p> Gracias por comprar en Food Market y apoyar al artesano local, esperamos disfrutés al máximo tu comida! Tu número de recibo es 16. Hemos incluido tu recibo de orden y detalles del envío abajo:\n</p> <br/>\n 		<div style=\"display: block;max-height: 70px;max-width: 200px;\">\n				</div>\n		<h3>Detalles del pedido</h3>		\n		<table border=\"0\">\n		<tr><td>Nombre del cliente</td><td>Andrés Martín</td></tr><tr><td>Comercio</td><td>La Favorita</td></tr><tr><td>Teléfono</td><td>+50640016415</td></tr><tr><td>Dirección</td><td>San Fco. de Dos Ríos San José San Jose 10106 </td></tr><tr><td>Tipo TRN</td><td>delivery</td></tr><tr><td>Tipo de pago</td><td>PYP</td></tr><tr><td>Número de referencia #</td><td>16</td></tr><tr><td>Fecha TRN</td><td>Dic 05,2016 6:36:26</td></tr><tr><td>Fecha del envío express</td><td>2016-12-05</td></tr><tr><td>Tiempo de entrega / Express</td><td>07:30 AM</td></tr><tr><td>Entregar a</td><td> C113 Tirrases Provincia de San José  </td></tr><tr><td>Instrucciones para la express</td><td>Apartamento 3 torre 1</td></tr><tr><td>Nombre de la Ubicación</td><td>Casa</td></tr><tr><td>Número del contacto</td><td>+50688931526</td></tr><tr><td colspan=\"2\">&nbsp;</td></tr><tr><td>1 Club sandwich<p>30 cm</p><p>Ingredientes</p><p>- Pan oregano parmesano<br/></p></td><td>4</td></tr><tr><td style=\"text-indent:10px;\">Ensalada de repollo</td><td>1</td></tr><tr><td>1 Sandwich cubano<p>15 cm</p><p>Ingredientes</p><p>- Pan Integral<br/></p></td><td>2</td></tr><tr><td style=\"text-indent:10px;\">Ensalada de repollo</td><td>1</td></tr><tr><td colspan=\"2\">&nbsp;</td></tr><tr><td>Sub Total:</td><td>8</td></tr><tr><td>Impuesto Impuesto 13%</td><td>1</td></tr><tr><td>Cargo de procesamiento tarjeta:</td><td>250</td></tr><tr><td>Total:</td><td>&#36;259</td></tr>		\n		</table>\n			\n	\n<br/><br/>\n<p>¡Buen provecho!</p>','client',0,0,'','','pending'),(3,17,'andres@buzz.cr','no-reply@www.fmarket.org','Gracias por comprar en Food Market','<p>Estimado Andrés Martín,</p>\n<br/><br/>\n<p> Gracias por comprar en Food Market y apoyar al artesano local, esperamos disfrutés al máximo tu comida! Tu número de recibo es 17. Hemos incluido tu recibo de orden y detalles del envío abajo:\n</p> <br/>\n 		<div style=\"display: block;max-height: 70px;max-width: 200px;\">\n				</div>\n		<h3>Detalles del pedido</h3>		\n		<table border=\"0\">\n		<tr><td>Nombre del cliente</td><td>Andrés Martín</td></tr><tr><td>Comercio</td><td>La Favorita</td></tr><tr><td>Teléfono</td><td>+50640016415</td></tr><tr><td>Dirección</td><td>San Fco. de Dos Ríos San José San Jose 10106 </td></tr><tr><td>Tipo TRN</td><td>delivery</td></tr><tr><td>Tipo de pago</td><td>PYP</td></tr><tr><td>Número de referencia #</td><td>17</td></tr><tr><td>Fecha TRN</td><td>Dic 05,2016 6:37:31</td></tr><tr><td>Fecha del envío express</td><td>2016-12-05</td></tr><tr><td>Entregar a</td><td> C113 Tirrases Provincia de San José  </td></tr><tr><td>Instrucciones para la express</td><td></td></tr><tr><td>Nombre de la Ubicación</td><td>Casa</td></tr><tr><td>Número del contacto</td><td>+50688931526</td></tr><tr><td colspan=\"2\">&nbsp;</td></tr><tr><td>1 Club sandwich<p>30 cm</p><p>Ingredientes</p><p>- Pan oregano parmesano<br/></p></td><td>4</td></tr><tr><td style=\"text-indent:10px;\">Ensalada de repollo</td><td>1</td></tr><tr><td>1 Sandwich cubano<p>15 cm</p><p>Ingredientes</p><p>- Pan Integral<br/></p></td><td>2</td></tr><tr><td style=\"text-indent:10px;\">Ensalada de repollo</td><td>1</td></tr><tr><td colspan=\"2\">&nbsp;</td></tr><tr><td>Sub Total:</td><td>8</td></tr><tr><td>Impuesto Impuesto 13%</td><td>1</td></tr><tr><td>Cargo de procesamiento tarjeta:</td><td>250</td></tr><tr><td>Total:</td><td>&#36;259</td></tr>		\n		</table>\n			\n	\n<br/><br/>\n<p>¡Buen provecho!</p>','client',0,0,'','','pending'),(4,18,'andres@buzz.cr','no-reply@www.fmarket.org','Gracias por comprar en Food Market','<p>Estimado Andrés Martín,</p>\n<br/><br/>\n<p> Gracias por comprar en Food Market y apoyar al artesano local, esperamos disfrutés al máximo tu comida! Tu número de recibo es 18. Hemos incluido tu recibo de orden y detalles del envío abajo:\n</p> <br/>\n 		<div style=\"display: block;max-height: 70px;max-width: 200px;\">\n				</div>\n		<h3>Detalles del pedido</h3>		\n		<table border=\"0\">\n		<tr><td>Nombre del cliente</td><td>Andrés Martín</td></tr><tr><td>Comercio</td><td>La Favorita</td></tr><tr><td>Teléfono</td><td>+50640016415</td></tr><tr><td>Dirección</td><td>San Fco. de Dos Ríos San José San Jose 10106 </td></tr><tr><td>Tipo TRN</td><td>delivery</td></tr><tr><td>Tipo de pago</td><td>PYP</td></tr><tr><td>Número de referencia #</td><td>18</td></tr><tr><td>Fecha TRN</td><td>Dic 05,2016 6:42:50</td></tr><tr><td>Fecha del envío express</td><td>2016-12-05</td></tr><tr><td>Entregar a</td><td>C113  Tirrases Provincia de San José 10106 </td></tr><tr><td>Instrucciones para la express</td><td></td></tr><tr><td>Nombre de la Ubicación</td><td>Casa</td></tr><tr><td>Número del contacto</td><td>+50688931526</td></tr><tr><td colspan=\"2\">&nbsp;</td></tr><tr><td>1 Sandwich cubano<p>15 cm</p></td><td>2</td></tr><tr><td style=\"text-indent:10px;\">Papas fritas</td><td>1</td></tr><tr><td>1 Sandwich cubano<p>15 cm</p><p>Ingredientes</p><p>- Pan ciabatta<br/></p></td><td>2</td></tr><tr><td style=\"text-indent:10px;\">Papas fritas</td><td>1</td></tr><tr><td colspan=\"2\">&nbsp;</td></tr><tr><td>Sub Total:</td><td>6</td></tr><tr><td>Impuesto Impuesto 13%</td><td>1</td></tr><tr><td>Total:</td><td>&#36;7</td></tr>		\n		</table>\n			\n	\n<br/><br/>\n<p>¡Buen provecho!</p>','client',0,0,'','','pending'),(5,19,'andres@buzz.cr','no-reply@www.fmarket.org','Gracias por comprar en Food Market','<p>Estimado Andrés Martín,</p>\n<br/><br/>\n<p> Gracias por comprar en Food Market y apoyar al artesano local, esperamos disfrutés al máximo tu comida! Tu número de recibo es 19. Hemos incluido tu recibo de orden y detalles del envío abajo:\n</p> <br/>\n 		<div style=\"display: block;max-height: 70px;max-width: 200px;\">\n				</div>\n		<h3>Detalles del pedido</h3>		\n		<table border=\"0\">\n		<tr><td>Nombre del cliente</td><td>Andrés Martín</td></tr><tr><td>Comercio</td><td>La Favorita</td></tr><tr><td>Teléfono</td><td>+50640016415</td></tr><tr><td>Dirección</td><td>San Fco. de Dos Ríos San José San Jose 10106 </td></tr><tr><td>Tipo TRN</td><td>delivery</td></tr><tr><td>Tipo de pago</td><td>PYP</td></tr><tr><td>Número de referencia #</td><td>19</td></tr><tr><td>Fecha TRN</td><td>Dic 05,2016 6:52:49</td></tr><tr><td>Fecha del envío express</td><td>2016-12-05</td></tr><tr><td>Entregar a</td><td>C113  Tirrases Provincia de San José 10106 </td></tr><tr><td>Instrucciones para la express</td><td></td></tr><tr><td>Nombre de la Ubicación</td><td>Casa</td></tr><tr><td>Número del contacto</td><td>+50688931526</td></tr><tr><td colspan=\"2\">&nbsp;</td></tr><tr><td>1 Sandwich cubano<p>15 cm</p></td><td>2</td></tr><tr><td style=\"text-indent:10px;\">Papas fritas</td><td>1</td></tr><tr><td>1 Sandwich cubano<p>15 cm</p><p>Ingredientes</p><p>- Pan ciabatta<br/></p></td><td>2</td></tr><tr><td style=\"text-indent:10px;\">Papas fritas</td><td>1</td></tr><tr><td colspan=\"2\">&nbsp;</td></tr><tr><td>Sub Total:</td><td>6</td></tr><tr><td>Impuesto Impuesto 13%</td><td>1</td></tr><tr><td>Total:</td><td>&#36;7</td></tr>		\n		</table>\n			\n	\n<br/><br/>\n<p>¡Buen provecho!</p>','client',0,0,'','','sent'),(6,20,'andres@buzz.cr','no-reply@www.fmarket.org','Gracias por comprar en Food Market','<p>Estimado Andrés Martín,</p>\n<br/><br/>\n<p> Gracias por comprar en Food Market y apoyar al artesano local, esperamos disfrutés al máximo tu comida! Tu número de recibo es 20. Hemos incluido tu recibo de orden y detalles del envío abajo:\n</p> <br/>\n 		<div style=\"display: block;max-height: 70px;max-width: 200px;\">\n				</div>\n		<h3>Detalles del pedido</h3>		\n		<table border=\"0\">\n		<tr><td>Nombre del cliente</td><td>Andrés Martín</td></tr><tr><td>Comercio</td><td>La Favorita</td></tr><tr><td>Teléfono</td><td>+50640016415</td></tr><tr><td>Dirección</td><td>San Fco. de Dos Ríos San José San Jose 10106 </td></tr><tr><td>Tipo TRN</td><td>delivery</td></tr><tr><td>Tipo de pago</td><td>PYP</td></tr><tr><td>Número de referencia #</td><td>20</td></tr><tr><td>Fecha TRN</td><td>Dic 05,2016 7:22:48</td></tr><tr><td>Fecha del envío express</td><td>2016-12-05</td></tr><tr><td>Entregar a</td><td>C113  Tirrases Provincia de San José 10106 </td></tr><tr><td>Instrucciones para la express</td><td></td></tr><tr><td>Nombre de la Ubicación</td><td>Casa</td></tr><tr><td>Número del contacto</td><td>+50688931526</td></tr><tr><td colspan=\"2\">&nbsp;</td></tr><tr><td>1 Sandwich cubano<p>15 cm</p></td><td>2</td></tr><tr><td style=\"text-indent:10px;\">Papas fritas</td><td>1</td></tr><tr><td>1 Sandwich cubano<p>15 cm</p><p>Ingredientes</p><p>- Pan ciabatta<br/></p></td><td>2</td></tr><tr><td style=\"text-indent:10px;\">Papas fritas</td><td>1</td></tr><tr><td colspan=\"2\">&nbsp;</td></tr><tr><td>Sub Total:</td><td>6</td></tr><tr><td>Impuesto Impuesto 13%</td><td>1</td></tr><tr><td>Total:</td><td>&#36;7</td></tr>		\n		</table>\n			\n	\n<br/><br/>\n<p>¡Buen provecho!</p>','client',0,0,'','','pending'),(7,21,'andres@buzz.cr','no-reply@www.fmarket.org','Gracias por comprar en Food Market','<p>Estimado Andrés Martín,</p>\n<br/><br/>\n<p> Gracias por comprar en Food Market y apoyar al artesano local, esperamos disfrutés al máximo tu comida! Tu número de recibo es 21. Hemos incluido tu recibo de orden y detalles del envío abajo:\n</p> <br/>\n 		<div style=\"display: block;max-height: 70px;max-width: 200px;\">\n				</div>\n		<h3>Detalles del pedido</h3>		\n		<table border=\"0\">\n		<tr><td>Nombre del cliente</td><td>Andrés Martín</td></tr><tr><td>Comercio</td><td>La Favorita</td></tr><tr><td>Teléfono</td><td>+50640016415</td></tr><tr><td>Dirección</td><td>San Fco. de Dos Ríos San José San Jose 10106 </td></tr><tr><td>Tipo TRN</td><td>delivery</td></tr><tr><td>Tipo de pago</td><td>PYP</td></tr><tr><td>Número de referencia #</td><td>21</td></tr><tr><td>Fecha TRN</td><td>Dic 05,2016 7:24:32</td></tr><tr><td>Fecha del envío express</td><td>2016-12-05</td></tr><tr><td>Entregar a</td><td>C113  Tirrases Provincia de San José 10106 </td></tr><tr><td>Instrucciones para la express</td><td></td></tr><tr><td>Nombre de la Ubicación</td><td>Casa</td></tr><tr><td>Número del contacto</td><td>+50688931526</td></tr><tr><td colspan=\"2\">&nbsp;</td></tr><tr><td>1 Sandwich cubano<p>15 cm</p></td><td>2</td></tr><tr><td style=\"text-indent:10px;\">Papas fritas</td><td>1</td></tr><tr><td>1 Sandwich cubano<p>15 cm</p><p>Ingredientes</p><p>- Pan ciabatta<br/></p></td><td>2</td></tr><tr><td style=\"text-indent:10px;\">Papas fritas</td><td>1</td></tr><tr><td colspan=\"2\">&nbsp;</td></tr><tr><td>Sub Total:</td><td>6</td></tr><tr><td>Impuesto Impuesto 13%</td><td>1</td></tr><tr><td>Total:</td><td>&#36;7</td></tr>		\n		</table>\n			\n	\n<br/><br/>\n<p>¡Buen provecho!</p>','client',0,0,'','','sent'),(8,22,'andres@buzz.cr','no-reply@www.fmarket.org','Gracias por comprar en Food Market','<p>Estimado Andrés Martín,</p>\n<br/><br/>\n<p> Gracias por comprar en Food Market y apoyar al artesano local, esperamos disfrutés al máximo tu comida! Tu número de recibo es 22. Hemos incluido tu recibo de orden y detalles del envío abajo:\n</p> <br/>\n 		<div style=\"display: block;max-height: 70px;max-width: 200px;\">\n				</div>\n		<h3>Detalles del pedido</h3>		\n		<table border=\"0\">\n		<tr><td>Nombre del cliente</td><td>Andrés Martín</td></tr><tr><td>Comercio</td><td>La Favorita</td></tr><tr><td>Teléfono</td><td>+50640016415</td></tr><tr><td>Dirección</td><td>San Fco. de Dos Ríos San José San Jose 10106 </td></tr><tr><td>Tipo TRN</td><td>delivery</td></tr><tr><td>Tipo de pago</td><td>PYP</td></tr><tr><td>Número de referencia #</td><td>22</td></tr><tr><td>Fecha TRN</td><td>Dic 05,2016 7:33:30</td></tr><tr><td>Fecha del envío express</td><td>2016-12-05</td></tr><tr><td>Entregar a</td><td>C113  Tirrases Provincia de San José 10106 </td></tr><tr><td>Instrucciones para la express</td><td></td></tr><tr><td>Nombre de la Ubicación</td><td>Casa</td></tr><tr><td>Número del contacto</td><td>+50688931526</td></tr><tr><td colspan=\"2\">&nbsp;</td></tr><tr><td>1 Sandwich cubano<p>15 cm</p></td><td>2</td></tr><tr><td style=\"text-indent:10px;\">Papas fritas</td><td>1</td></tr><tr><td>1 Sandwich cubano<p>15 cm</p><p>Ingredientes</p><p>- Pan ciabatta<br/></p></td><td>2</td></tr><tr><td style=\"text-indent:10px;\">Papas fritas</td><td>1</td></tr><tr><td colspan=\"2\">&nbsp;</td></tr><tr><td>Sub Total:</td><td>6</td></tr><tr><td>Impuesto Impuesto 13%</td><td>1</td></tr><tr><td>Total:</td><td>&#36;7</td></tr>		\n		</table>\n			\n	\n<br/><br/>\n<p>¡Buen provecho!</p>','client',0,0,'','','pending'),(9,23,'andres@buzz.cr','no-reply@www.fmarket.org','Gracias por comprar en Food Market','<p>Estimado Andrés Martín,</p>\n<br/><br/>\n<p> Gracias por comprar en Food Market y apoyar al artesano local, esperamos disfrutés al máximo tu comida! Tu número de recibo es 23. Hemos incluido tu recibo de orden y detalles del envío abajo:\n</p> <br/>\n 		<div style=\"display: block;max-height: 70px;max-width: 200px;\">\n				</div>\n		<h3>Detalles del pedido</h3>		\n		<table border=\"0\">\n		<tr><td>Nombre del cliente</td><td>Andrés Martín</td></tr><tr><td>Comercio</td><td>La Favorita</td></tr><tr><td>Teléfono</td><td>+50640016415</td></tr><tr><td>Dirección</td><td>San Fco. de Dos Ríos San José San Jose 10106 </td></tr><tr><td>Tipo TRN</td><td>delivery</td></tr><tr><td>Tipo de pago</td><td>PYP</td></tr><tr><td>Número de referencia #</td><td>23</td></tr><tr><td>Fecha TRN</td><td>Dic 05,2016 8:49:41</td></tr><tr><td>Fecha del envío express</td><td>2016-12-05</td></tr><tr><td>Entregar a</td><td>C113  Tirrases Provincia de San José 10106 </td></tr><tr><td>Instrucciones para la express</td><td></td></tr><tr><td>Nombre de la Ubicación</td><td>Casa</td></tr><tr><td>Número del contacto</td><td>+50688931526</td></tr><tr><td colspan=\"2\">&nbsp;</td></tr><tr><td>1 Sandwich cubano<p>15 cm</p></td><td>2</td></tr><tr><td style=\"text-indent:10px;\">Papas fritas</td><td>1</td></tr><tr><td>1 Sandwich cubano<p>15 cm</p><p>Ingredientes</p><p>- Pan ciabatta<br/></p></td><td>2</td></tr><tr><td style=\"text-indent:10px;\">Papas fritas</td><td>1</td></tr><tr><td colspan=\"2\">&nbsp;</td></tr><tr><td>Sub Total:</td><td>6</td></tr><tr><td>Impuesto Impuesto 13%</td><td>1</td></tr><tr><td>Total:</td><td>&#36;7</td></tr>		\n		</table>\n			\n	\n<br/><br/>\n<p>¡Buen provecho!</p>','client',0,0,'','','sent'),(10,23,'andres@buzz.cr','support@fmarket.org','Nueva orden de  Andrés Martín','<p>Saludos querido Artesano de la comida, </p>\n<br/>\n<p>¡Has vendido! Hay una nueva orden de pedido con el número de referencia 23 del cliente Andrés Martín</p>\n<br/>\n 		<div style=\"display: block;max-height: 70px;max-width: 200px;\">\n				</div>\n		<h3>Detalles del pedido</h3>		\n		<table border=\"0\">\n		<tr><td>Nombre del cliente</td><td>Andrés Martín</td></tr><tr><td>Comercio</td><td>La Favorita</td></tr><tr><td>Teléfono</td><td>+50640016415</td></tr><tr><td>Dirección</td><td>San Fco. de Dos Ríos San José San Jose 10106 </td></tr><tr><td>Tipo TRN</td><td>delivery</td></tr><tr><td>Tipo de pago</td><td>PYP</td></tr><tr><td>Número de referencia #</td><td>23</td></tr><tr><td>Fecha TRN</td><td>Dic 05,2016 8:49:41</td></tr><tr><td>Fecha del envío express</td><td>2016-12-05</td></tr><tr><td>Entregar a</td><td>C113  Tirrases Provincia de San José 10106 </td></tr><tr><td>Instrucciones para la express</td><td></td></tr><tr><td>Nombre de la Ubicación</td><td>Casa</td></tr><tr><td>Número del contacto</td><td>+50688931526</td></tr><tr><td colspan=\"2\">&nbsp;</td></tr><tr><td>1 Sandwich cubano<p>15 cm</p></td><td>2</td></tr><tr><td style=\"text-indent:10px;\">Papas fritas</td><td>1</td></tr><tr><td>1 Sandwich cubano<p>15 cm</p><p>Ingredientes</p><p>- Pan ciabatta<br/></p></td><td>2</td></tr><tr><td style=\"text-indent:10px;\">Papas fritas</td><td>1</td></tr><tr><td colspan=\"2\">&nbsp;</td></tr><tr><td>Sub Total:</td><td>6</td></tr><tr><td>Impuesto Impuesto 13%</td><td>1</td></tr><tr><td>Total:</td><td>&#36;7</td></tr>		\n		</table>\n			\n	\n<br/><br/>\n<p><a href=\"http://www.fmarket.org/store/confirmorder/?id=23&token=eecaeaa4a133a406ce74c0c92ff4f7a0\">Clic aquí</a> para aceptar la orden<br/>\no simplemente visitá este link http://www.fmarket.org/store/confirmorder/?id=23&token=eecaeaa4a133a406ce74c0c92ff4f7a0\n</p>\n<br/>\n<p>¡Saludos!</p>','merchant',0,0,'','','sent'),(11,24,'andres@buzz.cr','no-reply@www.fmarket.org','Gracias por comprar en Food Market','<p>Estimado Andrés Martín,</p>\n<br/><br/>\n<p> Gracias por comprar en Food Market y apoyar al artesano local, esperamos disfrutés al máximo tu comida! Tu número de recibo es 24. Hemos incluido tu recibo de orden y detalles del envío abajo:\n</p> <br/>\n 		<div style=\"display: block;max-height: 70px;max-width: 200px;\">\n				</div>\n		<h3>Detalles del pedido</h3>		\n		<table border=\"0\">\n		<tr><td>Nombre del cliente</td><td>Andrés Martín</td></tr><tr><td>Comercio</td><td>La Favorita</td></tr><tr><td>Teléfono</td><td>+50640016415</td></tr><tr><td>Dirección</td><td>San Fco. de Dos Ríos San José San Jose 10106 </td></tr><tr><td>Tipo TRN</td><td>delivery</td></tr><tr><td>Tipo de pago</td><td>PYP</td></tr><tr><td>Número de referencia #</td><td>24</td></tr><tr><td>Fecha TRN</td><td>Dic 05,2016 8:57:56</td></tr><tr><td>Fecha del envío express</td><td>2016-12-05</td></tr><tr><td>Entregar a</td><td>C113  Tirrases Provincia de San José 10106 </td></tr><tr><td>Instrucciones para la express</td><td></td></tr><tr><td>Nombre de la Ubicación</td><td>Casa</td></tr><tr><td>Número del contacto</td><td>+50688931526</td></tr><tr><td colspan=\"2\">&nbsp;</td></tr><tr><td>1 Club sandwich<p>15 cm</p><p>Ingredientes</p><p>- Pan oregano parmesano<br/></p></td><td>3</td></tr><tr><td style=\"text-indent:10px;\">Ensalada de repollo</td><td>1</td></tr><tr><td colspan=\"2\">&nbsp;</td></tr><tr><td>Sub Total:</td><td>4</td></tr><tr><td>Impuesto Impuesto 13%</td><td>1</td></tr><tr><td>Total:</td><td>&#36;5</td></tr>		\n		</table>\n			\n	\n<br/><br/>\n<p>¡Buen provecho!</p>','client',0,0,'','','sent'),(12,24,'andres@buzz.cr','support@fmarket.org','Nueva orden de  Andrés Martín','<p>Saludos querido Artesano de la comida, </p>\n<br/>\n<p>¡Has vendido! Hay una nueva orden de pedido con el número de referencia 24 del cliente Andrés Martín</p>\n<br/>\n 		<div style=\"display: block;max-height: 70px;max-width: 200px;\">\n				</div>\n		<h3>Detalles del pedido</h3>		\n		<table border=\"0\">\n		<tr><td>Nombre del cliente</td><td>Andrés Martín</td></tr><tr><td>Comercio</td><td>La Favorita</td></tr><tr><td>Teléfono</td><td>+50640016415</td></tr><tr><td>Dirección</td><td>San Fco. de Dos Ríos San José San Jose 10106 </td></tr><tr><td>Tipo TRN</td><td>delivery</td></tr><tr><td>Tipo de pago</td><td>PYP</td></tr><tr><td>Número de referencia #</td><td>24</td></tr><tr><td>Fecha TRN</td><td>Dic 05,2016 8:57:56</td></tr><tr><td>Fecha del envío express</td><td>2016-12-05</td></tr><tr><td>Entregar a</td><td>C113  Tirrases Provincia de San José 10106 </td></tr><tr><td>Instrucciones para la express</td><td></td></tr><tr><td>Nombre de la Ubicación</td><td>Casa</td></tr><tr><td>Número del contacto</td><td>+50688931526</td></tr><tr><td colspan=\"2\">&nbsp;</td></tr><tr><td>1 Club sandwich<p>15 cm</p><p>Ingredientes</p><p>- Pan oregano parmesano<br/></p></td><td>3</td></tr><tr><td style=\"text-indent:10px;\">Ensalada de repollo</td><td>1</td></tr><tr><td colspan=\"2\">&nbsp;</td></tr><tr><td>Sub Total:</td><td>4</td></tr><tr><td>Impuesto Impuesto 13%</td><td>1</td></tr><tr><td>Total:</td><td>&#36;5</td></tr>		\n		</table>\n			\n	\n<br/><br/>\n<p><a href=\"http://www.fmarket.org/store/confirmorder/?id=24&token=eecaeaa4a133a406ce74c0c92ff4f7a0\">Clic aquí</a> para aceptar la orden<br/>\no simplemente visitá este link http://www.fmarket.org/store/confirmorder/?id=24&token=eecaeaa4a133a406ce74c0c92ff4f7a0\n</p>\n<br/>\n<p>¡Saludos!</p>','merchant',0,0,'','','sent'),(13,25,'andres@buzz.cr','no-reply@www.fmarket.org','Gracias por comprar en Food Market','<p>Estimado Andrés Martín,</p>\n<br/><br/>\n<p> Gracias por comprar en Food Market y apoyar al artesano local, esperamos disfrutés al máximo tu comida! Tu número de recibo es 25. Hemos incluido tu recibo de orden y detalles del envío abajo:\n</p> <br/>\n 		<div style=\"display: block;max-height: 70px;max-width: 200px;\">\n				</div>\n		<h3>Detalles del pedido</h3>		\n		<table border=\"0\">\n		<tr><td>Nombre del cliente</td><td>Andrés Martín</td></tr><tr><td>Comercio</td><td>La Favorita</td></tr><tr><td>Teléfono</td><td>+50640016415</td></tr><tr><td>Dirección</td><td>San Fco. de Dos Ríos San José San Jose 10106 </td></tr><tr><td>Tipo TRN</td><td>delivery</td></tr><tr><td>Tipo de pago</td><td>PYP</td></tr><tr><td>Número de referencia #</td><td>25</td></tr><tr><td>Fecha TRN</td><td>Dic 05,2016 9:05:08</td></tr><tr><td>Fecha del envío express</td><td>2016-12-05</td></tr><tr><td>Entregar a</td><td>C113  Tirrases Provincia de San José 10106 </td></tr><tr><td>Instrucciones para la express</td><td></td></tr><tr><td>Nombre de la Ubicación</td><td>Casa</td></tr><tr><td>Número del contacto</td><td>+50688931526</td></tr><tr><td colspan=\"2\">&nbsp;</td></tr><tr><td>1 Club sandwich<p>15 cm</p><p>Ingredientes</p><p>- Pan oregano parmesano<br/></p></td><td>3</td></tr><tr><td style=\"text-indent:10px;\">Ensalada de repollo</td><td>1</td></tr><tr><td colspan=\"2\">&nbsp;</td></tr><tr><td>Sub Total:</td><td>4</td></tr><tr><td>Impuesto Impuesto 13%</td><td>1</td></tr><tr><td>Total:</td><td>&#36;5</td></tr>		\n		</table>\n			\n	\n<br/><br/>\n<p>¡Buen provecho!</p>','client',0,0,'','','sent'),(14,25,'andres@buzz.cr','support@fmarket.org','Nueva orden de  Andrés Martín','<p>Saludos querido Artesano de la comida, </p>\n<br/>\n<p>¡Has vendido! Hay una nueva orden de pedido con el número de referencia 25 del cliente Andrés Martín</p>\n<br/>\n 		<div style=\"display: block;max-height: 70px;max-width: 200px;\">\n				</div>\n		<h3>Detalles del pedido</h3>		\n		<table border=\"0\">\n		<tr><td>Nombre del cliente</td><td>Andrés Martín</td></tr><tr><td>Comercio</td><td>La Favorita</td></tr><tr><td>Teléfono</td><td>+50640016415</td></tr><tr><td>Dirección</td><td>San Fco. de Dos Ríos San José San Jose 10106 </td></tr><tr><td>Tipo TRN</td><td>delivery</td></tr><tr><td>Tipo de pago</td><td>PYP</td></tr><tr><td>Número de referencia #</td><td>25</td></tr><tr><td>Fecha TRN</td><td>Dic 05,2016 9:05:08</td></tr><tr><td>Fecha del envío express</td><td>2016-12-05</td></tr><tr><td>Entregar a</td><td>C113  Tirrases Provincia de San José 10106 </td></tr><tr><td>Instrucciones para la express</td><td></td></tr><tr><td>Nombre de la Ubicación</td><td>Casa</td></tr><tr><td>Número del contacto</td><td>+50688931526</td></tr><tr><td colspan=\"2\">&nbsp;</td></tr><tr><td>1 Club sandwich<p>15 cm</p><p>Ingredientes</p><p>- Pan oregano parmesano<br/></p></td><td>3</td></tr><tr><td style=\"text-indent:10px;\">Ensalada de repollo</td><td>1</td></tr><tr><td colspan=\"2\">&nbsp;</td></tr><tr><td>Sub Total:</td><td>4</td></tr><tr><td>Impuesto Impuesto 13%</td><td>1</td></tr><tr><td>Total:</td><td>&#36;5</td></tr>		\n		</table>\n			\n	\n<br/><br/>\n<p><a href=\"http://www.fmarket.org/store/confirmorder/?id=25&token=eecaeaa4a133a406ce74c0c92ff4f7a0\">Clic aquí</a> para aceptar la orden<br/>\no simplemente visitá este link http://www.fmarket.org/store/confirmorder/?id=25&token=eecaeaa4a133a406ce74c0c92ff4f7a0\n</p>\n<br/>\n<p>¡Saludos!</p>','merchant',0,0,'','','sent'),(15,29,'andres@buzz.cr','no-reply@www.fmarket.org','Gracias por comprar en Food Market','<p>Estimado Andrés Martín,</p>\n<br/><br/>\n<p> Gracias por comprar en Food Market y apoyar al artesano local, esperamos disfrutés al máximo tu comida! Tu número de recibo es 29. Hemos incluido tu recibo de orden y detalles del envío abajo:\n</p> <br/>\n 		<div style=\"display: block;max-height: 70px;max-width: 200px;\">\n				</div>\n		<h3>Detalles del pedido</h3>		\n		<table border=\"0\">\n		<tr><td>Nombre del cliente</td><td>Andrés Martín</td></tr><tr><td>Comercio</td><td>La Favorita</td></tr><tr><td>Teléfono</td><td>+50640016415</td></tr><tr><td>Dirección</td><td>San Fco. de Dos Ríos San José San Jose 10106 </td></tr><tr><td>Tipo TRN</td><td>delivery</td></tr><tr><td>Tipo de pago</td><td>PYP</td></tr><tr><td>Número de referencia #</td><td>29</td></tr><tr><td>Fecha TRN</td><td>Dic 05,2016 14:38:24</td></tr><tr><td>Fecha del envío express</td><td>2016-12-05</td></tr><tr><td>Entregar a</td><td> San José Provincia de San José  </td></tr><tr><td>Instrucciones para la express</td><td></td></tr><tr><td>Nombre de la Ubicación</td><td>Casa</td></tr><tr><td>Número del contacto</td><td>+50688931526</td></tr><tr><td colspan=\"2\">&nbsp;</td></tr><tr><td>1 Sandwich cubano<p>30 cm</p><p>Ingredientes</p><p>- Pan oregano parmesano<br/></p></td><td>4</td></tr><tr><td style=\"text-indent:10px;\">Papas fritas</td><td>1</td></tr><tr><td colspan=\"2\">&nbsp;</td></tr><tr><td>Sub Total:</td><td>5</td></tr><tr><td>Impuesto Impuesto 13%</td><td>1</td></tr><tr><td>Total:</td><td>&#36;5</td></tr>		\n		</table>\n			\n	\n<br/><br/>\n<p>¡Buen provecho!</p>','client',0,0,'','','sent'),(16,29,'andres@buzz.cr','support@fmarket.org','Nueva orden de  Andrés Martín','<p>Saludos querido Artesano de la comida, </p>\n<br/>\n<p>¡Has vendido! Hay una nueva orden de pedido con el número de referencia 29 del cliente Andrés Martín</p>\n<br/>\n 		<div style=\"display: block;max-height: 70px;max-width: 200px;\">\n				</div>\n		<h3>Detalles del pedido</h3>		\n		<table border=\"0\">\n		<tr><td>Nombre del cliente</td><td>Andrés Martín</td></tr><tr><td>Comercio</td><td>La Favorita</td></tr><tr><td>Teléfono</td><td>+50640016415</td></tr><tr><td>Dirección</td><td>San Fco. de Dos Ríos San José San Jose 10106 </td></tr><tr><td>Tipo TRN</td><td>delivery</td></tr><tr><td>Tipo de pago</td><td>PYP</td></tr><tr><td>Número de referencia #</td><td>29</td></tr><tr><td>Fecha TRN</td><td>Dic 05,2016 14:38:24</td></tr><tr><td>Fecha del envío express</td><td>2016-12-05</td></tr><tr><td>Entregar a</td><td> San José Provincia de San José  </td></tr><tr><td>Instrucciones para la express</td><td></td></tr><tr><td>Nombre de la Ubicación</td><td>Casa</td></tr><tr><td>Número del contacto</td><td>+50688931526</td></tr><tr><td colspan=\"2\">&nbsp;</td></tr><tr><td>1 Sandwich cubano<p>30 cm</p><p>Ingredientes</p><p>- Pan oregano parmesano<br/></p></td><td>4</td></tr><tr><td style=\"text-indent:10px;\">Papas fritas</td><td>1</td></tr><tr><td colspan=\"2\">&nbsp;</td></tr><tr><td>Sub Total:</td><td>5</td></tr><tr><td>Impuesto Impuesto 13%</td><td>1</td></tr><tr><td>Total:</td><td>&#36;5</td></tr>		\n		</table>\n			\n	\n<br/><br/>\n<p><a href=\"http://www.fmarket.org/store/confirmorder/?id=29&token=eecaeaa4a133a406ce74c0c92ff4f7a0\">Clic aquí</a> para aceptar la orden<br/>\no simplemente visitá este link http://www.fmarket.org/store/confirmorder/?id=29&token=eecaeaa4a133a406ce74c0c92ff4f7a0\n</p>\n<br/>\n<p>¡Saludos!</p>','merchant',0,0,'','','sent'),(17,30,'andres@buzz.cr','no-reply@www.fmarket.org','Gracias por comprar en Food Market','<p>Estimado Andrés Martín,</p>\n<br/><br/>\n<p> Gracias por comprar en Food Market y apoyar al artesano local, esperamos disfrutés al máximo tu comida! Tu número de recibo es 30. Hemos incluido tu recibo de orden y detalles del envío abajo:\n</p> <br/>\n 		<div style=\"display: block;max-height: 70px;max-width: 200px;\">\n				</div>\n		<h3>Detalles del pedido</h3>		\n		<table border=\"0\">\n		<tr><td>Nombre del cliente</td><td>Andrés Martín</td></tr><tr><td>Comercio</td><td>La Favorita</td></tr><tr><td>Teléfono</td><td>+50640016415</td></tr><tr><td>Dirección</td><td>San Fco. de Dos Ríos San José San Jose 10106 </td></tr><tr><td>Tipo TRN</td><td>delivery</td></tr><tr><td>Tipo de pago</td><td>PYP</td></tr><tr><td>Número de referencia #</td><td>30</td></tr><tr><td>Fecha TRN</td><td>Dic 05,2016 15:00:34</td></tr><tr><td>Fecha del envío express</td><td>2016-12-05</td></tr><tr><td>Entregar a</td><td>Avenida 46A San José Provincia de San José  </td></tr><tr><td>Instrucciones para la express</td><td></td></tr><tr><td>Nombre de la Ubicación</td><td>Casa</td></tr><tr><td>Número del contacto</td><td>+50688931526</td></tr><tr><td colspan=\"2\">&nbsp;</td></tr><tr><td>1 Sandwich cubano<p>15 cm</p><p>Ingredientes</p><p>- Pan ciabatta<br/></p></td><td>2</td></tr><tr><td style=\"text-indent:10px;\">Ensalada de repollo</td><td>1</td></tr><tr><td colspan=\"2\">&nbsp;</td></tr><tr><td>Sub Total:</td><td>3</td></tr><tr><td>Impuesto Impuesto 13%</td><td>0</td></tr><tr><td>Total:</td><td>&#36;3</td></tr>		\n		</table>\n			\n	\n<br/><br/>\n<p>¡Buen provecho!</p>','client',0,0,'','','sent'),(18,30,'andres@buzz.cr','support@fmarket.org','Nueva orden de  Andrés Martín','<p>Saludos querido Artesano de la comida, </p>\n<br/>\n<p>¡Has vendido! Hay una nueva orden de pedido con el número de referencia 30 del cliente Andrés Martín</p>\n<br/>\n 		<div style=\"display: block;max-height: 70px;max-width: 200px;\">\n				</div>\n		<h3>Detalles del pedido</h3>		\n		<table border=\"0\">\n		<tr><td>Nombre del cliente</td><td>Andrés Martín</td></tr><tr><td>Comercio</td><td>La Favorita</td></tr><tr><td>Teléfono</td><td>+50640016415</td></tr><tr><td>Dirección</td><td>San Fco. de Dos Ríos San José San Jose 10106 </td></tr><tr><td>Tipo TRN</td><td>delivery</td></tr><tr><td>Tipo de pago</td><td>PYP</td></tr><tr><td>Número de referencia #</td><td>30</td></tr><tr><td>Fecha TRN</td><td>Dic 05,2016 15:00:34</td></tr><tr><td>Fecha del envío express</td><td>2016-12-05</td></tr><tr><td>Entregar a</td><td>Avenida 46A San José Provincia de San José  </td></tr><tr><td>Instrucciones para la express</td><td></td></tr><tr><td>Nombre de la Ubicación</td><td>Casa</td></tr><tr><td>Número del contacto</td><td>+50688931526</td></tr><tr><td colspan=\"2\">&nbsp;</td></tr><tr><td>1 Sandwich cubano<p>15 cm</p><p>Ingredientes</p><p>- Pan ciabatta<br/></p></td><td>2</td></tr><tr><td style=\"text-indent:10px;\">Ensalada de repollo</td><td>1</td></tr><tr><td colspan=\"2\">&nbsp;</td></tr><tr><td>Sub Total:</td><td>3</td></tr><tr><td>Impuesto Impuesto 13%</td><td>0</td></tr><tr><td>Total:</td><td>&#36;3</td></tr>		\n		</table>\n			\n	\n<br/><br/>\n<p><a href=\"http://www.fmarket.org/store/confirmorder/?id=30&token=eecaeaa4a133a406ce74c0c92ff4f7a0\">Clic aquí</a> para aceptar la orden<br/>\no simplemente visitá este link http://www.fmarket.org/store/confirmorder/?id=30&token=eecaeaa4a133a406ce74c0c92ff4f7a0\n</p>\n<br/>\n<p>¡Saludos!</p>','merchant',0,0,'','','sent'),(19,31,'andres@buzz.cr','no-reply@www.fmarket.org','Gracias por comprar en Food Market','<p>Estimado Andrés Martén Guevara,</p>\n<br/><br/>\n<p> Gracias por comprar en Food Market y apoyar al artesano local, esperamos disfrutés al máximo tu comida! Tu número de recibo es 31. Hemos incluido tu recibo de orden y detalles del envío abajo:\n</p> <br/>\n 		<div style=\"display: block;max-height: 70px;max-width: 200px;\">\n				</div>\n		<h3>Detalles del pedido</h3>		\n		<table border=\"0\">\n		<tr><td>Nombre del cliente</td><td>Andrés Martén Guevara</td></tr><tr><td>Comercio</td><td>La Favorita</td></tr><tr><td>Teléfono</td><td>+50640016415</td></tr><tr><td>Dirección</td><td>San Fco. de Dos Ríos San José San Jose 10106 </td></tr><tr><td>Tipo TRN</td><td>delivery</td></tr><tr><td>Tipo de pago</td><td>PYP</td></tr><tr><td>Número de referencia #</td><td>31</td></tr><tr><td>Fecha TRN</td><td>Dic 06,2016 11:26:13</td></tr><tr><td>Fecha del envío express</td><td>2016-12-06</td></tr><tr><td>Entregar a</td><td>Avenida 46A San José Provincia de San José  </td></tr><tr><td>Instrucciones para la express</td><td>Pregubtar ñor anadre</td></tr><tr><td>Nombre de la Ubicación</td><td>Oficina portines grises</td></tr><tr><td>Número del contacto</td><td>+50688931526</td></tr><tr><td colspan=\"2\">&nbsp;</td></tr><tr><td>1 Club sandwich<p>15 cm</p><p>Ingredientes</p><p>- Pan Blanco<br/></p></td><td>3</td></tr><tr><td style=\"text-indent:10px;\">Papas fritas</td><td>1</td></tr><tr><td colspan=\"2\">&nbsp;</td></tr><tr><td>Sub Total:</td><td>4</td></tr><tr><td>Impuesto Impuesto 13%</td><td>1</td></tr><tr><td>Total:</td><td>&#36;5</td></tr>		\n		</table>\n			\n	\n<br/><br/>\n<p>¡Buen provecho!</p>','client',0,0,'','','pending'),(20,31,'andres@buzz.cr','support@fmarket.org','Nueva orden de  Andrés Martén Guevara','<p>Saludos querido Artesano de la comida, </p>\n<br/>\n<p>¡Has vendido! Hay una nueva orden de pedido con el número de referencia 31 del cliente Andrés Martén Guevara</p>\n<br/>\n 		<div style=\"display: block;max-height: 70px;max-width: 200px;\">\n				</div>\n		<h3>Detalles del pedido</h3>		\n		<table border=\"0\">\n		<tr><td>Nombre del cliente</td><td>Andrés Martén Guevara</td></tr><tr><td>Comercio</td><td>La Favorita</td></tr><tr><td>Teléfono</td><td>+50640016415</td></tr><tr><td>Dirección</td><td>San Fco. de Dos Ríos San José San Jose 10106 </td></tr><tr><td>Tipo TRN</td><td>delivery</td></tr><tr><td>Tipo de pago</td><td>PYP</td></tr><tr><td>Número de referencia #</td><td>31</td></tr><tr><td>Fecha TRN</td><td>Dic 06,2016 11:26:13</td></tr><tr><td>Fecha del envío express</td><td>2016-12-06</td></tr><tr><td>Entregar a</td><td>Avenida 46A San José Provincia de San José  </td></tr><tr><td>Instrucciones para la express</td><td>Pregubtar ñor anadre</td></tr><tr><td>Nombre de la Ubicación</td><td>Oficina portines grises</td></tr><tr><td>Número del contacto</td><td>+50688931526</td></tr><tr><td colspan=\"2\">&nbsp;</td></tr><tr><td>1 Club sandwich<p>15 cm</p><p>Ingredientes</p><p>- Pan Blanco<br/></p></td><td>3</td></tr><tr><td style=\"text-indent:10px;\">Papas fritas</td><td>1</td></tr><tr><td colspan=\"2\">&nbsp;</td></tr><tr><td>Sub Total:</td><td>4</td></tr><tr><td>Impuesto Impuesto 13%</td><td>1</td></tr><tr><td>Total:</td><td>&#36;5</td></tr>		\n		</table>\n			\n	\n<br/><br/>\n<p><a href=\"http://www.fmarket.org/store/confirmorder/?id=31&token=eecaeaa4a133a406ce74c0c92ff4f7a0\">Clic aquí</a> para aceptar la orden<br/>\no simplemente visitá este link http://www.fmarket.org/store/confirmorder/?id=31&token=eecaeaa4a133a406ce74c0c92ff4f7a0\n</p>\n<br/>\n<p>¡Saludos!</p>','merchant',0,0,'','','pending'),(21,38,'test@gmail.com','no-reply@www.fmarket.org','Gracias por comprar en Food Market','<p>Estimado test ttt,</p>\r\n<br/><br/>\r\n<p> Gracias por comprar en Food Market y apoyar al artesano local, esperamos disfrutés al máximo tu comida! Tu número de recibo es 38. Hemos incluido tu recibo de orden y detalles del envío abajo:\r\n</p> <br/>\r\n 		<div style=\"display: block;max-height: 70px;max-width: 200px;\">\r\n				</div>\r\n		<h3>Detalles del pedido</h3>		\r\n		<table border=\"0\">\r\n		<tr><td>Nombre del cliente</td><td>test ttt</td></tr><tr><td>Comercio</td><td>Donkey\\\'s Food</td></tr><tr><td>Teléfono</td><td>+50688285454</td></tr><tr><td>Dirección</td><td>San Fco. de Dos Ríos San José San Jose 10106 </td></tr><tr><td>Tipo TRN</td><td>delivery</td></tr><tr><td>Tipo de pago</td><td>PYP</td></tr><tr><td>Número de referencia #</td><td>38</td></tr><tr><td>Fecha TRN</td><td>Dic 10,2016 13:38:30</td></tr><tr><td>Fecha del envío express</td><td>2016-12-11</td></tr><tr><td>Tiempo de entrega / Express</td><td>03:38 AM</td></tr><tr><td>Entregar a</td><td>San José  Provincia de San José  Costa Rica San jose </td></tr><tr><td>Instrucciones para la express</td><td></td></tr><tr><td>Nombre de la Ubicación</td><td>adasd</td></tr><tr><td>Número del contacto</td><td>+50612345666</td></tr><tr><td colspan=\"2\">&nbsp;</td></tr><tr><td>1 Tacos<p>Mediano</p></td><td>1500</td></tr><tr><td>2 Tacos<p>Mediano</p></td><td>3000</td></tr><tr><td>3 Pollo frito<p>Grande</p></td><td>10500</td></tr><tr><td style=\"text-indent:10px;\">Papas fritas</td><td>1500</td></tr><tr><td colspan=\"2\">&nbsp;</td></tr><tr><td>Sub Total:</td><td>16500</td></tr><tr><td>Impuesto Impuesto 13%</td><td>2145</td></tr><tr><td>Total:</td><td>&#162; 18645</td></tr>		\r\n		</table>\r\n			\r\n	\r\n<br/><br/>\r\n<p>¡Buen provecho!</p>','client',0,0,'','','pending'),(22,39,'test@gmail.com','no-reply@www.fmarket.org','Gracias por comprar en Food Market','<p>Estimado test ttt,</p>\r\n<br/><br/>\r\n<p> Gracias por comprar en Food Market y apoyar al artesano local, esperamos disfrutés al máximo tu comida! Tu número de recibo es 39. Hemos incluido tu recibo de orden y detalles del envío abajo:\r\n</p> <br/>\r\n 		<div style=\"display: block;max-height: 70px;max-width: 200px;\">\r\n				</div>\r\n		<h3>Detalles del pedido</h3>		\r\n		<table border=\"0\">\r\n		<tr><td>Nombre del cliente</td><td>test ttt</td></tr><tr><td>Comercio</td><td>Donkey\\\'s Food</td></tr><tr><td>Teléfono</td><td>+50688285454</td></tr><tr><td>Dirección</td><td>San Fco. de Dos Ríos San José San Jose 10106 </td></tr><tr><td>Tipo TRN</td><td>delivery</td></tr><tr><td>Tipo de pago</td><td>PYP</td></tr><tr><td>Número de referencia #</td><td>39</td></tr><tr><td>Fecha TRN</td><td>Dic 10,2016 13:43:43</td></tr><tr><td>Fecha del envío express</td><td>2016-12-11</td></tr><tr><td>Tiempo de entrega / Express</td><td>03:38 AM</td></tr><tr><td>Entregar a</td><td>San José  Provincia de San José  Costa Rica San jose </td></tr><tr><td>Instrucciones para la express</td><td></td></tr><tr><td>Nombre de la Ubicación</td><td>adasd</td></tr><tr><td>Número del contacto</td><td>+50612345666</td></tr><tr><td colspan=\"2\">&nbsp;</td></tr><tr><td>1 Tacos<p>Mediano</p></td><td>1500</td></tr><tr><td>2 Tacos<p>Mediano</p></td><td>3000</td></tr><tr><td>3 Pollo frito<p>Grande</p></td><td>10500</td></tr><tr><td style=\"text-indent:10px;\">Papas fritas</td><td>1500</td></tr><tr><td colspan=\"2\">&nbsp;</td></tr><tr><td>Sub Total:</td><td>16500</td></tr><tr><td>Impuesto Impuesto 13%</td><td>2145</td></tr><tr><td>Total:</td><td>&#162; 18645</td></tr>		\r\n		</table>\r\n			\r\n	\r\n<br/><br/>\r\n<p>¡Buen provecho!</p>','client',0,0,'','','pending'),(23,41,'andres@buzz.cr','no-reply@www.fmarket.org','Gracias por comprar en Food Market','<p>Estimado Andrés Martén Guevara,</p>\r\n<br/><br/>\r\n<p> Gracias por comprar en Food Market y apoyar al artesano local, esperamos disfrutés al máximo tu comida! Tu número de recibo es 41. Hemos incluido tu recibo de orden y detalles del envío abajo:\r\n</p> <br/>\r\n 		<div style=\"display: block;max-height: 70px;max-width: 200px;\">\r\n				</div>\r\n		<h3>Detalles del pedido</h3>		\r\n		<table border=\"0\">\r\n		<tr><td>Nombre del cliente</td><td>Andrés Martén Guevara</td></tr><tr><td>Comercio</td><td>La Favorita</td></tr><tr><td>Teléfono</td><td>+50640016415</td></tr><tr><td>Dirección</td><td>San Fco. de Dos Ríos San José San Jose 10106 </td></tr><tr><td>Tipo TRN</td><td>delivery</td></tr><tr><td>Tipo de pago</td><td>PYP</td></tr><tr><td>Número de referencia #</td><td>41</td></tr><tr><td>Fecha TRN</td><td>Dic 13,2016 15:05:18</td></tr><tr><td>Fecha del envío express</td><td>2016-12-13</td></tr><tr><td>Entregar a</td><td>C113  Tirrases Provincia de San José 10106 </td></tr><tr><td>Instrucciones para la express</td><td></td></tr><tr><td>Nombre de la Ubicación</td><td>Casa</td></tr><tr><td>Número del contacto</td><td>+50688931526</td></tr><tr><td colspan=\"2\">&nbsp;</td></tr><tr><td>1 Sandwich de champiñones y mozzarella<p>15 cm</p><p>Bien tostado</p><p>Ingredientes</p><p>- Queso gouda<br/></p></td><td>2</td></tr><tr><td style=\"text-indent:10px;\">Papas fritas</td><td>1</td></tr><tr><td colspan=\"2\">&nbsp;</td></tr><tr><td>Sub Total:</td><td>3</td></tr><tr><td>Costo del Express:</td><td>2</td></tr><tr><td>Impuesto Impuesto 13%</td><td>0</td></tr><tr><td>Total:</td><td>&#36;5</td></tr>		\r\n		</table>\r\n			\r\n	\r\n<br/><br/>\r\n<p>¡Buen provecho!</p>','client',0,0,'','','sent'),(24,41,'andres@buzz.cr','support@fmarket.org','Nueva orden de  Andrés Martén Guevara','<p>Saludos querido Artesano de la comida, </p>\r\n<br/>\r\n<p>¡Has vendido! Hay una nueva orden de pedido con el número de referencia 41 del cliente Andrés Martén Guevara</p>\r\n<br/>\r\n 		<div style=\"display: block;max-height: 70px;max-width: 200px;\">\r\n				</div>\r\n		<h3>Detalles del pedido</h3>		\r\n		<table border=\"0\">\r\n		<tr><td>Nombre del cliente</td><td>Andrés Martén Guevara</td></tr><tr><td>Comercio</td><td>La Favorita</td></tr><tr><td>Teléfono</td><td>+50640016415</td></tr><tr><td>Dirección</td><td>San Fco. de Dos Ríos San José San Jose 10106 </td></tr><tr><td>Tipo TRN</td><td>delivery</td></tr><tr><td>Tipo de pago</td><td>PYP</td></tr><tr><td>Número de referencia #</td><td>41</td></tr><tr><td>Fecha TRN</td><td>Dic 13,2016 15:05:18</td></tr><tr><td>Fecha del envío express</td><td>2016-12-13</td></tr><tr><td>Entregar a</td><td>C113  Tirrases Provincia de San José 10106 </td></tr><tr><td>Instrucciones para la express</td><td></td></tr><tr><td>Nombre de la Ubicación</td><td>Casa</td></tr><tr><td>Número del contacto</td><td>+50688931526</td></tr><tr><td colspan=\"2\">&nbsp;</td></tr><tr><td>1 Sandwich de champiñones y mozzarella<p>15 cm</p><p>Bien tostado</p><p>Ingredientes</p><p>- Queso gouda<br/></p></td><td>2</td></tr><tr><td style=\"text-indent:10px;\">Papas fritas</td><td>1</td></tr><tr><td colspan=\"2\">&nbsp;</td></tr><tr><td>Sub Total:</td><td>3</td></tr><tr><td>Costo del Express:</td><td>2</td></tr><tr><td>Impuesto Impuesto 13%</td><td>0</td></tr><tr><td>Total:</td><td>&#36;5</td></tr>		\r\n		</table>\r\n			\r\n	\r\n<br/><br/>\r\n<p><a href=\"http://www.fmarket.org/store/confirmorder/?id=41&token=eecaeaa4a133a406ce74c0c92ff4f7a0\">Clic aquí</a> para aceptar la orden<br/>\r\no simplemente visitá este link http://www.fmarket.org/store/confirmorder/?id=41&token=eecaeaa4a133a406ce74c0c92ff4f7a0\r\n</p>\r\n<br/>\r\n<p>¡Saludos!</p>','merchant',0,0,'','','sent'),(25,42,'andres@buzz.cr','no-reply@www.fmarket.org','Gracias por comprar en Food Market','<p>Estimado Andrés Martén Guevara,</p>\r\n<br/><br/>\r\n<p> Gracias por comprar en Food Market y apoyar al artesano local, esperamos disfrutés al máximo tu comida! Tu número de recibo es 42. Hemos incluido tu recibo de orden y detalles del envío abajo:\r\n</p> <br/>\r\n 		<div style=\"display: block;max-height: 70px;max-width: 200px;\">\r\n				</div>\r\n		<h3>Detalles del pedido</h3>		\r\n		<table border=\"0\">\r\n		<tr><td>Nombre del cliente</td><td>Andrés Martén Guevara</td></tr><tr><td>Comercio</td><td>La Favorita</td></tr><tr><td>Teléfono</td><td>+50640016415</td></tr><tr><td>Dirección</td><td>San Fco. de Dos Ríos San José San Jose 10106 </td></tr><tr><td>Tipo TRN</td><td>delivery</td></tr><tr><td>Tipo de pago</td><td>PYP</td></tr><tr><td>Número de referencia #</td><td>42</td></tr><tr><td>Fecha TRN</td><td>Dic 13,2016 16:25:05</td></tr><tr><td>Fecha del envío express</td><td>2016-12-13</td></tr><tr><td>Entregar a</td><td>204 San José San José Province  </td></tr><tr><td>Instrucciones para la express</td><td>Portones grises; contiguo veterinaria</td></tr><tr><td>Nombre de la Ubicación</td><td>Oficina</td></tr><tr><td>Número del contacto</td><td>+50688931526</td></tr><tr><td colspan=\"2\">&nbsp;</td></tr><tr><td>1 Sandwich de champiñones y mozzarella<p>15 cm</p><p>Bien tostado</p><p>Ingredientes</p><p>- Queso gouda<br/></p></td><td>2</td></tr><tr><td style=\"text-indent:10px;\">Papas fritas</td><td>1</td></tr><tr><td colspan=\"2\">&nbsp;</td></tr><tr><td>Sub Total:</td><td>3</td></tr><tr><td>Costo del Express:</td><td>2</td></tr><tr><td>Impuesto Impuesto 13%</td><td>1</td></tr><tr><td>Total:</td><td>&#36;6</td></tr>		\r\n		</table>\r\n			\r\n	\r\n<br/><br/>\r\n<p>¡Buen provecho!</p>','client',0,0,'','','sent'),(26,42,'andres@buzz.cr','support@fmarket.org','Nueva orden de  Andrés Martén Guevara','<p>Saludos querido Artesano de la comida, </p>\r\n<br/>\r\n<p>¡Has vendido! Hay una nueva orden de pedido con el número de referencia 42 del cliente Andrés Martén Guevara</p>\r\n<br/>\r\n 		<div style=\"display: block;max-height: 70px;max-width: 200px;\">\r\n				</div>\r\n		<h3>Detalles del pedido</h3>		\r\n		<table border=\"0\">\r\n		<tr><td>Nombre del cliente</td><td>Andrés Martén Guevara</td></tr><tr><td>Comercio</td><td>La Favorita</td></tr><tr><td>Teléfono</td><td>+50640016415</td></tr><tr><td>Dirección</td><td>San Fco. de Dos Ríos San José San Jose 10106 </td></tr><tr><td>Tipo TRN</td><td>delivery</td></tr><tr><td>Tipo de pago</td><td>PYP</td></tr><tr><td>Número de referencia #</td><td>42</td></tr><tr><td>Fecha TRN</td><td>Dic 13,2016 16:25:05</td></tr><tr><td>Fecha del envío express</td><td>2016-12-13</td></tr><tr><td>Entregar a</td><td>204 San José San José Province  </td></tr><tr><td>Instrucciones para la express</td><td>Portones grises; contiguo veterinaria</td></tr><tr><td>Nombre de la Ubicación</td><td>Oficina</td></tr><tr><td>Número del contacto</td><td>+50688931526</td></tr><tr><td colspan=\"2\">&nbsp;</td></tr><tr><td>1 Sandwich de champiñones y mozzarella<p>15 cm</p><p>Bien tostado</p><p>Ingredientes</p><p>- Queso gouda<br/></p></td><td>2</td></tr><tr><td style=\"text-indent:10px;\">Papas fritas</td><td>1</td></tr><tr><td colspan=\"2\">&nbsp;</td></tr><tr><td>Sub Total:</td><td>3</td></tr><tr><td>Costo del Express:</td><td>2</td></tr><tr><td>Impuesto Impuesto 13%</td><td>1</td></tr><tr><td>Total:</td><td>&#36;6</td></tr>		\r\n		</table>\r\n			\r\n	\r\n<br/><br/>\r\n<p><a href=\"http://www.fmarket.org/store/confirmorder/?id=42&token=eecaeaa4a133a406ce74c0c92ff4f7a0\">Clic aquí</a> para aceptar la orden<br/>\r\no simplemente visitá este link http://www.fmarket.org/store/confirmorder/?id=42&token=eecaeaa4a133a406ce74c0c92ff4f7a0\r\n</p>\r\n<br/>\r\n<p>¡Saludos!</p>','merchant',0,0,'','','sent'),(27,43,'marco.escamilla@quarzo.com','no-reply@www.fmarket.org','Gracias por comprar en Food Market','<p>Estimado Marco Escamilla,</p>\r\n<br/><br/>\r\n<p> Gracias por comprar en Food Market y apoyar al artesano local, esperamos disfrutés al máximo tu comida! Tu número de recibo es 43. Hemos incluido tu recibo de orden y detalles del envío abajo:\r\n</p> <br/>\r\n 		<div style=\"display: block;max-height: 70px;max-width: 200px;\">\r\n				</div>\r\n		<h3>Detalles del pedido</h3>		\r\n		<table border=\"0\">\r\n		<tr><td>Nombre del cliente</td><td>Marco Escamilla</td></tr><tr><td>Comercio</td><td>La Favorita</td></tr><tr><td>Teléfono</td><td>+50640016415</td></tr><tr><td>Dirección</td><td>San Fco. de Dos Ríos San José San Jose 10106 </td></tr><tr><td>Tipo TRN</td><td>delivery</td></tr><tr><td>Tipo de pago</td><td>PYP</td></tr><tr><td>Número de referencia #</td><td>43</td></tr><tr><td>Fecha TRN</td><td>Dic 14,2016 18:49:31</td></tr><tr><td>Fecha del envío express</td><td>2016-12-14</td></tr><tr><td>Entregar a</td><td>Calle Peligro Santo Domingo Heredia  </td></tr><tr><td>Instrucciones para la express</td><td></td></tr><tr><td>Nombre de la Ubicación</td><td>24 laderas nicas</td></tr><tr><td>Número del contacto</td><td>+50688490336</td></tr><tr><td colspan=\"2\">&nbsp;</td></tr><tr><td>2 Sandwich de champiñones y mozzarella<p>30 cm</p><p>Ingredientes</p><p>- Queso gouda<br/>- Cebolla<br/>- Tomate<br/>- Lechuga<br/></p></td><td>7</td></tr><tr><td style=\"text-indent:10px;\">Papas fritas</td><td>1</td></tr><tr><td colspan=\"2\">&nbsp;</td></tr><tr><td>Sub Total:</td><td>8</td></tr><tr><td>Costo del Express:</td><td>2</td></tr><tr><td>Impuesto Impuesto 13%</td><td>1</td></tr><tr><td>Total:</td><td>&#36;11</td></tr>		\r\n		</table>\r\n			\r\n	\r\n<br/><br/>\r\n<p>¡Buen provecho!</p>','client',0,0,'','','sent'),(28,43,'andres@buzz.cr','support@fmarket.org','Nueva orden de  Marco Escamilla','<p>Saludos querido Artesano de la comida, </p>\r\n<br/>\r\n<p>¡Has vendido! Hay una nueva orden de pedido con el número de referencia 43 del cliente Marco Escamilla</p>\r\n<br/>\r\n 		<div style=\"display: block;max-height: 70px;max-width: 200px;\">\r\n				</div>\r\n		<h3>Detalles del pedido</h3>		\r\n		<table border=\"0\">\r\n		<tr><td>Nombre del cliente</td><td>Marco Escamilla</td></tr><tr><td>Comercio</td><td>La Favorita</td></tr><tr><td>Teléfono</td><td>+50640016415</td></tr><tr><td>Dirección</td><td>San Fco. de Dos Ríos San José San Jose 10106 </td></tr><tr><td>Tipo TRN</td><td>delivery</td></tr><tr><td>Tipo de pago</td><td>PYP</td></tr><tr><td>Número de referencia #</td><td>43</td></tr><tr><td>Fecha TRN</td><td>Dic 14,2016 18:49:31</td></tr><tr><td>Fecha del envío express</td><td>2016-12-14</td></tr><tr><td>Entregar a</td><td>Calle Peligro Santo Domingo Heredia  </td></tr><tr><td>Instrucciones para la express</td><td></td></tr><tr><td>Nombre de la Ubicación</td><td>24 laderas nicas</td></tr><tr><td>Número del contacto</td><td>+50688490336</td></tr><tr><td colspan=\"2\">&nbsp;</td></tr><tr><td>2 Sandwich de champiñones y mozzarella<p>30 cm</p><p>Ingredientes</p><p>- Queso gouda<br/>- Cebolla<br/>- Tomate<br/>- Lechuga<br/></p></td><td>7</td></tr><tr><td style=\"text-indent:10px;\">Papas fritas</td><td>1</td></tr><tr><td colspan=\"2\">&nbsp;</td></tr><tr><td>Sub Total:</td><td>8</td></tr><tr><td>Costo del Express:</td><td>2</td></tr><tr><td>Impuesto Impuesto 13%</td><td>1</td></tr><tr><td>Total:</td><td>&#36;11</td></tr>		\r\n		</table>\r\n			\r\n	\r\n<br/><br/>\r\n<p><a href=\"http://www.fmarket.org/store/confirmorder/?id=43&token=eecaeaa4a133a406ce74c0c92ff4f7a0\">Clic aquí</a> para aceptar la orden<br/>\r\no simplemente visitá este link http://www.fmarket.org/store/confirmorder/?id=43&token=eecaeaa4a133a406ce74c0c92ff4f7a0\r\n</p>\r\n<br/>\r\n<p>¡Saludos!</p>','merchant',0,0,'','','sent'),(29,50,'test@gmail.com','no-reply@www.fmarket.org','Gracias por comprar en Food Market','<p>Estimado testqq tttaas,</p>\r\n<br/><br/>\r\n<p> Gracias por comprar en Food Market y apoyar al artesano local, esperamos disfrutés al máximo tu comida! Tu número de recibo es 50. Hemos incluido tu recibo de orden y detalles del envío abajo:\r\n</p> <br/>\r\n 		<div style=\"display: block;max-height: 70px;max-width: 200px;\">\r\n				</div>\r\n		<h3>Detalles del pedido</h3>		\r\n		<table border=\"0\">\r\n		<tr><td>Nombre del cliente</td><td>testqq tttaas</td></tr><tr><td>Comercio</td><td>La Favorita</td></tr><tr><td>Teléfono</td><td>+50640016415</td></tr><tr><td>Dirección</td><td>San Fco. de Dos Ríos San José San Jose 10106 </td></tr><tr><td>Tipo TRN</td><td>pickup</td></tr><tr><td>Tipo de pago</td><td>PYP</td></tr><tr><td>Número de referencia #</td><td>50</td></tr><tr><td>Fecha TRN</td><td>Ene 12,2017 12:05:32</td></tr><tr><td>Fecha del Pickup</td><td>2017-01-12</td></tr><tr><td>Hora para recoger</td><td>02:39 PM</td></tr><tr><td colspan=\"2\">&nbsp;</td></tr><tr><td>1 Sandwich de champiñones y mozzarella<p>15 cm</p></td><td>2</td></tr><tr><td style=\"text-indent:10px;\">Papas fritas</td><td>1</td></tr><tr><td colspan=\"2\">&nbsp;</td></tr><tr><td>Sub Total:</td><td>3</td></tr><tr><td>Impuesto Impuesto 13%</td><td>0</td></tr><tr><td>Total:</td><td>&#36;3</td></tr>		\r\n		</table>\r\n			\r\n	\r\n<br/><br/>\r\n<p>¡Buen provecho!</p>','client',NULL,NULL,NULL,NULL,'pending'),(30,50,'andres@buzz.cr','support@fmarket.org','Nueva orden de  testqq tttaas','<p>Saludos querido Artesano de la comida, </p>\r\n<br/>\r\n<p>¡Has vendido! Hay una nueva orden de pedido con el número de referencia 50 del cliente testqq tttaas</p>\r\n<br/>\r\n 		<div style=\"display: block;max-height: 70px;max-width: 200px;\">\r\n				</div>\r\n		<h3>Detalles del pedido</h3>		\r\n		<table border=\"0\">\r\n		<tr><td>Nombre del cliente</td><td>testqq tttaas</td></tr><tr><td>Comercio</td><td>La Favorita</td></tr><tr><td>Teléfono</td><td>+50640016415</td></tr><tr><td>Dirección</td><td>San Fco. de Dos Ríos San José San Jose 10106 </td></tr><tr><td>Tipo TRN</td><td>pickup</td></tr><tr><td>Tipo de pago</td><td>PYP</td></tr><tr><td>Número de referencia #</td><td>50</td></tr><tr><td>Fecha TRN</td><td>Ene 12,2017 12:05:32</td></tr><tr><td>Fecha del Pickup</td><td>2017-01-12</td></tr><tr><td>Hora para recoger</td><td>02:39 PM</td></tr><tr><td colspan=\"2\">&nbsp;</td></tr><tr><td>1 Sandwich de champiñones y mozzarella<p>15 cm</p></td><td>2</td></tr><tr><td style=\"text-indent:10px;\">Papas fritas</td><td>1</td></tr><tr><td colspan=\"2\">&nbsp;</td></tr><tr><td>Sub Total:</td><td>3</td></tr><tr><td>Impuesto Impuesto 13%</td><td>0</td></tr><tr><td>Total:</td><td>&#36;3</td></tr>		\r\n		</table>\r\n			\r\n	\r\n<br/><br/>\r\n<p><a href=\"https://www.fmarket.org/store/confirmorder/?id=50&token=eecaeaa4a133a406ce74c0c92ff4f7a0\">Clic aquí</a> para aceptar la orden<br/>\r\no simplemente visitá este link https://www.fmarket.org/store/confirmorder/?id=50&token=eecaeaa4a133a406ce74c0c92ff4f7a0\r\n</p>\r\n<br/>\r\n<p>¡Saludos!</p>','merchant',NULL,NULL,NULL,NULL,'pending'),(31,51,'test@gmail.com','no-reply@www.fmarket.org','Gracias por comprar en Food Market','<p>Estimado testqq tttaas,</p>\r\n<br/><br/>\r\n<p> Gracias por comprar en Food Market y apoyar al artesano local, esperamos disfrutés al máximo tu comida! Tu número de recibo es 51. Hemos incluido tu recibo de orden y detalles del envío abajo:\r\n</p> <br/>\r\n 		<div style=\"display: block;max-height: 70px;max-width: 200px;\">\r\n				</div>\r\n		<h3>Detalles del pedido</h3>		\r\n		<table border=\"0\">\r\n		<tr><td>Nombre del cliente</td><td>testqq tttaas</td></tr><tr><td>Comercio</td><td>La Favorita</td></tr><tr><td>Teléfono</td><td>+50640016415</td></tr><tr><td>Dirección</td><td>San Fco. de Dos Ríos San José San Jose 10106 </td></tr><tr><td>Tipo TRN</td><td>pickup</td></tr><tr><td>Tipo de pago</td><td>PYP</td></tr><tr><td>Número de referencia #</td><td>51</td></tr><tr><td>Fecha TRN</td><td>Ene 12,2017 12:05:59</td></tr><tr><td>Fecha del Pickup</td><td>2017-01-12</td></tr><tr><td>Hora para recoger</td><td>02:39 PM</td></tr><tr><td colspan=\"2\">&nbsp;</td></tr><tr><td>1 Sandwich de champiñones y mozzarella<p>15 cm</p></td><td>2</td></tr><tr><td style=\"text-indent:10px;\">Papas fritas</td><td>1</td></tr><tr><td colspan=\"2\">&nbsp;</td></tr><tr><td>Sub Total:</td><td>3</td></tr><tr><td>Impuesto Impuesto 13%</td><td>0</td></tr><tr><td>Total:</td><td>&#36;3</td></tr>		\r\n		</table>\r\n			\r\n	\r\n<br/><br/>\r\n<p>¡Buen provecho!</p>','client',NULL,NULL,NULL,NULL,'pending'),(32,51,'andres@buzz.cr','support@fmarket.org','Nueva orden de  testqq tttaas','<p>Saludos querido Artesano de la comida, </p>\r\n<br/>\r\n<p>¡Has vendido! Hay una nueva orden de pedido con el número de referencia 51 del cliente testqq tttaas</p>\r\n<br/>\r\n 		<div style=\"display: block;max-height: 70px;max-width: 200px;\">\r\n				</div>\r\n		<h3>Detalles del pedido</h3>		\r\n		<table border=\"0\">\r\n		<tr><td>Nombre del cliente</td><td>testqq tttaas</td></tr><tr><td>Comercio</td><td>La Favorita</td></tr><tr><td>Teléfono</td><td>+50640016415</td></tr><tr><td>Dirección</td><td>San Fco. de Dos Ríos San José San Jose 10106 </td></tr><tr><td>Tipo TRN</td><td>pickup</td></tr><tr><td>Tipo de pago</td><td>PYP</td></tr><tr><td>Número de referencia #</td><td>51</td></tr><tr><td>Fecha TRN</td><td>Ene 12,2017 12:05:59</td></tr><tr><td>Fecha del Pickup</td><td>2017-01-12</td></tr><tr><td>Hora para recoger</td><td>02:39 PM</td></tr><tr><td colspan=\"2\">&nbsp;</td></tr><tr><td>1 Sandwich de champiñones y mozzarella<p>15 cm</p></td><td>2</td></tr><tr><td style=\"text-indent:10px;\">Papas fritas</td><td>1</td></tr><tr><td colspan=\"2\">&nbsp;</td></tr><tr><td>Sub Total:</td><td>3</td></tr><tr><td>Impuesto Impuesto 13%</td><td>0</td></tr><tr><td>Total:</td><td>&#36;3</td></tr>		\r\n		</table>\r\n			\r\n	\r\n<br/><br/>\r\n<p><a href=\"https://www.fmarket.org/store/confirmorder/?id=51&token=eecaeaa4a133a406ce74c0c92ff4f7a0\">Clic aquí</a> para aceptar la orden<br/>\r\no simplemente visitá este link https://www.fmarket.org/store/confirmorder/?id=51&token=eecaeaa4a133a406ce74c0c92ff4f7a0\r\n</p>\r\n<br/>\r\n<p>¡Saludos!</p>','merchant',NULL,NULL,NULL,NULL,'pending'),(33,52,'test@gmail.com','no-reply@www.fmarket.org','Gracias por comprar en Food Market','<p>Estimado testqq tttaas,</p>\r\n<br/><br/>\r\n<p> Gracias por comprar en Food Market y apoyar al artesano local, esperamos disfrutés al máximo tu comida! Tu número de recibo es 52. Hemos incluido tu recibo de orden y detalles del envío abajo:\r\n</p> <br/>\r\n 		<div style=\"display: block;max-height: 70px;max-width: 200px;\">\r\n				</div>\r\n		<h3>Detalles del pedido</h3>		\r\n		<table border=\"0\">\r\n		<tr><td>Nombre del cliente</td><td>testqq tttaas</td></tr><tr><td>Comercio</td><td>La Favorita</td></tr><tr><td>Teléfono</td><td>+50640016415</td></tr><tr><td>Dirección</td><td>San Fco. de Dos Ríos San José San Jose 10106 </td></tr><tr><td>Tipo TRN</td><td>pickup</td></tr><tr><td>Tipo de pago</td><td>PYP</td></tr><tr><td>Número de referencia #</td><td>52</td></tr><tr><td>Fecha TRN</td><td>Ene 12,2017 12:06:05</td></tr><tr><td>Fecha del Pickup</td><td>2017-01-12</td></tr><tr><td>Hora para recoger</td><td>02:39 PM</td></tr><tr><td colspan=\"2\">&nbsp;</td></tr><tr><td>1 Sandwich de champiñones y mozzarella<p>15 cm</p></td><td>2</td></tr><tr><td style=\"text-indent:10px;\">Papas fritas</td><td>1</td></tr><tr><td colspan=\"2\">&nbsp;</td></tr><tr><td>Sub Total:</td><td>3</td></tr><tr><td>Impuesto Impuesto 13%</td><td>0</td></tr><tr><td>Total:</td><td>&#36;3</td></tr>		\r\n		</table>\r\n			\r\n	\r\n<br/><br/>\r\n<p>¡Buen provecho!</p>','client',NULL,NULL,NULL,NULL,'pending'),(34,52,'andres@buzz.cr','support@fmarket.org','Nueva orden de  testqq tttaas','<p>Saludos querido Artesano de la comida, </p>\r\n<br/>\r\n<p>¡Has vendido! Hay una nueva orden de pedido con el número de referencia 52 del cliente testqq tttaas</p>\r\n<br/>\r\n 		<div style=\"display: block;max-height: 70px;max-width: 200px;\">\r\n				</div>\r\n		<h3>Detalles del pedido</h3>		\r\n		<table border=\"0\">\r\n		<tr><td>Nombre del cliente</td><td>testqq tttaas</td></tr><tr><td>Comercio</td><td>La Favorita</td></tr><tr><td>Teléfono</td><td>+50640016415</td></tr><tr><td>Dirección</td><td>San Fco. de Dos Ríos San José San Jose 10106 </td></tr><tr><td>Tipo TRN</td><td>pickup</td></tr><tr><td>Tipo de pago</td><td>PYP</td></tr><tr><td>Número de referencia #</td><td>52</td></tr><tr><td>Fecha TRN</td><td>Ene 12,2017 12:06:05</td></tr><tr><td>Fecha del Pickup</td><td>2017-01-12</td></tr><tr><td>Hora para recoger</td><td>02:39 PM</td></tr><tr><td colspan=\"2\">&nbsp;</td></tr><tr><td>1 Sandwich de champiñones y mozzarella<p>15 cm</p></td><td>2</td></tr><tr><td style=\"text-indent:10px;\">Papas fritas</td><td>1</td></tr><tr><td colspan=\"2\">&nbsp;</td></tr><tr><td>Sub Total:</td><td>3</td></tr><tr><td>Impuesto Impuesto 13%</td><td>0</td></tr><tr><td>Total:</td><td>&#36;3</td></tr>		\r\n		</table>\r\n			\r\n	\r\n<br/><br/>\r\n<p><a href=\"https://www.fmarket.org/store/confirmorder/?id=52&token=eecaeaa4a133a406ce74c0c92ff4f7a0\">Clic aquí</a> para aceptar la orden<br/>\r\no simplemente visitá este link https://www.fmarket.org/store/confirmorder/?id=52&token=eecaeaa4a133a406ce74c0c92ff4f7a0\r\n</p>\r\n<br/>\r\n<p>¡Saludos!</p>','merchant',NULL,NULL,NULL,NULL,'pending'),(35,53,'test@gmail.com','no-reply@www.fmarket.org','Gracias por comprar en Food Market','<p>Estimado testqq tttaas,</p>\r\n<br/><br/>\r\n<p> Gracias por comprar en Food Market y apoyar al artesano local, esperamos disfrutés al máximo tu comida! Tu número de recibo es 53. Hemos incluido tu recibo de orden y detalles del envío abajo:\r\n</p> <br/>\r\n 		<div style=\"display: block;max-height: 70px;max-width: 200px;\">\r\n				</div>\r\n		<h3>Detalles del pedido</h3>		\r\n		<table border=\"0\">\r\n		<tr><td>Nombre del cliente</td><td>testqq tttaas</td></tr><tr><td>Comercio</td><td>La Favorita</td></tr><tr><td>Teléfono</td><td>+50640016415</td></tr><tr><td>Dirección</td><td>San Fco. de Dos Ríos San José San Jose 10106 </td></tr><tr><td>Tipo TRN</td><td>pickup</td></tr><tr><td>Tipo de pago</td><td>PYP</td></tr><tr><td>Número de referencia #</td><td>53</td></tr><tr><td>Fecha TRN</td><td>Ene 12,2017 12:06:16</td></tr><tr><td>Fecha del Pickup</td><td>2017-01-12</td></tr><tr><td>Hora para recoger</td><td>02:39 PM</td></tr><tr><td colspan=\"2\">&nbsp;</td></tr><tr><td>1 Sandwich de champiñones y mozzarella<p>15 cm</p></td><td>2</td></tr><tr><td style=\"text-indent:10px;\">Papas fritas</td><td>1</td></tr><tr><td colspan=\"2\">&nbsp;</td></tr><tr><td>Sub Total:</td><td>3</td></tr><tr><td>Impuesto Impuesto 13%</td><td>0</td></tr><tr><td>Total:</td><td>&#36;3</td></tr>		\r\n		</table>\r\n			\r\n	\r\n<br/><br/>\r\n<p>¡Buen provecho!</p>','client',NULL,NULL,NULL,NULL,'pending'),(36,53,'andres@buzz.cr','support@fmarket.org','Nueva orden de  testqq tttaas','<p>Saludos querido Artesano de la comida, </p>\r\n<br/>\r\n<p>¡Has vendido! Hay una nueva orden de pedido con el número de referencia 53 del cliente testqq tttaas</p>\r\n<br/>\r\n 		<div style=\"display: block;max-height: 70px;max-width: 200px;\">\r\n				</div>\r\n		<h3>Detalles del pedido</h3>		\r\n		<table border=\"0\">\r\n		<tr><td>Nombre del cliente</td><td>testqq tttaas</td></tr><tr><td>Comercio</td><td>La Favorita</td></tr><tr><td>Teléfono</td><td>+50640016415</td></tr><tr><td>Dirección</td><td>San Fco. de Dos Ríos San José San Jose 10106 </td></tr><tr><td>Tipo TRN</td><td>pickup</td></tr><tr><td>Tipo de pago</td><td>PYP</td></tr><tr><td>Número de referencia #</td><td>53</td></tr><tr><td>Fecha TRN</td><td>Ene 12,2017 12:06:16</td></tr><tr><td>Fecha del Pickup</td><td>2017-01-12</td></tr><tr><td>Hora para recoger</td><td>02:39 PM</td></tr><tr><td colspan=\"2\">&nbsp;</td></tr><tr><td>1 Sandwich de champiñones y mozzarella<p>15 cm</p></td><td>2</td></tr><tr><td style=\"text-indent:10px;\">Papas fritas</td><td>1</td></tr><tr><td colspan=\"2\">&nbsp;</td></tr><tr><td>Sub Total:</td><td>3</td></tr><tr><td>Impuesto Impuesto 13%</td><td>0</td></tr><tr><td>Total:</td><td>&#36;3</td></tr>		\r\n		</table>\r\n			\r\n	\r\n<br/><br/>\r\n<p><a href=\"https://www.fmarket.org/store/confirmorder/?id=53&token=eecaeaa4a133a406ce74c0c92ff4f7a0\">Clic aquí</a> para aceptar la orden<br/>\r\no simplemente visitá este link https://www.fmarket.org/store/confirmorder/?id=53&token=eecaeaa4a133a406ce74c0c92ff4f7a0\r\n</p>\r\n<br/>\r\n<p>¡Saludos!</p>','merchant',NULL,NULL,NULL,NULL,'pending'),(37,54,'andres@buzz.cr','no-reply@www.fmarket.org','Gracias por comprar en Food Market','<p>Estimado Andrés Martén Guevara,</p>\r\n<br/><br/>\r\n<p> Gracias por comprar en Food Market y apoyar al artesano local, esperamos disfrutés al máximo tu comida! Tu número de recibo es 54. Hemos incluido tu recibo de orden y detalles del envío abajo:\r\n</p> <br/>\r\n 		<div style=\"display: block;max-height: 70px;max-width: 200px;\">\r\n				</div>\r\n		<h3>Order Details</h3>		\r\n		<table border=\"0\">\r\n		<tr><td>Customer Name</td><td>Andrés Martén Guevara</td></tr><tr><td>Merchant Name</td><td>Gusto Artesanal</td></tr><tr><td>Telephone</td><td>+50688931526</td></tr><tr><td>Address</td><td>Costa Rica Heredia San José 10106 </td></tr><tr><td>TRN Type</td><td>delivery</td></tr><tr><td>Payment Type</td><td>PYP</td></tr><tr><td>Reference #</td><td>54</td></tr><tr><td>TRN Date</td><td>Jan 12,2017 12:08:02</td></tr><tr><td>Delivery Date</td><td>2017-01-12</td></tr><tr><td>Deliver to</td><td>204 San José San José Province  </td></tr><tr><td>Delivery Instruction</td><td></td></tr><tr><td>Location Name</td><td>Oficina</td></tr><tr><td>Contact Number</td><td>+50688931526</td></tr><tr><td colspan=\"2\">&nbsp;</td></tr><tr><td>1 Jalea de manzana<p>Grande</p></td><td>6</td></tr><tr><td colspan=\"2\">&nbsp;</td></tr><tr><td>Subtotal:</td><td>6</td></tr><tr><td>Delivery Fee:</td><td>2</td></tr><tr><td>Tax  13%</td><td>1</td></tr><tr><td>Total:</td><td>&#36;9</td></tr>		\r\n		</table>\r\n			\r\n	\r\n<br/><br/>\r\n<p>¡Buen provecho!</p>','client',NULL,NULL,NULL,NULL,'sent'),(38,55,'andres@buzz.cr','no-reply@www.fmarket.org','Gracias por comprar en Food Market','<p>Estimado Andrés Martén Guevara,</p>\r\n<br/><br/>\r\n<p> Gracias por comprar en Food Market y apoyar al artesano local, esperamos disfrutés al máximo tu comida! Tu número de recibo es 55. Hemos incluido tu recibo de orden y detalles del envío abajo:\r\n</p> <br/>\r\n 		<div style=\"display: block;max-height: 70px;max-width: 200px;\">\r\n				</div>\r\n		<h3>Order Details</h3>		\r\n		<table border=\"0\">\r\n		<tr><td>Customer Name</td><td>Andrés Martén Guevara</td></tr><tr><td>Merchant Name</td><td>Gusto Artesanal</td></tr><tr><td>Telephone</td><td>+50688931526</td></tr><tr><td>Address</td><td>Costa Rica Heredia San José 10106 </td></tr><tr><td>TRN Type</td><td>delivery</td></tr><tr><td>Payment Type</td><td>PYP</td></tr><tr><td>Reference #</td><td>55</td></tr><tr><td>TRN Date</td><td>Jan 12,2017 12:11:05</td></tr><tr><td>Delivery Date</td><td>2017-01-12</td></tr><tr><td>Deliver to</td><td>C113  Tirrases Provincia de San José 10106 </td></tr><tr><td>Delivery Instruction</td><td></td></tr><tr><td>Location Name</td><td>Casa</td></tr><tr><td>Contact Number</td><td>+50688931526</td></tr><tr><td colspan=\"2\">&nbsp;</td></tr><tr><td>1 Jalea de manzana<p>Grande</p></td><td>6</td></tr><tr><td colspan=\"2\">&nbsp;</td></tr><tr><td>Subtotal:</td><td>6</td></tr><tr><td>Delivery Fee:</td><td>2</td></tr><tr><td>Tax  13%</td><td>1</td></tr><tr><td>Total:</td><td>&#36;9</td></tr>		\r\n		</table>\r\n			\r\n	\r\n<br/><br/>\r\n<p>¡Buen provecho!</p>','client',NULL,NULL,NULL,NULL,'sent'),(39,56,'test@gmail.com','no-reply@www.fmarket.org','Gracias por comprar en Food Market','<p>Estimado testqq tttaas,</p>\r\n<br/><br/>\r\n<p> Gracias por comprar en Food Market y apoyar al artesano local, esperamos disfrutés al máximo tu comida! Tu número de recibo es 56. Hemos incluido tu recibo de orden y detalles del envío abajo:\r\n</p> <br/>\r\n 		<div style=\"display: block;max-height: 70px;max-width: 200px;\">\r\n				</div>\r\n		<h3>Detalles del pedido</h3>		\r\n		<table border=\"0\">\r\n		<tr><td>Nombre del cliente</td><td>testqq tttaas</td></tr><tr><td>Comercio</td><td>La Favorita</td></tr><tr><td>Teléfono</td><td>+50640016415</td></tr><tr><td>Dirección</td><td>San Fco. de Dos Ríos San José San Jose 10106 </td></tr><tr><td>Tipo TRN</td><td>pickup</td></tr><tr><td>Tipo de pago</td><td>PYP</td></tr><tr><td>Número de referencia #</td><td>56</td></tr><tr><td>Fecha TRN</td><td>Ene 12,2017 12:15:17</td></tr><tr><td>Fecha del Pickup</td><td>2017-01-12</td></tr><tr><td>Hora para recoger</td><td>02:29 PM</td></tr><tr><td colspan=\"2\">&nbsp;</td></tr><tr><td>2 Sandwich de champiñones y mozzarella<p>15 cm</p><p>Ingredientes</p><p>- Cebolla<br/></p></td><td>4</td></tr><tr><td style=\"text-indent:10px;\">Ensalada de repollo</td><td>4</td></tr><tr><td colspan=\"2\">&nbsp;</td></tr><tr><td>Sub Total:</td><td>8</td></tr><tr><td>Impuesto Impuesto 13%</td><td>1</td></tr><tr><td>Total:</td><td>&#36;9</td></tr>		\r\n		</table>\r\n			\r\n	\r\n<br/><br/>\r\n<p>¡Buen provecho!</p>','client',NULL,NULL,NULL,NULL,'pending'),(40,56,'andres@buzz.cr','support@fmarket.org','Nueva orden de  testqq tttaas','<p>Saludos querido Artesano de la comida, </p>\r\n<br/>\r\n<p>¡Has vendido! Hay una nueva orden de pedido con el número de referencia 56 del cliente testqq tttaas</p>\r\n<br/>\r\n 		<div style=\"display: block;max-height: 70px;max-width: 200px;\">\r\n				</div>\r\n		<h3>Detalles del pedido</h3>		\r\n		<table border=\"0\">\r\n		<tr><td>Nombre del cliente</td><td>testqq tttaas</td></tr><tr><td>Comercio</td><td>La Favorita</td></tr><tr><td>Teléfono</td><td>+50640016415</td></tr><tr><td>Dirección</td><td>San Fco. de Dos Ríos San José San Jose 10106 </td></tr><tr><td>Tipo TRN</td><td>pickup</td></tr><tr><td>Tipo de pago</td><td>PYP</td></tr><tr><td>Número de referencia #</td><td>56</td></tr><tr><td>Fecha TRN</td><td>Ene 12,2017 12:15:17</td></tr><tr><td>Fecha del Pickup</td><td>2017-01-12</td></tr><tr><td>Hora para recoger</td><td>02:29 PM</td></tr><tr><td colspan=\"2\">&nbsp;</td></tr><tr><td>2 Sandwich de champiñones y mozzarella<p>15 cm</p><p>Ingredientes</p><p>- Cebolla<br/></p></td><td>4</td></tr><tr><td style=\"text-indent:10px;\">Ensalada de repollo</td><td>4</td></tr><tr><td colspan=\"2\">&nbsp;</td></tr><tr><td>Sub Total:</td><td>8</td></tr><tr><td>Impuesto Impuesto 13%</td><td>1</td></tr><tr><td>Total:</td><td>&#36;9</td></tr>		\r\n		</table>\r\n			\r\n	\r\n<br/><br/>\r\n<p><a href=\"https://www.fmarket.org/store/confirmorder/?id=56&token=eecaeaa4a133a406ce74c0c92ff4f7a0\">Clic aquí</a> para aceptar la orden<br/>\r\no simplemente visitá este link https://www.fmarket.org/store/confirmorder/?id=56&token=eecaeaa4a133a406ce74c0c92ff4f7a0\r\n</p>\r\n<br/>\r\n<p>¡Saludos!</p>','merchant',NULL,NULL,NULL,NULL,'pending'),(41,57,'test@gmail.com','no-reply@www.fmarket.org','Gracias por comprar en Food Market','<p>Estimado testqq tttaas,</p>\r\n<br/><br/>\r\n<p> Gracias por comprar en Food Market y apoyar al artesano local, esperamos disfrutés al máximo tu comida! Tu número de recibo es 57. Hemos incluido tu recibo de orden y detalles del envío abajo:\r\n</p> <br/>\r\n 		<div style=\"display: block;max-height: 70px;max-width: 200px;\">\r\n				</div>\r\n		<h3>Order Details</h3>		\r\n		<table border=\"0\">\r\n		<tr><td>Customer Name</td><td>testqq tttaas</td></tr><tr><td>Merchant Name</td><td>La Favorita</td></tr><tr><td>Telephone</td><td>+50640016415</td></tr><tr><td>Address</td><td>San Fco. de Dos Ríos San José San Jose 10106 </td></tr><tr><td>TRN Type</td><td>pickup</td></tr><tr><td>Payment Type</td><td>PYP</td></tr><tr><td>Reference #</td><td>57</td></tr><tr><td>TRN Date</td><td>Jan 12,2017 14:18:54</td></tr><tr><td>Pickup Date</td><td>2017-01-13</td></tr><tr><td>Pickup Time</td><td>11:58 AM</td></tr><tr><td colspan=\"2\">&nbsp;</td></tr><tr><td>4 Sandwich de champiñones y mozzarella<p>15 cm</p><p>Ingredients</p><p>- Tomate<br/></p></td><td>8</td></tr><tr><td style=\"text-indent:10px;\">Ensalada de repollo</td><td>1</td></tr><tr><td colspan=\"2\">&nbsp;</td></tr><tr><td>Subtotal:</td><td>9</td></tr><tr><td>Tax  13%</td><td>1</td></tr><tr><td>Total:</td><td>&#36;10</td></tr>		\r\n		</table>\r\n			\r\n	\r\n<br/><br/>\r\n<p>¡Buen provecho!</p>','client',NULL,NULL,NULL,NULL,'pending'),(42,57,'andres@buzz.cr','support@fmarket.org','Nueva orden de  testqq tttaas','<p>Saludos querido Artesano de la comida, </p>\r\n<br/>\r\n<p>¡Has vendido! Hay una nueva orden de pedido con el número de referencia 57 del cliente testqq tttaas</p>\r\n<br/>\r\n 		<div style=\"display: block;max-height: 70px;max-width: 200px;\">\r\n				</div>\r\n		<h3>Order Details</h3>		\r\n		<table border=\"0\">\r\n		<tr><td>Customer Name</td><td>testqq tttaas</td></tr><tr><td>Merchant Name</td><td>La Favorita</td></tr><tr><td>Telephone</td><td>+50640016415</td></tr><tr><td>Address</td><td>San Fco. de Dos Ríos San José San Jose 10106 </td></tr><tr><td>TRN Type</td><td>pickup</td></tr><tr><td>Payment Type</td><td>PYP</td></tr><tr><td>Reference #</td><td>57</td></tr><tr><td>TRN Date</td><td>Jan 12,2017 14:18:54</td></tr><tr><td>Pickup Date</td><td>2017-01-13</td></tr><tr><td>Pickup Time</td><td>11:58 AM</td></tr><tr><td colspan=\"2\">&nbsp;</td></tr><tr><td>4 Sandwich de champiñones y mozzarella<p>15 cm</p><p>Ingredients</p><p>- Tomate<br/></p></td><td>8</td></tr><tr><td style=\"text-indent:10px;\">Ensalada de repollo</td><td>1</td></tr><tr><td colspan=\"2\">&nbsp;</td></tr><tr><td>Subtotal:</td><td>9</td></tr><tr><td>Tax  13%</td><td>1</td></tr><tr><td>Total:</td><td>&#36;10</td></tr>		\r\n		</table>\r\n			\r\n	\r\n<br/><br/>\r\n<p><a href=\"https://www.fmarket.org/store/confirmorder/?id=57&token=eecaeaa4a133a406ce74c0c92ff4f7a0\">Clic aquí</a> para aceptar la orden<br/>\r\no simplemente visitá este link https://www.fmarket.org/store/confirmorder/?id=57&token=eecaeaa4a133a406ce74c0c92ff4f7a0\r\n</p>\r\n<br/>\r\n<p>¡Saludos!</p>','merchant',NULL,NULL,NULL,NULL,'pending'),(43,58,'test@gmail.com','no-reply@www.fmarket.org','Gracias por comprar en Food Market','<p>Estimado testqq tttaas,</p>\r\n<br/><br/>\r\n<p> Gracias por comprar en Food Market y apoyar al artesano local, esperamos disfrutés al máximo tu comida! Tu número de recibo es 58. Hemos incluido tu recibo de orden y detalles del envío abajo:\r\n</p> <br/>\r\n 		<div style=\"display: block;max-height: 70px;max-width: 200px;\">\r\n				</div>\r\n		<h3>Order Details</h3>		\r\n		<table border=\"0\">\r\n		<tr><td>Customer Name</td><td>testqq tttaas</td></tr><tr><td>Merchant Name</td><td>La Favorita</td></tr><tr><td>Telephone</td><td>+50640016415</td></tr><tr><td>Address</td><td>San Fco. de Dos Ríos San José San Jose 10106 </td></tr><tr><td>TRN Type</td><td>pickup</td></tr><tr><td>Payment Type</td><td>PYP</td></tr><tr><td>Reference #</td><td>58</td></tr><tr><td>TRN Date</td><td>Jan 12,2017 14:21:46</td></tr><tr><td>Pickup Date</td><td>2017-01-13</td></tr><tr><td>Pickup Time</td><td>11:58 AM</td></tr><tr><td colspan=\"2\">&nbsp;</td></tr><tr><td>4 Sandwich de champiñones y mozzarella<p>15 cm</p><p>Ingredients</p><p>- Tomate<br/></p></td><td>8</td></tr><tr><td style=\"text-indent:10px;\">Ensalada de repollo</td><td>1</td></tr><tr><td colspan=\"2\">&nbsp;</td></tr><tr><td>Subtotal:</td><td>9</td></tr><tr><td>Tax  13%</td><td>1</td></tr><tr><td>Total:</td><td>&#36;10</td></tr>		\r\n		</table>\r\n			\r\n	\r\n<br/><br/>\r\n<p>¡Buen provecho!</p>','client',NULL,NULL,NULL,NULL,'pending'),(44,58,'andres@buzz.cr','support@fmarket.org','Nueva orden de  testqq tttaas','<p>Saludos querido Artesano de la comida, </p>\r\n<br/>\r\n<p>¡Has vendido! Hay una nueva orden de pedido con el número de referencia 58 del cliente testqq tttaas</p>\r\n<br/>\r\n 		<div style=\"display: block;max-height: 70px;max-width: 200px;\">\r\n				</div>\r\n		<h3>Order Details</h3>		\r\n		<table border=\"0\">\r\n		<tr><td>Customer Name</td><td>testqq tttaas</td></tr><tr><td>Merchant Name</td><td>La Favorita</td></tr><tr><td>Telephone</td><td>+50640016415</td></tr><tr><td>Address</td><td>San Fco. de Dos Ríos San José San Jose 10106 </td></tr><tr><td>TRN Type</td><td>pickup</td></tr><tr><td>Payment Type</td><td>PYP</td></tr><tr><td>Reference #</td><td>58</td></tr><tr><td>TRN Date</td><td>Jan 12,2017 14:21:46</td></tr><tr><td>Pickup Date</td><td>2017-01-13</td></tr><tr><td>Pickup Time</td><td>11:58 AM</td></tr><tr><td colspan=\"2\">&nbsp;</td></tr><tr><td>4 Sandwich de champiñones y mozzarella<p>15 cm</p><p>Ingredients</p><p>- Tomate<br/></p></td><td>8</td></tr><tr><td style=\"text-indent:10px;\">Ensalada de repollo</td><td>1</td></tr><tr><td colspan=\"2\">&nbsp;</td></tr><tr><td>Subtotal:</td><td>9</td></tr><tr><td>Tax  13%</td><td>1</td></tr><tr><td>Total:</td><td>&#36;10</td></tr>		\r\n		</table>\r\n			\r\n	\r\n<br/><br/>\r\n<p><a href=\"https://www.fmarket.org/store/confirmorder/?id=58&token=eecaeaa4a133a406ce74c0c92ff4f7a0\">Clic aquí</a> para aceptar la orden<br/>\r\no simplemente visitá este link https://www.fmarket.org/store/confirmorder/?id=58&token=eecaeaa4a133a406ce74c0c92ff4f7a0\r\n</p>\r\n<br/>\r\n<p>¡Saludos!</p>','merchant',NULL,NULL,NULL,NULL,'pending'),(45,61,'andres@buzz.cr','no-reply@www.fmarket.org','Gracias por comprar en Food Market','<p>Estimado Andrés Martén Guevara,</p>\r\n<br/><br/>\r\n<p> Gracias por comprar en Food Market y apoyar al artesano local, esperamos disfrutés al máximo tu comida! Tu número de recibo es 61. Hemos incluido tu recibo de orden y detalles del envío abajo:\r\n</p> <br/>\r\n 		<div style=\"display: block;max-height: 70px;max-width: 200px;\">\r\n				</div>\r\n		<h3>Order Details</h3>		\r\n		<table border=\"0\">\r\n		<tr><td>Customer Name</td><td>Andrés Martén Guevara</td></tr><tr><td>Merchant Name</td><td>La Favorita</td></tr><tr><td>Telephone</td><td>+50640016415</td></tr><tr><td>Address</td><td>San Fco. de Dos Ríos San José San Jose 10106 </td></tr><tr><td>TRN Type</td><td>delivery</td></tr><tr><td>Payment Type</td><td>PYP</td></tr><tr><td>Reference #</td><td>61</td></tr><tr><td>TRN Date</td><td>Jan 13,2017 11:17:22</td></tr><tr><td>Delivery Date</td><td>2017-01-13</td></tr><tr><td>Deliver to</td><td>C113  Tirrases Provincia de San José 10106 </td></tr><tr><td>Delivery Instruction</td><td></td></tr><tr><td>Location Name</td><td>Casa</td></tr><tr><td>Contact Number</td><td>+50688931526</td></tr><tr><td colspan=\"2\">&nbsp;</td></tr><tr><td>1 Sandwich de champiñones y mozzarella<p>15 cm</p><p>Ingredients</p><p>- Cebolla<br/></p></td><td>2</td></tr><tr><td style=\"text-indent:10px;\">Papas fritas</td><td>1</td></tr><tr><td colspan=\"2\">&nbsp;</td></tr><tr><td>Subtotal:</td><td>3</td></tr><tr><td>Delivery Fee:</td><td>2</td></tr><tr><td>Tax  13%</td><td>1</td></tr><tr><td>Total:</td><td>&#36;6</td></tr>		\r\n		</table>\r\n			\r\n	\r\n<br/><br/>\r\n<p>¡Buen provecho!</p>','client',NULL,NULL,NULL,NULL,'sent'),(46,61,'andres@buzz.cr','support@fmarket.org','Nueva orden de  Andrés Martén Guevara','<p>Saludos querido Artesano de la comida, </p>\r\n<br/>\r\n<p>¡Has vendido! Hay una nueva orden de pedido con el número de referencia 61 del cliente Andrés Martén Guevara</p>\r\n<br/>\r\n 		<div style=\"display: block;max-height: 70px;max-width: 200px;\">\r\n				</div>\r\n		<h3>Order Details</h3>		\r\n		<table border=\"0\">\r\n		<tr><td>Customer Name</td><td>Andrés Martén Guevara</td></tr><tr><td>Merchant Name</td><td>La Favorita</td></tr><tr><td>Telephone</td><td>+50640016415</td></tr><tr><td>Address</td><td>San Fco. de Dos Ríos San José San Jose 10106 </td></tr><tr><td>TRN Type</td><td>delivery</td></tr><tr><td>Payment Type</td><td>PYP</td></tr><tr><td>Reference #</td><td>61</td></tr><tr><td>TRN Date</td><td>Jan 13,2017 11:17:22</td></tr><tr><td>Delivery Date</td><td>2017-01-13</td></tr><tr><td>Deliver to</td><td>C113  Tirrases Provincia de San José 10106 </td></tr><tr><td>Delivery Instruction</td><td></td></tr><tr><td>Location Name</td><td>Casa</td></tr><tr><td>Contact Number</td><td>+50688931526</td></tr><tr><td colspan=\"2\">&nbsp;</td></tr><tr><td>1 Sandwich de champiñones y mozzarella<p>15 cm</p><p>Ingredients</p><p>- Cebolla<br/></p></td><td>2</td></tr><tr><td style=\"text-indent:10px;\">Papas fritas</td><td>1</td></tr><tr><td colspan=\"2\">&nbsp;</td></tr><tr><td>Subtotal:</td><td>3</td></tr><tr><td>Delivery Fee:</td><td>2</td></tr><tr><td>Tax  13%</td><td>1</td></tr><tr><td>Total:</td><td>&#36;6</td></tr>		\r\n		</table>\r\n			\r\n	\r\n<br/><br/>\r\n<p><a href=\"https://www.fmarket.org/store/confirmorder/?id=61&token=eecaeaa4a133a406ce74c0c92ff4f7a0\">Clic aquí</a> para aceptar la orden<br/>\r\no simplemente visitá este link https://www.fmarket.org/store/confirmorder/?id=61&token=eecaeaa4a133a406ce74c0c92ff4f7a0\r\n</p>\r\n<br/>\r\n<p>¡Saludos!</p>','merchant',NULL,NULL,NULL,NULL,'sent'),(47,62,'test@gmail.com','no-reply@www.fmarket.org','Gracias por comprar en Food Market','<p>Estimado testqq tttaas,</p>\r\n<br/><br/>\r\n<p> Gracias por comprar en Food Market y apoyar al artesano local, esperamos disfrutés al máximo tu comida! Tu número de recibo es 62. Hemos incluido tu recibo de orden y detalles del envío abajo:\r\n</p> <br/>\r\n 		<div style=\"display: block;max-height: 70px;max-width: 200px;\">\r\n				</div>\r\n		<h3>Detalles del pedido</h3>		\r\n		<table border=\"0\">\r\n		<tr><td>Nombre del cliente</td><td>testqq tttaas</td></tr><tr><td>Comercio</td><td>Gusto Artesanal</td></tr><tr><td>Teléfono</td><td>+50688931526</td></tr><tr><td>Dirección</td><td>Costa Rica Heredia San José 10106 </td></tr><tr><td>Tipo TRN</td><td>delivery</td></tr><tr><td>Tipo de pago</td><td>PYP</td></tr><tr><td>Número de referencia #</td><td>62</td></tr><tr><td>Fecha TRN</td><td>Ene 14,2017 15:51:47</td></tr><tr><td>Fecha del envío express</td><td>2017-01-14</td></tr><tr><td>Entregar a</td><td> San José San José Province  </td></tr><tr><td>Instrucciones para la express</td><td></td></tr><tr><td>Nombre de la Ubicación</td><td>adasd</td></tr><tr><td>Número del contacto</td><td>+50612345666</td></tr><tr><td colspan=\"2\">&nbsp;</td></tr><tr><td>2 Jalea de manzana<p>Grande</p></td><td>12</td></tr><tr><td colspan=\"2\">&nbsp;</td></tr><tr><td>Sub Total:</td><td>12</td></tr><tr><td>Costo del Express:</td><td>2</td></tr><tr><td>Impuesto Impuesto 13%</td><td>2</td></tr><tr><td>Total:</td><td>&#36;16</td></tr>		\r\n		</table>\r\n			\r\n	\r\n<br/><br/>\r\n<p>¡Buen provecho!</p>','client',NULL,NULL,NULL,NULL,'pending'),(48,63,'test@gmail.com','no-reply@www.fmarket.org','Gracias por comprar en Food Market','<p>Estimado testqq tttaas,</p>\r\n<br/><br/>\r\n<p> Gracias por comprar en Food Market y apoyar al artesano local, esperamos disfrutés al máximo tu comida! Tu número de recibo es 63. Hemos incluido tu recibo de orden y detalles del envío abajo:\r\n</p> <br/>\r\n 		<div style=\"display: block;max-height: 70px;max-width: 200px;\">\r\n				</div>\r\n		<h3>Order Details</h3>		\r\n		<table border=\"0\">\r\n		<tr><td>Customer Name</td><td>testqq tttaas</td></tr><tr><td>Merchant Name</td><td>La Favorita</td></tr><tr><td>Telephone</td><td>+50640016415</td></tr><tr><td>Address</td><td>San Fco. de Dos Ríos San José San Jose 10106 </td></tr><tr><td>TRN Type</td><td>delivery</td></tr><tr><td>Payment Type</td><td>PYP</td></tr><tr><td>Reference #</td><td>63</td></tr><tr><td>TRN Date</td><td>Jan 15,2017 13:11:05</td></tr><tr><td>Delivery Date</td><td>2017-01-16</td></tr><tr><td>Delivery Time</td><td>05:16 PM</td></tr><tr><td>Deliver to</td><td>San José  Provincia de San José  Costa Rica San jose </td></tr><tr><td>Delivery Instruction</td><td></td></tr><tr><td>Location Name</td><td>adasd</td></tr><tr><td>Contact Number</td><td>+50612345666</td></tr><tr><td colspan=\"2\">&nbsp;</td></tr><tr><td>2 Sandwich de champiñones y mozzarella<p>15 cm</p><p>Ingredients</p><p>- Tomate<br/></p></td><td>4</td></tr><tr><td style=\"text-indent:10px;\">Ensalada de repollo</td><td>1</td></tr><tr><td colspan=\"2\">&nbsp;</td></tr><tr><td>Subtotal:</td><td>5</td></tr><tr><td>Delivery Fee:</td><td>2</td></tr><tr><td>Tax  13%</td><td>1</td></tr><tr><td>Total:</td><td>&#36;8</td></tr>		\r\n		</table>\r\n			\r\n	\r\n<br/><br/>\r\n<p>¡Buen provecho!</p>','client',NULL,NULL,NULL,NULL,'pending'),(49,63,'andres@buzz.cr','support@fmarket.org','Nueva orden de  testqq tttaas','<p>Saludos querido Artesano de la comida, </p>\r\n<br/>\r\n<p>¡Has vendido! Hay una nueva orden de pedido con el número de referencia 63 del cliente testqq tttaas</p>\r\n<br/>\r\n 		<div style=\"display: block;max-height: 70px;max-width: 200px;\">\r\n				</div>\r\n		<h3>Order Details</h3>		\r\n		<table border=\"0\">\r\n		<tr><td>Customer Name</td><td>testqq tttaas</td></tr><tr><td>Merchant Name</td><td>La Favorita</td></tr><tr><td>Telephone</td><td>+50640016415</td></tr><tr><td>Address</td><td>San Fco. de Dos Ríos San José San Jose 10106 </td></tr><tr><td>TRN Type</td><td>delivery</td></tr><tr><td>Payment Type</td><td>PYP</td></tr><tr><td>Reference #</td><td>63</td></tr><tr><td>TRN Date</td><td>Jan 15,2017 13:11:05</td></tr><tr><td>Delivery Date</td><td>2017-01-16</td></tr><tr><td>Delivery Time</td><td>05:16 PM</td></tr><tr><td>Deliver to</td><td>San José  Provincia de San José  Costa Rica San jose </td></tr><tr><td>Delivery Instruction</td><td></td></tr><tr><td>Location Name</td><td>adasd</td></tr><tr><td>Contact Number</td><td>+50612345666</td></tr><tr><td colspan=\"2\">&nbsp;</td></tr><tr><td>2 Sandwich de champiñones y mozzarella<p>15 cm</p><p>Ingredients</p><p>- Tomate<br/></p></td><td>4</td></tr><tr><td style=\"text-indent:10px;\">Ensalada de repollo</td><td>1</td></tr><tr><td colspan=\"2\">&nbsp;</td></tr><tr><td>Subtotal:</td><td>5</td></tr><tr><td>Delivery Fee:</td><td>2</td></tr><tr><td>Tax  13%</td><td>1</td></tr><tr><td>Total:</td><td>&#36;8</td></tr>		\r\n		</table>\r\n			\r\n	\r\n<br/><br/>\r\n<p><a href=\"https://www.fmarket.org/store/confirmorder/?id=63&token=eecaeaa4a133a406ce74c0c92ff4f7a0\">Clic aquí</a> para aceptar la orden<br/>\r\no simplemente visitá este link https://www.fmarket.org/store/confirmorder/?id=63&token=eecaeaa4a133a406ce74c0c92ff4f7a0\r\n</p>\r\n<br/>\r\n<p>¡Saludos!</p>','merchant',NULL,NULL,NULL,NULL,'pending'),(50,64,'ojming@ice.co.cr','no-reply@www.fmarket.org','Gracias por comprar en Food Market','<p>Estimado Oscar Mendez Soto,</p>\r\n<br/><br/>\r\n<p> Gracias por comprar en Food Market y apoyar al artesano local, esperamos disfrutés al máximo tu comida! Tu número de recibo es 64. Hemos incluido tu recibo de orden y detalles del envío abajo:\r\n</p> <br/>\r\n 		<div style=\"display: block;max-height: 70px;max-width: 200px;\">\r\n				</div>\r\n		<h3>Detalles del pedido</h3>		\r\n		<table border=\"0\">\r\n		<tr><td>Nombre del cliente</td><td>Oscar Mendez Soto</td></tr><tr><td>Comercio</td><td>Gusto Artesanal</td></tr><tr><td>Teléfono</td><td>+50688931526</td></tr><tr><td>Dirección</td><td>Costa Rica Heredia San José 10106 </td></tr><tr><td>Tipo TRN</td><td>pickup</td></tr><tr><td>Tipo de pago</td><td>PYP</td></tr><tr><td>Número de referencia #</td><td>64</td></tr><tr><td>Fecha TRN</td><td>Ene 15,2017 13:15:00</td></tr><tr><td>Fecha del Pickup</td><td>2017-01-15</td></tr><tr><td>Hora para recoger</td><td>01:15 PM</td></tr><tr><td colspan=\"2\">&nbsp;</td></tr><tr><td>1 Jalea de mora<p>Regular</p></td><td>5</td></tr><tr><td colspan=\"2\">&nbsp;</td></tr><tr><td>Sub Total:</td><td>5</td></tr><tr><td>Impuesto Impuesto 13%</td><td>1</td></tr><tr><td>Total:</td><td>&#36;6</td></tr>		\r\n		</table>\r\n			\r\n	\r\n<br/><br/>\r\n<p>¡Buen provecho!</p>','client',NULL,NULL,NULL,NULL,'sent'),(51,65,'test@gmail.com','no-reply@www.fmarket.org','Gracias por comprar en Food Market','<p>Estimado testqq tttaas,</p>\r\n<br/><br/>\r\n<p> Gracias por comprar en Food Market y apoyar al artesano local, esperamos disfrutés al máximo tu comida! Tu número de recibo es 65. Hemos incluido tu recibo de orden y detalles del envío abajo:\r\n</p> <br/>\r\n 		<div style=\"display: block;max-height: 70px;max-width: 200px;\">\r\n				</div>\r\n		<h3>Order Details</h3>		\r\n		<table border=\"0\">\r\n		<tr><td>Customer Name</td><td>testqq tttaas</td></tr><tr><td>Merchant Name</td><td>La Favorita</td></tr><tr><td>Telephone</td><td>+50640016415</td></tr><tr><td>Address</td><td>San Fco. de Dos Ríos San José San Jose 10106 </td></tr><tr><td>TRN Type</td><td>delivery</td></tr><tr><td>Payment Type</td><td>PYP</td></tr><tr><td>Reference #</td><td>65</td></tr><tr><td>TRN Date</td><td>Jan 17,2017 11:26:11</td></tr><tr><td>Delivery Date</td><td>2017-01-17</td></tr><tr><td>Deliver to</td><td>Calle 2 San Ramón Provincia de Alajuela  </td></tr><tr><td>Delivery Instruction</td><td></td></tr><tr><td>Location Name</td><td>adasd</td></tr><tr><td>Contact Number</td><td>+50612345666</td></tr><tr><td colspan=\"2\">&nbsp;</td></tr><tr><td>3 Sandwich Club<p>15 cm</p></td><td>9</td></tr><tr><td style=\"text-indent:10px;\">Ensalada de repollo</td><td>1</td></tr><tr><td colspan=\"2\">&nbsp;</td></tr><tr><td>Subtotal:</td><td>10</td></tr><tr><td>Delivery Fee:</td><td>10</td></tr><tr><td>Tax  13%</td><td>3</td></tr><tr><td>Total:</td><td>&#36;23</td></tr>		\r\n		</table>\r\n			\r\n	\r\n<br/><br/>\r\n<p>¡Buen provecho!</p>','client',NULL,NULL,NULL,NULL,'pending'),(52,65,'andres@buzz.cr','support@fmarket.org','Nueva orden de  testqq tttaas','<p>Saludos querido Artesano de la comida, </p>\r\n<br/>\r\n<p>¡Has vendido! Hay una nueva orden de pedido con el número de referencia 65 del cliente testqq tttaas</p>\r\n<br/>\r\n 		<div style=\"display: block;max-height: 70px;max-width: 200px;\">\r\n				</div>\r\n		<h3>Order Details</h3>		\r\n		<table border=\"0\">\r\n		<tr><td>Customer Name</td><td>testqq tttaas</td></tr><tr><td>Merchant Name</td><td>La Favorita</td></tr><tr><td>Telephone</td><td>+50640016415</td></tr><tr><td>Address</td><td>San Fco. de Dos Ríos San José San Jose 10106 </td></tr><tr><td>TRN Type</td><td>delivery</td></tr><tr><td>Payment Type</td><td>PYP</td></tr><tr><td>Reference #</td><td>65</td></tr><tr><td>TRN Date</td><td>Jan 17,2017 11:26:11</td></tr><tr><td>Delivery Date</td><td>2017-01-17</td></tr><tr><td>Deliver to</td><td>Calle 2 San Ramón Provincia de Alajuela  </td></tr><tr><td>Delivery Instruction</td><td></td></tr><tr><td>Location Name</td><td>adasd</td></tr><tr><td>Contact Number</td><td>+50612345666</td></tr><tr><td colspan=\"2\">&nbsp;</td></tr><tr><td>3 Sandwich Club<p>15 cm</p></td><td>9</td></tr><tr><td style=\"text-indent:10px;\">Ensalada de repollo</td><td>1</td></tr><tr><td colspan=\"2\">&nbsp;</td></tr><tr><td>Subtotal:</td><td>10</td></tr><tr><td>Delivery Fee:</td><td>10</td></tr><tr><td>Tax  13%</td><td>3</td></tr><tr><td>Total:</td><td>&#36;23</td></tr>		\r\n		</table>\r\n			\r\n	\r\n<br/><br/>\r\n<p><a href=\"https://www.fmarket.org/store/confirmorder/?id=65&token=eecaeaa4a133a406ce74c0c92ff4f7a0\">Clic aquí</a> para aceptar la orden<br/>\r\no simplemente visitá este link https://www.fmarket.org/store/confirmorder/?id=65&token=eecaeaa4a133a406ce74c0c92ff4f7a0\r\n</p>\r\n<br/>\r\n<p>¡Saludos!</p>','merchant',NULL,NULL,NULL,NULL,'pending'),(53,66,'test@gmail.com','no-reply@www.fmarket.org','Gracias por comprar en Food Market','<p>Estimado testqq tttaas,</p>\r\n<br/><br/>\r\n<p> Gracias por comprar en Food Market y apoyar al artesano local, esperamos disfrutés al máximo tu comida! Tu número de recibo es 66. Hemos incluido tu recibo de orden y detalles del envío abajo:\r\n</p> <br/>\r\n 		<div style=\"display: block;max-height: 70px;max-width: 200px;\">\r\n				</div>\r\n		<h3>Order Details</h3>		\r\n		<table border=\"0\">\r\n		<tr><td>Customer Name</td><td>testqq tttaas</td></tr><tr><td>Merchant Name</td><td>La Favorita</td></tr><tr><td>Telephone</td><td>+50640016415</td></tr><tr><td>Address</td><td>San Fco. de Dos Ríos San José San Jose 10106 </td></tr><tr><td>TRN Type</td><td>delivery</td></tr><tr><td>Payment Type</td><td>PYP</td></tr><tr><td>Reference #</td><td>66</td></tr><tr><td>TRN Date</td><td>Jan 17,2017 11:27:43</td></tr><tr><td>Delivery Date</td><td>2017-01-17</td></tr><tr><td>Deliver to</td><td>Calle 2 San Ramón Provincia de Alajuela  </td></tr><tr><td>Delivery Instruction</td><td></td></tr><tr><td>Location Name</td><td>adasd</td></tr><tr><td>Contact Number</td><td>+50612345666</td></tr><tr><td colspan=\"2\">&nbsp;</td></tr><tr><td>3 Sandwich Club<p>15 cm</p></td><td>9</td></tr><tr><td style=\"text-indent:10px;\">Ensalada de repollo</td><td>1</td></tr><tr><td colspan=\"2\">&nbsp;</td></tr><tr><td>Subtotal:</td><td>10</td></tr><tr><td>Delivery Fee:</td><td>10</td></tr><tr><td>Tax  13%</td><td>3</td></tr><tr><td>Total:</td><td>&#36;23</td></tr>		\r\n		</table>\r\n			\r\n	\r\n<br/><br/>\r\n<p>¡Buen provecho!</p>','client',NULL,NULL,NULL,NULL,'pending'),(54,66,'andres@buzz.cr','support@fmarket.org','Nueva orden de  testqq tttaas','<p>Saludos querido Artesano de la comida, </p>\r\n<br/>\r\n<p>¡Has vendido! Hay una nueva orden de pedido con el número de referencia 66 del cliente testqq tttaas</p>\r\n<br/>\r\n 		<div style=\"display: block;max-height: 70px;max-width: 200px;\">\r\n				</div>\r\n		<h3>Order Details</h3>		\r\n		<table border=\"0\">\r\n		<tr><td>Customer Name</td><td>testqq tttaas</td></tr><tr><td>Merchant Name</td><td>La Favorita</td></tr><tr><td>Telephone</td><td>+50640016415</td></tr><tr><td>Address</td><td>San Fco. de Dos Ríos San José San Jose 10106 </td></tr><tr><td>TRN Type</td><td>delivery</td></tr><tr><td>Payment Type</td><td>PYP</td></tr><tr><td>Reference #</td><td>66</td></tr><tr><td>TRN Date</td><td>Jan 17,2017 11:27:43</td></tr><tr><td>Delivery Date</td><td>2017-01-17</td></tr><tr><td>Deliver to</td><td>Calle 2 San Ramón Provincia de Alajuela  </td></tr><tr><td>Delivery Instruction</td><td></td></tr><tr><td>Location Name</td><td>adasd</td></tr><tr><td>Contact Number</td><td>+50612345666</td></tr><tr><td colspan=\"2\">&nbsp;</td></tr><tr><td>3 Sandwich Club<p>15 cm</p></td><td>9</td></tr><tr><td style=\"text-indent:10px;\">Ensalada de repollo</td><td>1</td></tr><tr><td colspan=\"2\">&nbsp;</td></tr><tr><td>Subtotal:</td><td>10</td></tr><tr><td>Delivery Fee:</td><td>10</td></tr><tr><td>Tax  13%</td><td>3</td></tr><tr><td>Total:</td><td>&#36;23</td></tr>		\r\n		</table>\r\n			\r\n	\r\n<br/><br/>\r\n<p><a href=\"https://www.fmarket.org/store/confirmorder/?id=66&token=eecaeaa4a133a406ce74c0c92ff4f7a0\">Clic aquí</a> para aceptar la orden<br/>\r\no simplemente visitá este link https://www.fmarket.org/store/confirmorder/?id=66&token=eecaeaa4a133a406ce74c0c92ff4f7a0\r\n</p>\r\n<br/>\r\n<p>¡Saludos!</p>','merchant',NULL,NULL,NULL,NULL,'pending'),(55,67,'andres@buzz.cr','no-reply@www.fmarket.org','Gracias por comprar en Food Market','<p>Estimado Andrés Martén Guevara,</p>\r\n<br/><br/>\r\n<p> Gracias por comprar en Food Market y apoyar al artesano local, esperamos disfrutés al máximo tu comida! Tu número de recibo es 67. Hemos incluido tu recibo de orden y detalles del envío abajo:\r\n</p> <br/>\r\n 		<div style=\"display: block;max-height: 70px;max-width: 200px;\">\r\n				</div>\r\n		<h3>Detalles del pedido</h3>		\r\n		<table border=\"0\">\r\n		<tr><td>Nombre del cliente</td><td>Andrés Martén Guevara</td></tr><tr><td>Comercio</td><td>Gusto Artesanal</td></tr><tr><td>Teléfono</td><td>+50688931526</td></tr><tr><td>Dirección</td><td>Costa Rica Heredia San José 10106 </td></tr><tr><td>Tipo TRN</td><td>delivery</td></tr><tr><td>Tipo de pago</td><td>PYP</td></tr><tr><td>Número de referencia #</td><td>67</td></tr><tr><td>Fecha TRN</td><td>Ene 17,2017 20:28:34</td></tr><tr><td>Fecha del envío express</td><td>2017-01-17</td></tr><tr><td>Entregar a</td><td> C113 Tirrases Provincia de San José  </td></tr><tr><td>Instrucciones para la express</td><td></td></tr><tr><td>Nombre de la Ubicación</td><td>Casa</td></tr><tr><td>Número del contacto</td><td>+50688931526</td></tr><tr><td colspan=\"2\">&nbsp;</td></tr><tr><td>1 Jalea de mora<p>Regular</p></td><td>5</td></tr><tr><td colspan=\"2\">&nbsp;</td></tr><tr><td>Sub Total:</td><td>5</td></tr><tr><td>Costo del Express:</td><td>2</td></tr><tr><td>Impuesto Impuesto 13%</td><td>1</td></tr><tr><td>Total:</td><td>&#36;8</td></tr>		\r\n		</table>\r\n			\r\n	\r\n<br/><br/>\r\n<p>¡Buen provecho!</p>','client',NULL,NULL,NULL,NULL,'pending'),(56,68,'andres@buzz.cr','no-reply@www.fmarket.org','Gracias por comprar en Food Market','<p>Estimado Andrés Martén Guevara,</p>\r\n<br/><br/>\r\n<p> Gracias por comprar en Food Market y apoyar al artesano local, esperamos disfrutés al máximo tu comida! Tu número de recibo es 68. Hemos incluido tu recibo de orden y detalles del envío abajo:\r\n</p> <br/>\r\n 		<div style=\"display: block;max-height: 70px;max-width: 200px;\">\r\n				</div>\r\n		<h3>Detalles del pedido</h3>		\r\n		<table border=\"0\">\r\n		<tr><td>Nombre del cliente</td><td>Andrés Martén Guevara</td></tr><tr><td>Comercio</td><td>Gusto Artesanal</td></tr><tr><td>Teléfono</td><td>+50688931526</td></tr><tr><td>Dirección</td><td>Costa Rica Heredia San José 10106 </td></tr><tr><td>Tipo TRN</td><td>delivery</td></tr><tr><td>Tipo de pago</td><td>PYP</td></tr><tr><td>Número de referencia #</td><td>68</td></tr><tr><td>Fecha TRN</td><td>Ene 17,2017 20:29:25</td></tr><tr><td>Fecha del envío express</td><td>2017-01-17</td></tr><tr><td>Entregar a</td><td> C113 Tirrases Provincia de San José  </td></tr><tr><td>Instrucciones para la express</td><td></td></tr><tr><td>Nombre de la Ubicación</td><td>Casa</td></tr><tr><td>Número del contacto</td><td>+50688931526</td></tr><tr><td colspan=\"2\">&nbsp;</td></tr><tr><td>1 Jalea de mora<p>Regular</p></td><td>5</td></tr><tr><td colspan=\"2\">&nbsp;</td></tr><tr><td>Sub Total:</td><td>5</td></tr><tr><td>Costo del Express:</td><td>2</td></tr><tr><td>Impuesto Impuesto 13%</td><td>1</td></tr><tr><td>Total:</td><td>&#36;8</td></tr>		\r\n		</table>\r\n			\r\n	\r\n<br/><br/>\r\n<p>¡Buen provecho!</p>','client',NULL,NULL,NULL,NULL,'pending'),(57,69,'andres@buzz.cr','no-reply@www.fmarket.org','Gracias por comprar en Food Market','<p>Estimado Andrés Martén Guevara,</p>\r\n<br/><br/>\r\n<p> Gracias por comprar en Food Market y apoyar al artesano local, esperamos disfrutés al máximo tu comida! Tu número de recibo es 69. Hemos incluido tu recibo de orden y detalles del envío abajo:\r\n</p> <br/>\r\n 		<div style=\"display: block;max-height: 70px;max-width: 200px;\">\r\n				</div>\r\n		<h3>Detalles del pedido</h3>		\r\n		<table border=\"0\">\r\n		<tr><td>Nombre del cliente</td><td>Andrés Martén Guevara</td></tr><tr><td>Comercio</td><td>La Favorita</td></tr><tr><td>Teléfono</td><td>+50640016415</td></tr><tr><td>Dirección</td><td>San Fco. de Dos Ríos San José San Jose 10106 </td></tr><tr><td>Tipo TRN</td><td>delivery</td></tr><tr><td>Tipo de pago</td><td>PYP</td></tr><tr><td>Número de referencia #</td><td>69</td></tr><tr><td>Fecha TRN</td><td>Ene 17,2017 20:31:06</td></tr><tr><td>Fecha del envío express</td><td>2017-01-17</td></tr><tr><td>Entregar a</td><td> C113 Tirrases Provincia de San José  </td></tr><tr><td>Instrucciones para la express</td><td></td></tr><tr><td>Nombre de la Ubicación</td><td>Casa</td></tr><tr><td>Número del contacto</td><td>+50688931526</td></tr><tr><td colspan=\"2\">&nbsp;</td></tr><tr><td>1 Sandwich de champiñones y mozzarella<p>15 cm</p><p>Ingredientes</p><p>- Lechuga<br/></p></td><td>2</td></tr><tr><td style=\"text-indent:10px;\">Papas fritas</td><td>1</td></tr><tr><td colspan=\"2\">&nbsp;</td></tr><tr><td>Sub Total:</td><td>3</td></tr><tr><td>Costo del Express:</td><td>2</td></tr><tr><td>Impuesto Impuesto 13%</td><td>1</td></tr><tr><td>Total:</td><td>&#36;6</td></tr>		\r\n		</table>\r\n			\r\n	\r\n<br/><br/>\r\n<p>¡Buen provecho!</p>','client',NULL,NULL,NULL,NULL,'sent'),(58,69,'andres@buzz.cr','support@fmarket.org','Nueva orden de  Andrés Martén Guevara','<p>Saludos querido Artesano de la comida, </p>\r\n<br/>\r\n<p>¡Has vendido! Hay una nueva orden de pedido con el número de referencia 69 del cliente Andrés Martén Guevara</p>\r\n<br/>\r\n 		<div style=\"display: block;max-height: 70px;max-width: 200px;\">\r\n				</div>\r\n		<h3>Detalles del pedido</h3>		\r\n		<table border=\"0\">\r\n		<tr><td>Nombre del cliente</td><td>Andrés Martén Guevara</td></tr><tr><td>Comercio</td><td>La Favorita</td></tr><tr><td>Teléfono</td><td>+50640016415</td></tr><tr><td>Dirección</td><td>San Fco. de Dos Ríos San José San Jose 10106 </td></tr><tr><td>Tipo TRN</td><td>delivery</td></tr><tr><td>Tipo de pago</td><td>PYP</td></tr><tr><td>Número de referencia #</td><td>69</td></tr><tr><td>Fecha TRN</td><td>Ene 17,2017 20:31:06</td></tr><tr><td>Fecha del envío express</td><td>2017-01-17</td></tr><tr><td>Entregar a</td><td> C113 Tirrases Provincia de San José  </td></tr><tr><td>Instrucciones para la express</td><td></td></tr><tr><td>Nombre de la Ubicación</td><td>Casa</td></tr><tr><td>Número del contacto</td><td>+50688931526</td></tr><tr><td colspan=\"2\">&nbsp;</td></tr><tr><td>1 Sandwich de champiñones y mozzarella<p>15 cm</p><p>Ingredientes</p><p>- Lechuga<br/></p></td><td>2</td></tr><tr><td style=\"text-indent:10px;\">Papas fritas</td><td>1</td></tr><tr><td colspan=\"2\">&nbsp;</td></tr><tr><td>Sub Total:</td><td>3</td></tr><tr><td>Costo del Express:</td><td>2</td></tr><tr><td>Impuesto Impuesto 13%</td><td>1</td></tr><tr><td>Total:</td><td>&#36;6</td></tr>		\r\n		</table>\r\n			\r\n	\r\n<br/><br/>\r\n<p><a href=\"https://www.fmarket.org/store/confirmorder/?id=69&token=eecaeaa4a133a406ce74c0c92ff4f7a0\">Clic aquí</a> para aceptar la orden<br/>\r\no simplemente visitá este link https://www.fmarket.org/store/confirmorder/?id=69&token=eecaeaa4a133a406ce74c0c92ff4f7a0\r\n</p>\r\n<br/>\r\n<p>¡Saludos!</p>','merchant',NULL,NULL,NULL,NULL,'sent'),(59,71,'andres@buzz.cr','andres@buzz.cr','¡Muchas gracias por comprar!','<p>Estimado amigo Andrés Martén Guevara,</p><br><p> Gracias por comprar en Food Market y apoyar al artesano local, esperamos disfrutés al máximo tu comida! Tu número de recibo es 71. Hemos incluido tu recibo de orden y detalles del envío abajo:</p> <br> 		<div style=\"display: block;max-height: 70px;max-width: 200px;\">\r\n				</div>\r\n		<h3>Detalles del pedido</h3>		\r\n		<table border=\"0\">\r\n		<tr><td>Nombre del cliente</td><td>Andrés Martén Guevara</td></tr><tr><td>Comercio</td><td>La Favorita</td></tr><tr><td>Teléfono</td><td>+50640016415</td></tr><tr><td>Dirección</td><td>San Fco. de Dos Ríos San José San Jose 10106 </td></tr><tr><td>Tipo TRN</td><td>delivery</td></tr><tr><td>Tipo de pago</td><td>PYP</td></tr><tr><td>Número de referencia #</td><td>71</td></tr><tr><td>Fecha TRN</td><td>Ene 18,2017 20:12:24</td></tr><tr><td>Fecha del envío express</td><td>2017-01-18</td></tr><tr><td>Entregar a</td><td> C113 Tirrases Provincia de San José  </td></tr><tr><td>Instrucciones para la express</td><td></td></tr><tr><td>Nombre de la Ubicación</td><td>Casa</td></tr><tr><td>Número del contacto</td><td>+50688931526</td></tr><tr><td colspan=\"2\">&nbsp;</td></tr><tr><td>1 Sandwich de champiñones y mozzarella<p>15 cm</p><p>Ingredientes</p><p>- Queso gouda<br/>- Cebolla<br/>- Tomate<br/>- Lechuga<br/></p></td><td>2</td></tr><tr><td style=\"text-indent:10px;\">Ensalada de repollo</td><td>1</td></tr><tr><td colspan=\"2\">&nbsp;</td></tr><tr><td>Sub Total:</td><td>3</td></tr><tr><td>Costo del Express:</td><td>2</td></tr><tr><td>Impuesto Impuesto 13%</td><td>1</td></tr><tr><td>Total:</td><td>&#36;6</td></tr>		\r\n		</table>\r\n		<br><br><p>¡Buen provecho!</p>','client',NULL,NULL,NULL,NULL,'pending'),(60,71,'andres@buzz.cr','support@fmarket.org','Venta nueva','<p>Saludos querido Artesano de la comida, </p>\r\n<br/>\r\n<p>¡Has vendido! Hay una nueva orden de pedido con el número de referencia 71 del cliente Andrés Martén Guevara</p>\r\n<br/>\r\n 		<div style=\"display: block;max-height: 70px;max-width: 200px;\">\r\n				</div>\r\n		<h3>Detalles del pedido</h3>		\r\n		<table border=\"0\">\r\n		<tr><td>Nombre del cliente</td><td>Andrés Martén Guevara</td></tr><tr><td>Comercio</td><td>La Favorita</td></tr><tr><td>Teléfono</td><td>+50640016415</td></tr><tr><td>Dirección</td><td>San Fco. de Dos Ríos San José San Jose 10106 </td></tr><tr><td>Tipo TRN</td><td>delivery</td></tr><tr><td>Tipo de pago</td><td>PYP</td></tr><tr><td>Número de referencia #</td><td>71</td></tr><tr><td>Fecha TRN</td><td>Ene 18,2017 20:12:24</td></tr><tr><td>Fecha del envío express</td><td>2017-01-18</td></tr><tr><td>Entregar a</td><td> C113 Tirrases Provincia de San José  </td></tr><tr><td>Instrucciones para la express</td><td></td></tr><tr><td>Nombre de la Ubicación</td><td>Casa</td></tr><tr><td>Número del contacto</td><td>+50688931526</td></tr><tr><td colspan=\"2\">&nbsp;</td></tr><tr><td>1 Sandwich de champiñones y mozzarella<p>15 cm</p><p>Ingredientes</p><p>- Queso gouda<br/>- Cebolla<br/>- Tomate<br/>- Lechuga<br/></p></td><td>2</td></tr><tr><td style=\"text-indent:10px;\">Ensalada de repollo</td><td>1</td></tr><tr><td colspan=\"2\">&nbsp;</td></tr><tr><td>Sub Total:</td><td>3</td></tr><tr><td>Costo del Express:</td><td>2</td></tr><tr><td>Impuesto Impuesto 13%</td><td>1</td></tr><tr><td>Total:</td><td>&#36;6</td></tr>		\r\n		</table>\r\n			\r\n	\r\n<br/><br/>\r\n<p><a href=\"https://www.fmarket.org/store/confirmorder/?id=71&token=eecaeaa4a133a406ce74c0c92ff4f7a0\">Clic aquí</a> para aceptar la orden<br/>\r\no simplemente visitá este link https://www.fmarket.org/store/confirmorder/?id=71&token=eecaeaa4a133a406ce74c0c92ff4f7a0\r\n</p>\r\n<br/>\r\n<p>¡Saludos!</p>','merchant',NULL,NULL,NULL,NULL,'pending'),(61,72,'andres@buzz.cr','andres@buzz.cr','¡Muchas gracias por comprar!','<p>Estimado amigo Andrés Martén Guevara,</p><br><p> Gracias por comprar en Food Market y apoyar al artesano local, esperamos disfrutés al máximo tu comida! Tu número de recibo es 72. Hemos incluido tu recibo de orden y detalles del envío abajo:</p> <br> 		<div style=\"display: block;max-height: 70px;max-width: 200px;\">\r\n				</div>\r\n		<h3>Detalles del pedido</h3>		\r\n		<table border=\"0\">\r\n		<tr><td>Nombre del cliente</td><td>Andrés Martén Guevara</td></tr><tr><td>Comercio</td><td>La Favorita</td></tr><tr><td>Teléfono</td><td>+50640016415</td></tr><tr><td>Dirección</td><td>San Fco. de Dos Ríos San José San Jose 10106 </td></tr><tr><td>Tipo TRN</td><td>delivery</td></tr><tr><td>Tipo de pago</td><td>PYP</td></tr><tr><td>Número de referencia #</td><td>72</td></tr><tr><td>Fecha TRN</td><td>Ene 18,2017 22:45:26</td></tr><tr><td>Fecha del envío express</td><td>2017-01-18</td></tr><tr><td>Entregar a</td><td>C113  Tirrases Provincia de San José 10106 </td></tr><tr><td>Instrucciones para la express</td><td></td></tr><tr><td>Nombre de la Ubicación</td><td>Casa</td></tr><tr><td>Número del contacto</td><td>+50688931526</td></tr><tr><td colspan=\"2\">&nbsp;</td></tr><tr><td>1 Sandwich de champiñones y mozzarella<p>15 cm</p><p>Ingredientes</p><p>- Cebolla<br/>- Tomate<br/>- Lechuga<br/></p></td><td>2</td></tr><tr><td style=\"text-indent:10px;\">Ensalada de repollo</td><td>1</td></tr><tr><td colspan=\"2\">&nbsp;</td></tr><tr><td>Sub Total:</td><td>3</td></tr><tr><td>Costo del Express:</td><td>2</td></tr><tr><td>Impuesto Impuesto 13%</td><td>1</td></tr><tr><td>Total:</td><td>&#36;6</td></tr>		\r\n		</table>\r\n		<br><br><p>¡Buen provecho!</p>','client',NULL,NULL,NULL,NULL,'sent'),(62,72,'andres@buzz.cr','support@fmarket.org','Venta nueva','<p>Saludos querido Artesano de la comida, </p>\r\n<br/>\r\n<p>¡Has vendido! Hay una nueva orden de pedido con el número de referencia 72 del cliente Andrés Martén Guevara</p>\r\n<br/>\r\n 		<div style=\"display: block;max-height: 70px;max-width: 200px;\">\r\n				</div>\r\n		<h3>Detalles del pedido</h3>		\r\n		<table border=\"0\">\r\n		<tr><td>Nombre del cliente</td><td>Andrés Martén Guevara</td></tr><tr><td>Comercio</td><td>La Favorita</td></tr><tr><td>Teléfono</td><td>+50640016415</td></tr><tr><td>Dirección</td><td>San Fco. de Dos Ríos San José San Jose 10106 </td></tr><tr><td>Tipo TRN</td><td>delivery</td></tr><tr><td>Tipo de pago</td><td>PYP</td></tr><tr><td>Número de referencia #</td><td>72</td></tr><tr><td>Fecha TRN</td><td>Ene 18,2017 22:45:26</td></tr><tr><td>Fecha del envío express</td><td>2017-01-18</td></tr><tr><td>Entregar a</td><td>C113  Tirrases Provincia de San José 10106 </td></tr><tr><td>Instrucciones para la express</td><td></td></tr><tr><td>Nombre de la Ubicación</td><td>Casa</td></tr><tr><td>Número del contacto</td><td>+50688931526</td></tr><tr><td colspan=\"2\">&nbsp;</td></tr><tr><td>1 Sandwich de champiñones y mozzarella<p>15 cm</p><p>Ingredientes</p><p>- Cebolla<br/>- Tomate<br/>- Lechuga<br/></p></td><td>2</td></tr><tr><td style=\"text-indent:10px;\">Ensalada de repollo</td><td>1</td></tr><tr><td colspan=\"2\">&nbsp;</td></tr><tr><td>Sub Total:</td><td>3</td></tr><tr><td>Costo del Express:</td><td>2</td></tr><tr><td>Impuesto Impuesto 13%</td><td>1</td></tr><tr><td>Total:</td><td>&#36;6</td></tr>		\r\n		</table>\r\n			\r\n	\r\n<br/><br/>\r\n<p><a href=\"https://www.fmarket.org/store/confirmorder/?id=72&token=eecaeaa4a133a406ce74c0c92ff4f7a0\">Clic aquí</a> para aceptar la orden<br/>\r\no simplemente visitá este link https://www.fmarket.org/store/confirmorder/?id=72&token=eecaeaa4a133a406ce74c0c92ff4f7a0\r\n</p>\r\n<br/>\r\n<p>¡Saludos!</p>','merchant',NULL,NULL,NULL,NULL,'sent'),(63,73,'andres@buzz.cr','no-reply@www.fmarket.org','Gracias por comprar en Food Market','<p>Estimado Andrés Martén Guevara,</p>\r\n<br/><br/>\r\n<p> Gracias por comprar en Food Market y apoyar al artesano local, esperamos disfrutés al máximo tu comida! Tu número de recibo es 73. Hemos incluido tu recibo de orden y detalles del envío abajo:\r\n</p> <br/>\r\n 		<div style=\"display: block;max-height: 70px;max-width: 200px;\">\r\n				</div>\r\n		<h3>Detalles del pedido</h3>		\r\n		<table border=\"0\">\r\n		<tr><td>Nombre del cliente</td><td>Andrés Martén Guevara</td></tr><tr><td>Comercio</td><td>Gusto Artesanal</td></tr><tr><td>Teléfono</td><td>+50688931526</td></tr><tr><td>Dirección</td><td>Costa Rica Heredia San José 10106 </td></tr><tr><td>Tipo TRN</td><td>delivery</td></tr><tr><td>Tipo de pago</td><td>PYP</td></tr><tr><td>Número de referencia #</td><td>73</td></tr><tr><td>Fecha TRN</td><td>Ene 24,2017 18:13:51</td></tr><tr><td>Fecha del envío express</td><td>2017-01-24</td></tr><tr><td>Entregar a</td><td>204 San José San José Province  </td></tr><tr><td>Instrucciones para la express</td><td></td></tr><tr><td>Nombre de la Ubicación</td><td></td></tr><tr><td>Número del contacto</td><td>+50688931526</td></tr><tr><td colspan=\"2\">&nbsp;</td></tr><tr><td>1 Jalea de manzana<p>Grande</p></td><td>6</td></tr><tr><td colspan=\"2\">&nbsp;</td></tr><tr><td>Sub Total:</td><td>6</td></tr><tr><td>Costo del Express:</td><td>2</td></tr><tr><td>Impuesto Impuesto 13%</td><td>1</td></tr><tr><td>Total:</td><td>&#36;9</td></tr>		\r\n		</table>\r\n			\r\n	\r\n<br/><br/>\r\n<p>¡Buen provecho!</p>','client',NULL,NULL,NULL,NULL,'pending'),(64,74,'mapiagutierrez@hotmail.com','no-reply@www.fmarket.org','Gracias por comprar en Food Market','<p>Estimado Pia Gutierrez,</p>\r\n<br/><br/>\r\n<p> Gracias por comprar en Food Market y apoyar al artesano local, esperamos disfrutés al máximo tu comida! Tu número de recibo es 74. Hemos incluido tu recibo de orden y detalles del envío abajo:\r\n</p> <br/>\r\n 		<div style=\"display: block;max-height: 70px;max-width: 200px;\">\r\n				</div>\r\n		<h3>Detalles del pedido</h3>		\r\n		<table border=\"0\">\r\n		<tr><td>Nombre del cliente</td><td>Pia Gutierrez</td></tr><tr><td>Comercio</td><td>Gusto Artesanal</td></tr><tr><td>Teléfono</td><td>+50688931526</td></tr><tr><td>Dirección</td><td>Costa Rica Heredia San José 10106 </td></tr><tr><td>Tipo TRN</td><td>delivery</td></tr><tr><td>Tipo de pago</td><td>PYP</td></tr><tr><td>Número de referencia #</td><td>74</td></tr><tr><td>Fecha TRN</td><td>Feb 01,2017 13:28:41</td></tr><tr><td>Fecha del envío express</td><td>2017-02-01</td></tr><tr><td>Entregar a</td><td>Avenida 12A San José San José  </td></tr><tr><td>Instrucciones para la express</td><td>Lo más rápido posible </td></tr><tr><td>Nombre de la Ubicación</td><td>Sabana Sur. Del Tennis Club 100 este 100 Sur 100 este 100 norte y 50 oeste . Aparta #5</td></tr><tr><td>Número del contacto</td><td>+50683403959</td></tr><tr><td colspan=\"2\">&nbsp;</td></tr><tr><td>1 Jalea de manzana<p>Grande</p></td><td>6</td></tr><tr><td colspan=\"2\">&nbsp;</td></tr><tr><td>Sub Total:</td><td>6</td></tr><tr><td>Costo del Express:</td><td>2</td></tr><tr><td>Impuesto Impuesto 13%</td><td>1</td></tr><tr><td>Total:</td><td>&#36;9</td></tr>		\r\n		</table>\r\n			\r\n	\r\n<br/><br/>\r\n<p>¡Buen provecho!</p>','client',NULL,NULL,NULL,NULL,'pending'),(65,75,'andres@buzz.cr','no-reply@www.fmarket.org','Gracias por comprar en Food Market','<p>Estimado Andrés Martén Guevara,</p>\r\n<br/><br/>\r\n<p> Gracias por comprar en Food Market y apoyar al artesano local, esperamos disfrutés al máximo tu comida! Tu número de recibo es 75. Hemos incluido tu recibo de orden y detalles del envío abajo:\r\n</p> <br/>\r\n 		<div style=\"display: block;max-height: 70px;max-width: 200px;\">\r\n				</div>\r\n		<h3>Detalles del pedido</h3>		\r\n		<table border=\"0\">\r\n		<tr><td>Nombre del cliente</td><td>Andrés Martén Guevara</td></tr><tr><td>Comercio</td><td>Gusto Artesanal</td></tr><tr><td>Teléfono</td><td>+50688931526</td></tr><tr><td>Dirección</td><td>Costa Rica Heredia San José 10106 </td></tr><tr><td>Tipo TRN</td><td>delivery</td></tr><tr><td>Tipo de pago</td><td>PYP</td></tr><tr><td>Número de referencia #</td><td>75</td></tr><tr><td>Fecha TRN</td><td>Feb 01,2017 21:36:23</td></tr><tr><td>Fecha del envío express</td><td>2017-02-01</td></tr><tr><td>Entregar a</td><td> C113 Tirrases Provincia de San José  </td></tr><tr><td>Instrucciones para la express</td><td></td></tr><tr><td>Nombre de la Ubicación</td><td>Casa</td></tr><tr><td>Número del contacto</td><td>+50688931526</td></tr><tr><td colspan=\"2\">&nbsp;</td></tr><tr><td>1 Jalea de manzana<p>Regular</p></td><td>9</td></tr><tr><td style=\"text-indent:10px;\">Tostadas de pan tradicional</td><td>1</td></tr><tr><td colspan=\"2\">&nbsp;</td></tr><tr><td>Sub Total:</td><td>10</td></tr><tr><td>Costo del Express:</td><td>2</td></tr><tr><td>Impuesto Impuesto 13%</td><td>1</td></tr><tr><td>Total:</td><td>&#36;13</td></tr>		\r\n		</table>\r\n			\r\n	\r\n<br/><br/>\r\n<p>¡Buen provecho!</p>','client',NULL,NULL,NULL,NULL,'pending'),(66,76,'mapiagutierrez@hotmail.com','no-reply@www.fmarket.org','Gracias por comprar en Food Market','<p>Estimado Pia Gutierrez,</p>\r\n<br/><br/>\r\n<p> Gracias por comprar en Food Market y apoyar al artesano local, esperamos disfrutés al máximo tu comida! Tu número de recibo es 76. Hemos incluido tu recibo de orden y detalles del envío abajo:\r\n</p> <br/>\r\n 		<div style=\"display: block;max-height: 70px;max-width: 200px;\">\r\n				</div>\r\n		<h3>Detalles del pedido</h3>		\r\n		<table border=\"0\">\r\n		<tr><td>Nombre del cliente</td><td>Pia Gutierrez</td></tr><tr><td>Comercio</td><td>Gusto Artesanal</td></tr><tr><td>Teléfono</td><td>+50688931526</td></tr><tr><td>Dirección</td><td>Costa Rica Heredia San José 10106 </td></tr><tr><td>Tipo TRN</td><td>pickup</td></tr><tr><td>Tipo de pago</td><td>PYP</td></tr><tr><td>Número de referencia #</td><td>76</td></tr><tr><td>Fecha TRN</td><td>Feb 02,2017 14:57:44</td></tr><tr><td>Fecha del Pickup</td><td>2017-02-02</td></tr><tr><td>Hora para recoger</td><td>03:57 PM</td></tr><tr><td colspan=\"2\">&nbsp;</td></tr><tr><td>1 Jalea de manzana<p>Grande</p></td><td>6</td></tr><tr><td colspan=\"2\">&nbsp;</td></tr><tr><td>Sub Total:</td><td>6</td></tr><tr><td>Impuesto Impuesto 13%</td><td>1</td></tr><tr><td>Total:</td><td>&#36;7</td></tr>		\r\n		</table>\r\n			\r\n	\r\n<br/><br/>\r\n<p>¡Buen provecho!</p>','client',NULL,NULL,NULL,NULL,'sent'),(67,79,'marco_es@hotmail.com','no-reply@www.fmarket.org','Gracias por comprar en Food Market','<p>Estimado Marco Escamilla,</p>\r\n<br/><br/>\r\n<p> Gracias por comprar en Food Market y apoyar al artesano local, esperamos disfrutés al máximo tu comida! Tu número de recibo es 79. Hemos incluido tu recibo de orden y detalles del envío abajo:\r\n</p> <br/>\r\n 		<div style=\"display: block;max-height: 70px;max-width: 200px;\">\r\n				</div>\r\n		<h3>Detalles del pedido</h3>		\r\n		<table border=\"0\">\r\n		<tr><td>Nombre del cliente</td><td>Marco Escamilla</td></tr><tr><td>Comercio</td><td>Pía pupusas</td></tr><tr><td>Teléfono</td><td>83403959</td></tr><tr><td>Dirección</td><td>Sabana sur. del tennis club 100 metros este San jose San jose 10108 </td></tr><tr><td>Tipo TRN</td><td>delivery</td></tr><tr><td>Tipo de pago</td><td>PYP</td></tr><tr><td>Número de referencia #</td><td>79</td></tr><tr><td>Fecha TRN</td><td>Feb 05,2017 9:02:13</td></tr><tr><td>Fecha del envío express</td><td>2017-02-05</td></tr><tr><td>Entregar a</td><td>Calle Peligro Santo Domingo Heredia  </td></tr><tr><td>Instrucciones para la express</td><td></td></tr><tr><td>Nombre de la Ubicación</td><td>Casa cafe</td></tr><tr><td>Número del contacto</td><td>+50688490236</td></tr><tr><td colspan=\"2\">&nbsp;</td></tr><tr><td>1 Pupusa Salvadoreña<p>Pequeño</p></td><td>3</td></tr><tr><td colspan=\"2\">&nbsp;</td></tr><tr><td>Sub Total:</td><td>3</td></tr><tr><td>Impuesto %</td><td>0</td></tr><tr><td>Total:</td><td>&#36;3</td></tr>		\r\n		</table>\r\n			\r\n	\r\n<br/><br/>\r\n<p>¡Buen provecho!</p>','client',NULL,NULL,NULL,NULL,'sent'),(68,80,'marco_es@hotmail.com','no-reply@www.fmarket.org','Gracias por comprar en Food Market','<p>Estimado Marco Escamilla,</p>\r\n<br/><br/>\r\n<p> Gracias por comprar en Food Market y apoyar al artesano local, esperamos disfrutés al máximo tu comida! Tu número de recibo es 80. Hemos incluido tu recibo de orden y detalles del envío abajo:\r\n</p> <br/>\r\n 		<div style=\"display: block;max-height: 70px;max-width: 200px;\">\r\n				</div>\r\n		<h3>Detalles del pedido</h3>		\r\n		<table border=\"0\">\r\n		<tr><td>Nombre del cliente</td><td>Marco Escamilla</td></tr><tr><td>Comercio</td><td>Gusto Artesanal</td></tr><tr><td>Teléfono</td><td>+50688931526</td></tr><tr><td>Dirección</td><td>Costa Rica Heredia San José 10106 </td></tr><tr><td>Tipo TRN</td><td>delivery</td></tr><tr><td>Tipo de pago</td><td>PYP</td></tr><tr><td>Número de referencia #</td><td>80</td></tr><tr><td>Fecha TRN</td><td>Feb 05,2017 10:43:40</td></tr><tr><td>Fecha del envío express</td><td>2017-02-05</td></tr><tr><td>Entregar a</td><td>Calle Peligro Santo Domingo Heredia  </td></tr><tr><td>Instrucciones para la express</td><td></td></tr><tr><td>Nombre de la Ubicación</td><td>Casa cafe</td></tr><tr><td>Número del contacto</td><td>+50688490236</td></tr><tr><td colspan=\"2\">&nbsp;</td></tr><tr><td>1 Jalea de manzana<p>Grande</p></td><td>6</td></tr><tr><td colspan=\"2\">&nbsp;</td></tr><tr><td>Sub Total:</td><td>6</td></tr><tr><td>Costo del Express:</td><td>2</td></tr><tr><td>Impuesto Impuesto 13%</td><td>1</td></tr><tr><td>Total:</td><td>&#36;9</td></tr>		\r\n		</table>\r\n			\r\n	\r\n<br/><br/>\r\n<p>¡Buen provecho!</p>','client',NULL,NULL,NULL,NULL,'sent'),(69,81,'bryescavilla@gmail.com','no-reply@www.fmarket.org','Gracias por comprar en Food Market','<p>Estimado Bryan  Escamilla,</p>\r\n<br/><br/>\r\n<p> Gracias por comprar en Food Market y apoyar al artesano local, esperamos disfrutés al máximo tu comida! Tu número de recibo es 81. Hemos incluido tu recibo de orden y detalles del envío abajo:\r\n</p> <br/>\r\n 		<div style=\"display: block;max-height: 70px;max-width: 200px;\">\r\n				</div>\r\n		<h3>Detalles del pedido</h3>		\r\n		<table border=\"0\">\r\n		<tr><td>Nombre del cliente</td><td>Bryan  Escamilla</td></tr><tr><td>Comercio</td><td>Gusto Artesanal</td></tr><tr><td>Teléfono</td><td>+50688931526</td></tr><tr><td>Dirección</td><td>Costa Rica Heredia San José 10106 </td></tr><tr><td>Tipo TRN</td><td>delivery</td></tr><tr><td>Tipo de pago</td><td>PYP</td></tr><tr><td>Número de referencia #</td><td>81</td></tr><tr><td>Fecha TRN</td><td>Feb 05,2017 11:00:18</td></tr><tr><td>Fecha del envío express</td><td>2017-02-05</td></tr><tr><td>Entregar a</td><td>Flores Heredia Heredia  </td></tr><tr><td>Instrucciones para la express</td><td>Entrada de viaitas </td></tr><tr><td>Nombre de la Ubicación</td><td>Casa 70 Avisenia norte </td></tr><tr><td>Número del contacto</td><td>+50672743210</td></tr><tr><td colspan=\"2\">&nbsp;</td></tr><tr><td>1 Jalea de manzana<p>Grande</p></td><td>6</td></tr><tr><td colspan=\"2\">&nbsp;</td></tr><tr><td>Sub Total:</td><td>6</td></tr><tr><td>Costo del Express:</td><td>2</td></tr><tr><td>Impuesto Impuesto 13%</td><td>1</td></tr><tr><td>Total:</td><td>&#36;9</td></tr>		\r\n		</table>\r\n			\r\n	\r\n<br/><br/>\r\n<p>¡Buen provecho!</p>','client',NULL,NULL,NULL,NULL,'sent'),(70,87,'hp@gmail.com','no-reply@ec2-52-26-78-199.us-west-2.compute.amazonaws.com','Gracias por comprar en Food Market','<p>Estimado hp ho,</p>\r\n<br/><br/>\r\n<p> Gracias por comprar en Food Market y apoyar al artesano local, esperamos disfrutés al máximo tu comida! Tu número de recibo es 87. Hemos incluido tu recibo de orden y detalles del envío abajo:\r\n</p> <br/>\r\n 		<div style=\"display: block;max-height: 70px;max-width: 200px;\">\r\n				</div>\r\n		<h3>Order Details</h3>		\r\n		<table border=\"0\">\r\n		<tr><td>Customer Name</td><td>hp ho</td></tr><tr><td>Merchant Name</td><td>Gusto Artesanal</td></tr><tr><td>Telephone</td><td>+50688931526</td></tr><tr><td>Address</td><td>Costa Rica Heredia San José 10106 </td></tr><tr><td>TRN Type</td><td>delivery</td></tr><tr><td>Payment Type</td><td>PYP</td></tr><tr><td>Reference #</td><td>87</td></tr><tr><td>TRN Date</td><td>Mar 03,2017 6:13:48</td></tr><tr><td>Delivery Date</td><td>2017-03-03</td></tr><tr><td>Deliver to</td><td>san José san José san José  </td></tr><tr><td>Delivery Instruction</td><td>Hello this is test</td></tr><tr><td>Location Name</td><td>san José</td></tr><tr><td>Contact Number</td><td>+918000366525</td></tr><tr><td colspan=\"2\">&nbsp;</td></tr><tr><td>1 Jalea de mora<p>Regular</p></td><td>5</td></tr><tr><td colspan=\"2\">&nbsp;</td></tr><tr><td>Subtotal:</td><td>5</td></tr><tr><td>Delivery Fee:</td><td>2</td></tr><tr><td>Tax  13%</td><td>1</td></tr><tr><td>Total:</td><td>&#36;8</td></tr>		\r\n		</table>\r\n			\r\n	\r\n<br/><br/>\r\n<p>¡Buen provecho!</p>','client',NULL,NULL,NULL,NULL,'pending'),(71,88,'hp@gmail.com','no-reply@ec2-52-26-78-199.us-west-2.compute.amazonaws.com','Gracias por comprar en Food Market','<p>Estimado hp ho,</p>\r\n<br/><br/>\r\n<p> Gracias por comprar en Food Market y apoyar al artesano local, esperamos disfrutés al máximo tu comida! Tu número de recibo es 88. Hemos incluido tu recibo de orden y detalles del envío abajo:\r\n</p> <br/>\r\n 		<div style=\"display: block;max-height: 70px;max-width: 200px;\">\r\n				</div>\r\n		<h3>Order Details</h3>		\r\n		<table border=\"0\">\r\n		<tr><td>Customer Name</td><td>hp ho</td></tr><tr><td>Merchant Name</td><td>Gusto Artesanal</td></tr><tr><td>Telephone</td><td>+50688931526</td></tr><tr><td>Address</td><td>Costa Rica Heredia San José 10106 </td></tr><tr><td>TRN Type</td><td>delivery</td></tr><tr><td>Payment Type</td><td>PYP</td></tr><tr><td>Reference #</td><td>88</td></tr><tr><td>TRN Date</td><td>Mar 03,2017 6:24:47</td></tr><tr><td>Delivery Date</td><td>2017-03-03</td></tr><tr><td>Deliver to</td><td>san José san José san José  </td></tr><tr><td>Delivery Instruction</td><td>hhhii</td></tr><tr><td>Location Name</td><td>san José</td></tr><tr><td>Contact Number</td><td>+918000366525</td></tr><tr><td colspan=\"2\">&nbsp;</td></tr><tr><td>1 Jalea de manzana<p>Grande</p></td><td>6</td></tr><tr><td colspan=\"2\">&nbsp;</td></tr><tr><td>Subtotal:</td><td>6</td></tr><tr><td>Delivery Fee:</td><td>2</td></tr><tr><td>Tax  13%</td><td>1</td></tr><tr><td>Total:</td><td>&#36;9</td></tr>		\r\n		</table>\r\n			\r\n	\r\n<br/><br/>\r\n<p>¡Buen provecho!</p>','client',NULL,NULL,NULL,NULL,'pending'),(72,89,'hp@gmail.com','no-reply@ec2-52-26-78-199.us-west-2.compute.amazonaws.com','Gracias por comprar en Food Market','<p>Estimado hp ho,</p>\r\n<br/><br/>\r\n<p> Gracias por comprar en Food Market y apoyar al artesano local, esperamos disfrutés al máximo tu comida! Tu número de recibo es 89. Hemos incluido tu recibo de orden y detalles del envío abajo:\r\n</p> <br/>\r\n 		<div style=\"display: block;max-height: 70px;max-width: 200px;\">\r\n				</div>\r\n		<h3>Order Details</h3>		\r\n		<table border=\"0\">\r\n		<tr><td>Customer Name</td><td>hp ho</td></tr><tr><td>Merchant Name</td><td>Gusto Artesanal</td></tr><tr><td>Telephone</td><td>+50688931526</td></tr><tr><td>Address</td><td>Costa Rica Heredia San José 10106 </td></tr><tr><td>TRN Type</td><td>delivery</td></tr><tr><td>Payment Type</td><td>PYP</td></tr><tr><td>Reference #</td><td>89</td></tr><tr><td>TRN Date</td><td>Mar 04,2017 0:37:29</td></tr><tr><td>Delivery Date</td><td>2017-03-04</td></tr><tr><td>Deliver to</td><td>san José san José san José  </td></tr><tr><td>Delivery Instruction</td><td></td></tr><tr><td>Location Name</td><td>san José</td></tr><tr><td>Contact Number</td><td>+918000366525</td></tr><tr><td colspan=\"2\">&nbsp;</td></tr><tr><td>1 Jalea de manzana<p>Grande</p></td><td>6</td></tr><tr><td>1 Jalea de mora<p>Regular</p></td><td>5</td></tr><tr><td colspan=\"2\">&nbsp;</td></tr><tr><td>Subtotal:</td><td>11</td></tr><tr><td>Delivery Fee:</td><td>2</td></tr><tr><td>Tax  13%</td><td>1</td></tr><tr><td>Total:</td><td>&#36;14</td></tr>		\r\n		</table>\r\n			\r\n	\r\n<br/><br/>\r\n<p>¡Buen provecho!</p>','client',NULL,NULL,NULL,NULL,'pending'),(73,90,'hp@gmail.com','no-reply@ec2-52-26-78-199.us-west-2.compute.amazonaws.com','Gracias por comprar en Food Market','<p>Estimado hp ho,</p>\r\n<br/><br/>\r\n<p> Gracias por comprar en Food Market y apoyar al artesano local, esperamos disfrutés al máximo tu comida! Tu número de recibo es 90. Hemos incluido tu recibo de orden y detalles del envío abajo:\r\n</p> <br/>\r\n 		<div style=\"display: block;max-height: 70px;max-width: 200px;\">\r\n				</div>\r\n		<h3>Order Details</h3>		\r\n		<table border=\"0\">\r\n		<tr><td>Customer Name</td><td>hp ho</td></tr><tr><td>Merchant Name</td><td>Gusto Artesanal</td></tr><tr><td>Telephone</td><td>+50688931526</td></tr><tr><td>Address</td><td>Costa Rica Heredia San José 10106 </td></tr><tr><td>TRN Type</td><td>delivery</td></tr><tr><td>Payment Type</td><td>PYP</td></tr><tr><td>Reference #</td><td>90</td></tr><tr><td>TRN Date</td><td>Mar 04,2017 0:56:20</td></tr><tr><td>Delivery Date</td><td>2017-03-04</td></tr><tr><td>Deliver to</td><td>san José san José san José  </td></tr><tr><td>Delivery Instruction</td><td></td></tr><tr><td>Location Name</td><td>san José</td></tr><tr><td>Contact Number</td><td>+918000366525</td></tr><tr><td colspan=\"2\">&nbsp;</td></tr><tr><td>1 Jalea de mora<p>Regular</p></td><td>5</td></tr><tr><td colspan=\"2\">&nbsp;</td></tr><tr><td>Subtotal:</td><td>5</td></tr><tr><td>Delivery Fee:</td><td>2</td></tr><tr><td>Tax  13%</td><td>1</td></tr><tr><td>Total:</td><td>&#36;8</td></tr>		\r\n		</table>\r\n			\r\n	\r\n<br/><br/>\r\n<p>¡Buen provecho!</p>','client',NULL,NULL,NULL,NULL,'sent'),(74,91,'hp@gmail.com','no-reply@ec2-52-26-78-199.us-west-2.compute.amazonaws.com','Gracias por comprar en Food Market','<p>Estimado hp ho,</p>\r\n<br/><br/>\r\n<p> Gracias por comprar en Food Market y apoyar al artesano local, esperamos disfrutés al máximo tu comida! Tu número de recibo es 91. Hemos incluido tu recibo de orden y detalles del envío abajo:\r\n</p> <br/>\r\n 		<div style=\"display: block;max-height: 70px;max-width: 200px;\">\r\n				</div>\r\n		<h3>Order Details</h3>		\r\n		<table border=\"0\">\r\n		<tr><td>Customer Name</td><td>hp ho</td></tr><tr><td>Merchant Name</td><td>Gusto Artesanal</td></tr><tr><td>Telephone</td><td>+50688931526</td></tr><tr><td>Address</td><td>Costa Rica Heredia San José 10106 </td></tr><tr><td>TRN Type</td><td>delivery</td></tr><tr><td>Payment Type</td><td>PYP</td></tr><tr><td>Reference #</td><td>91</td></tr><tr><td>TRN Date</td><td>Mar 04,2017 1:09:00</td></tr><tr><td>Delivery Date</td><td>2017-03-04</td></tr><tr><td>Deliver to</td><td>san José san José san José  </td></tr><tr><td>Delivery Instruction</td><td></td></tr><tr><td>Location Name</td><td>san José</td></tr><tr><td>Contact Number</td><td>+918000366525</td></tr><tr><td colspan=\"2\">&nbsp;</td></tr><tr><td>1 Jalea de mora<p>Regular</p></td><td>5</td></tr><tr><td colspan=\"2\">&nbsp;</td></tr><tr><td>Subtotal:</td><td>5</td></tr><tr><td>Delivery Fee:</td><td>2</td></tr><tr><td>Tax  13%</td><td>1</td></tr><tr><td>Total:</td><td>&#36;8</td></tr>		\r\n		</table>\r\n			\r\n	\r\n<br/><br/>\r\n<p>¡Buen provecho!</p>','client',NULL,NULL,NULL,NULL,'sent'),(75,92,'hp@gmail.com','no-reply@ec2-52-26-78-199.us-west-2.compute.amazonaws.com','Gracias por comprar en Food Market','<p>Estimado hp ho,</p>\r\n<br/><br/>\r\n<p> Gracias por comprar en Food Market y apoyar al artesano local, esperamos disfrutés al máximo tu comida! Tu número de recibo es 92. Hemos incluido tu recibo de orden y detalles del envío abajo:\r\n</p> <br/>\r\n 		<div style=\"display: block;max-height: 70px;max-width: 200px;\">\r\n				</div>\r\n		<h3>Order Details</h3>		\r\n		<table border=\"0\">\r\n		<tr><td>Customer Name</td><td>hp ho</td></tr><tr><td>Merchant Name</td><td>Gusto Artesanal</td></tr><tr><td>Telephone</td><td>+50688931526</td></tr><tr><td>Address</td><td>Costa Rica Heredia San José 10106 </td></tr><tr><td>TRN Type</td><td>delivery</td></tr><tr><td>Payment Type</td><td>PYP</td></tr><tr><td>Reference #</td><td>92</td></tr><tr><td>TRN Date</td><td>Mar 04,2017 1:17:32</td></tr><tr><td>Delivery Date</td><td>2017-03-04</td></tr><tr><td>Deliver to</td><td>san José san José san José  </td></tr><tr><td>Delivery Instruction</td><td></td></tr><tr><td>Location Name</td><td>san José</td></tr><tr><td>Contact Number</td><td>+918000366525</td></tr><tr><td colspan=\"2\">&nbsp;</td></tr><tr><td>1 Jalea de mora<p>Regular</p></td><td>5</td></tr><tr><td colspan=\"2\">&nbsp;</td></tr><tr><td>Subtotal:</td><td>5</td></tr><tr><td>Delivery Fee:</td><td>2</td></tr><tr><td>Tax  13%</td><td>1</td></tr><tr><td>Total:</td><td>&#36;8</td></tr>		\r\n		</table>\r\n			\r\n	\r\n<br/><br/>\r\n<p>¡Buen provecho!</p>','client',NULL,NULL,NULL,NULL,'sent'),(76,93,'hp@gmail.com','no-reply@ec2-52-26-78-199.us-west-2.compute.amazonaws.com','Gracias por comprar en Food Market','<p>Estimado hp ho,</p>\r\n<br/><br/>\r\n<p> Gracias por comprar en Food Market y apoyar al artesano local, esperamos disfrutés al máximo tu comida! Tu número de recibo es 93. Hemos incluido tu recibo de orden y detalles del envío abajo:\r\n</p> <br/>\r\n 		<div style=\"display: block;max-height: 70px;max-width: 200px;\">\r\n				</div>\r\n		<h3>Order Details</h3>		\r\n		<table border=\"0\">\r\n		<tr><td>Customer Name</td><td>hp ho</td></tr><tr><td>Merchant Name</td><td>Gusto Artesanal</td></tr><tr><td>Telephone</td><td>+50688931526</td></tr><tr><td>Address</td><td>Costa Rica Heredia San José 10106 </td></tr><tr><td>TRN Type</td><td>delivery</td></tr><tr><td>Payment Type</td><td>PYP</td></tr><tr><td>Reference #</td><td>93</td></tr><tr><td>TRN Date</td><td>Mar 04,2017 1:56:11</td></tr><tr><td>Delivery Date</td><td>2017-03-04</td></tr><tr><td>Deliver to</td><td>san José san José san José  </td></tr><tr><td>Delivery Instruction</td><td></td></tr><tr><td>Location Name</td><td>san José</td></tr><tr><td>Contact Number</td><td>+918000366525</td></tr><tr><td colspan=\"2\">&nbsp;</td></tr><tr><td>1 Jalea de manzana<p>Grande</p></td><td>6</td></tr><tr><td colspan=\"2\">&nbsp;</td></tr><tr><td>Subtotal:</td><td>6</td></tr><tr><td>Delivery Fee:</td><td>2</td></tr><tr><td>Tax  13%</td><td>1</td></tr><tr><td>Total:</td><td>&#36;9</td></tr>		\r\n		</table>\r\n			\r\n	\r\n<br/><br/>\r\n<p>¡Buen provecho!</p>','client',NULL,NULL,NULL,NULL,'sent'),(77,94,'hp@gmail.com','no-reply@ec2-52-26-78-199.us-west-2.compute.amazonaws.com','Gracias por comprar en Food Market','<p>Estimado hp ho,</p>\r\n<br/><br/>\r\n<p> Gracias por comprar en Food Market y apoyar al artesano local, esperamos disfrutés al máximo tu comida! Tu número de recibo es 94. Hemos incluido tu recibo de orden y detalles del envío abajo:\r\n</p> <br/>\r\n 		<div style=\"display: block;max-height: 70px;max-width: 200px;\">\r\n				</div>\r\n		<h3>Order Details</h3>		\r\n		<table border=\"0\">\r\n		<tr><td>Customer Name</td><td>hp ho</td></tr><tr><td>Merchant Name</td><td>Gusto Artesanal</td></tr><tr><td>Telephone</td><td>+50688931526</td></tr><tr><td>Address</td><td>Costa Rica Heredia San José 10106 </td></tr><tr><td>TRN Type</td><td>delivery</td></tr><tr><td>Payment Type</td><td>PYP</td></tr><tr><td>Reference #</td><td>94</td></tr><tr><td>TRN Date</td><td>Mar 09,2017 4:48:08</td></tr><tr><td>Delivery Date</td><td>2017-03-09</td></tr><tr><td>Deliver to</td><td>san José san José san José  </td></tr><tr><td>Delivery Instruction</td><td></td></tr><tr><td>Location Name</td><td>san José</td></tr><tr><td>Contact Number</td><td>+918000366525</td></tr><tr><td colspan=\"2\">&nbsp;</td></tr><tr><td>1 Jalea de manzana<p>Grande</p></td><td>6</td></tr><tr><td>1 Jalea de mora<p>Regular</p></td><td>5</td></tr><tr><td colspan=\"2\">&nbsp;</td></tr><tr><td>Subtotal:</td><td>11</td></tr><tr><td>Delivery Fee:</td><td>2</td></tr><tr><td>Tax  13%</td><td>1</td></tr><tr><td>Total:</td><td>&#36;14</td></tr>		\r\n		</table>\r\n			\r\n	\r\n<br/><br/>\r\n<p>¡Buen provecho!</p>','client',NULL,NULL,NULL,NULL,'pending');
/*!40000 ALTER TABLE `ka_mobile_temp_email` ENABLE KEYS */;
UNLOCK TABLES;

--
-- Table structure for table `ka_newsletter`
--

DROP TABLE IF EXISTS `ka_newsletter`;
/*!40101 SET @saved_cs_client     = @@character_set_client */;
/*!40101 SET character_set_client = utf8 */;
CREATE TABLE `ka_newsletter` (
  `id` int(14) NOT NULL AUTO_INCREMENT,
  `email_address` varchar(255) DEFAULT NULL,
  `date_created` datetime DEFAULT NULL,
  `ip_address` varchar(50) DEFAULT NULL,
  PRIMARY KEY (`id`)
) ENGINE=InnoDB AUTO_INCREMENT=3 DEFAULT CHARSET=utf8;
/*!40101 SET character_set_client = @saved_cs_client */;

--
-- Dumping data for table `ka_newsletter`
--

LOCK TABLES `ka_newsletter` WRITE;
/*!40000 ALTER TABLE `ka_newsletter` DISABLE KEYS */;
INSERT INTO `ka_newsletter` VALUES (1,'andres@buzz.cr','2017-01-14 00:00:00','186.64.149.93'),(2,'mapiagutierrez@gmail.com','2017-02-02 00:00:00','201.191.195.81');
/*!40000 ALTER TABLE `ka_newsletter` ENABLE KEYS */;
UNLOCK TABLES;

--
-- Table structure for table `ka_offers`
--

DROP TABLE IF EXISTS `ka_offers`;
/*!40101 SET @saved_cs_client     = @@character_set_client */;
/*!40101 SET character_set_client = utf8 */;
CREATE TABLE `ka_offers` (
  `offers_id` int(14) NOT NULL AUTO_INCREMENT,
  `merchant_id` int(14) DEFAULT NULL,
  `offer_percentage` float(14,4) DEFAULT NULL,
  `offer_price` float(14,4) DEFAULT NULL,
  `valid_from` date DEFAULT NULL,
  `valid_to` date DEFAULT NULL,
  `status` varchar(255) NOT NULL DEFAULT 'pending',
  `date_created` datetime DEFAULT NULL,
  `date_modified` datetime DEFAULT NULL,
  `ip_address` varchar(50) DEFAULT NULL,
  PRIMARY KEY (`offers_id`)
) ENGINE=InnoDB DEFAULT CHARSET=utf8;
/*!40101 SET character_set_client = @saved_cs_client */;

--
-- Dumping data for table `ka_offers`
--

LOCK TABLES `ka_offers` WRITE;
/*!40000 ALTER TABLE `ka_offers` DISABLE KEYS */;
/*!40000 ALTER TABLE `ka_offers` ENABLE KEYS */;
UNLOCK TABLES;

--
-- Table structure for table `ka_option`
--

DROP TABLE IF EXISTS `ka_option`;
/*!40101 SET @saved_cs_client     = @@character_set_client */;
/*!40101 SET character_set_client = utf8 */;
CREATE TABLE `ka_option` (
  `id` int(14) NOT NULL AUTO_INCREMENT,
  `merchant_id` int(14) DEFAULT NULL,
  `option_name` varchar(255) DEFAULT NULL,
  `option_value` text,
  PRIMARY KEY (`id`),
  KEY `merchant_id` (`merchant_id`)
) ENGINE=InnoDB AUTO_INCREMENT=762 DEFAULT CHARSET=utf8;
/*!40101 SET character_set_client = @saved_cs_client */;

--
-- Dumping data for table `ka_option`
--

LOCK TABLES `ka_option` WRITE;
/*!40000 ALTER TABLE `ka_option` DISABLE KEYS */;
INSERT INTO `ka_option` VALUES (1,0,'website_title','Food Market'),(2,0,'admin_country_set','CR'),(3,0,'website_address','San Fco. de Dos Ríos'),(4,0,'website_contact_phone','+50640011111'),(5,0,'website_contact_email','support@fmarket.org'),(6,0,'admin_currency_set','USD'),(7,1,'merchant_switch_master_cod','2'),(8,1,'merchant_switch_master_ccr',''),(9,1,'merchant_switch_master_pyr','2'),(10,1,'merchant_latitude','9.97965914063936'),(11,1,'merchant_longtitude','-84.07993139092406'),(12,0,'mobile_default_image_not_available','icon.png'),(13,0,'mobile_android_push_key','AIzaSyA3y97LssL_168-BDHxku3fOqXK-nuxpeM'),(14,0,'mobile_country_list','[\\\"CR\\\"]'),(15,0,'mobile_push_order_title','Tu orden #{order_id} ha sido actualizada'),(16,0,'mobile_push_order_message','Tu orden #{order_id} ha pasado a {order_status}'),(17,0,'ios_passphrase',''),(18,0,'ios_push_dev_cer','MobileApp_Development.pem'),(19,0,'ios_push_prod_cer','MobileApp_Production.pem'),(20,0,'ios_push_mode','development'),(21,0,'mobileapp_api_has_key','f8043736a12d4842ea80d9dbe171621e'),(22,0,'show_addon_description',''),(23,0,'mobile_menu',''),(24,0,'mobile_save_cart_db','1'),(25,0,'website_disbaled_auto_cart',''),(26,0,'website_enabled_mobile_verification',''),(27,0,'website_date_picker_format','dd-mm-yy'),(28,0,'website_time_picker_format','12'),(29,0,'website_date_format','d M, Y'),(30,0,'website_time_format',''),(31,0,'merchant_sigup_status','pending'),(32,0,'merchant_email_verification',''),(33,0,'merchant_payment_enabled',''),(34,0,'admin_enabled_paypal',''),(35,0,'admin_enabled_card',''),(36,0,'home_search_text',''),(37,0,'home_search_subtext',''),(38,0,'home_search_mode','address'),(39,0,'website_logo','1479144570-logo-desktop.png'),(40,0,'admin_decimal_place','0'),(41,0,'admin_use_separators',''),(42,0,'google_auto_address',''),(43,0,'home_search_radius','50'),(44,0,'home_search_unit_type','km'),(45,0,'google_default_country',''),(46,0,'enabled_advance_search',''),(47,0,'disabled_share_location',''),(48,0,'enabled_search_map','yes'),(49,0,'admin_currency_position','left'),(50,0,'merchant_default_country','CR'),(51,0,'merchant_specific_country',''),(52,0,'map_marker',''),(53,0,'global_admin_sender_email','support@fmarket.org'),(54,0,'merchant_disabled_registration',''),(55,0,'disabled_subscription',''),(56,0,'disabled_featured_merchant','yes'),(57,0,'merchant_days_can_edit_status','90'),(58,0,'disabled_website_ordering',''),(59,0,'admin_activated_menu',''),(60,0,'website_hide_foodprice',''),(61,0,'disabled_cc_management','yes'),(62,0,'merchant_reg_abn',''),(63,0,'spicydish',''),(64,0,'website_timezone','America/Costa_Rica'),(65,0,'website_admin_mutiple_login',''),(66,0,'website_merchant_mutiple_login',''),(67,0,'website_disabled_guest_checkout','yes'),(68,0,'website_reviews_actual_purchase',''),(69,0,'website_terms_merchant','yes'),(70,0,'website_terms_merchant_url','http://www.fmarket.org/store/page/terminos-y-condiciones-artesanos-de-la-comida'),(71,0,'website_terms_customer',''),(72,0,'website_terms_customer_url',''),(73,0,'admin_thousand_separator',''),(74,0,'admin_decimal_separator',''),(75,0,'website_disabled_login_popup',''),(76,0,'merchant_can_edit_reviews',''),(77,0,'website_enabled_rcpt',''),(78,0,'website_receipt_logo',''),(79,0,'disabled_cart_sticky',''),(80,0,'search_result_bydistance','2'),(81,0,'google_geo_api_key','AIzaSyBFyzgt4F3867sdmkTLpOpGtIqYtdYY5Ic'),(82,0,'website_enabled_map_address','2'),(83,0,'client_custom_field_name1',''),(84,0,'client_custom_field_name2',''),(85,0,'merchant_days_can_edit_status_basedon','1'),(86,0,'merchant_status_disabled','2'),(87,0,'view_map_disabled',''),(88,0,'view_map_default_zoom',''),(89,0,'view_map_default_zoom_s',''),(90,0,'receipt_default_subject',''),(91,0,'merchant_tbl_book_disabled','2'),(92,0,'merchant_changeorder_sms',''),(93,0,'customer_ask_address',''),(94,0,'captcha_site_key',''),(95,0,'captcha_secret',''),(96,0,'captcha_lang',''),(97,0,'captcha_customer_signup',''),(98,0,'captcha_merchant_signup',''),(99,0,'captcha_customer_login',''),(100,0,'captcha_merchant_login',''),(101,0,'captcha_admin_login',''),(102,0,'captcha_order',''),(103,0,'blocked_email_add',''),(104,0,'blocked_mobile',''),(105,0,'admin_zipcode_searchtype','2'),(106,0,'mobilelogo','1479144661-logo-desktop.png'),(107,0,'theme_enabled_email_verification',''),(108,0,'google_distance_method','straight_line'),(109,0,'google_use_curl',''),(110,0,'admin_menu_allowed_merchant',''),(116,0,'paymentgateway','[\\\"pyp\\\"]'),(117,0,'email_tpl_activation','<p>Hola {restaurant_name}<br></p><p>¡Gracias por unirte a esta gran comunidad de Artesanos independientes de la comida!</p><p>Hacé clic&nbsp;<a href=\\\"{website_url}\\\" style=\\\"background-color: rgb(255, 255, 255);\\\">aquí</a>&nbsp;para iniciar sesión o visitá {website_url}</p><p>Saludos.</p><p>- {website_title}</p>'),(118,0,'email_tpl_forgot','  <p>Hola {restaurant_name}<br></p>  <p>Tu código de verificación es: {verification_code}</p>  <p>Saludos,.</p><p>- {website_title}</p>'),(119,0,'email_tpl_customer_reg','<p style=\\\"text-align: center;\\\">Hola {client_name}<br style=\\\"text-align: center;\\\"></p><p style=\\\"text-align: center;\\\">Gracias por unirte a esta gran comunidad!</p><p style=\\\"text-align: center;\\\">Desde ahora, podés comprar tu comida artesanal favorita en 4 simples pasos:</p><p style=\\\"text-align: center;\\\">Conocelos mejor en&nbsp;<a href=\\\"http://www.fmarket.org/\\\" style=\\\"text-align: center;\\\">http://www.fmarket.org/</a></p><p style=\\\"text-align: center;\\\">- Equipo Food Market</p>'),(120,0,'email_tpl_customer_subject','Gracias por unirte a Food Market'),(121,0,'drv_google_api','AIzaSyBFyzgt4F3867sdmkTLpOpGtIqYtdYY5Ic'),(122,0,'drv_default_location','CR'),(123,0,'drv_order_status','Esperando aprobación de Express'),(124,0,'drv_map_style',''),(125,0,'drv_delivery_time','1'),(126,0,'drv_default_location_lat','9.748917'),(127,0,'drv_default_location_lng','-83.753428'),(128,0,'driver_api_hash_key','f8043736a12d4842ea80d9dbe171621e'),(129,0,'driver_push_api_key','AIzaSyCTI7q2-vhUEFWJdeonJqIl290NY84f1Os'),(130,0,'driver_website_title','Food Market'),(131,0,'driver_send_push_to_online',''),(132,0,'driver_owner_task','default'),(133,0,'driver_include_offline_driver_map',''),(134,0,'driver_disabled_auto_refresh',''),(135,0,'drv_order_cancel','Cancelado por Express'),(136,0,'show_language','1'),(137,0,'default_language','5'),(138,0,'set_lang_id','[\\\"5\\\"]'),(139,0,'enabled_multiple_translation',''),(140,0,'default_language_backend','5'),(141,0,'show_language_backend',''),(142,0,'mobile_dictionary','{\\\"enter_your_location\\\":{\\\"en\\\":\\\"Enter your location\\\",\\\"5\\\":\\\"Ingres\\\\u00e1 tu ubicaci\\\\u00f3n\\\"},\\\"use_my_location\\\":{\\\"en\\\":\\\"Use my current location\\\",\\\"5\\\":\\\"Usar mi ubicaci\\\\u00f3n actual\\\"},\\\"search_restaurant\\\":{\\\"en\\\":\\\"Search Restaurant\\\",\\\"5\\\":\\\"Buscar Artesano de la Comida\\\"},\\\"min_order\\\":{\\\"en\\\":\\\"Min. Order\\\",\\\"5\\\":\\\"Orden m\\\\u00ednima\\\"},\\\"delivery\\\":{\\\"en\\\":\\\"Delivery\\\",\\\"5\\\":\\\"Express\\\"},\\\"menu\\\":{\\\"en\\\":\\\"Menu\\\",\\\"5\\\":\\\"Men\\\\u00fa\\\"},\\\"opening_hours\\\":{\\\"en\\\":\\\"Opening Hours\\\",\\\"5\\\":\\\"Horas de apertura\\\"},\\\"book_a_table\\\":{\\\"en\\\":\\\"Book a table\\\",\\\"5\\\":\\\"Reserva de mesa\\\"},\\\"book_here\\\":{\\\"en\\\":\\\"Book Here\\\",\\\"5\\\":\\\"Reservar aqu\\\\u00ed\\\"},\\\"reviews\\\":{\\\"en\\\":\\\"Reviews\\\",\\\"5\\\":\\\"Opiniones\\\"},\\\"read_more_reviews\\\":{\\\"en\\\":\\\"Read More Reviews\\\",\\\"5\\\":\\\"Leer m\\\\u00e1s opiniones\\\"},\\\"map\\\":{\\\"en\\\":\\\"Map\\\",\\\"5\\\":\\\"Mapa\\\"},\\\"add_to_cart\\\":{\\\"en\\\":\\\"Add to Cart\\\",\\\"5\\\":\\\"A\\\\u00f1adir al carrito\\\"},\\\"total\\\":{\\\"en\\\":\\\"Total\\\",\\\"5\\\":\\\"Total\\\"},\\\"special_instruction\\\":{\\\"en\\\":\\\"Special Instructions\\\",\\\"5\\\":\\\"Instrucciones especiales\\\"},\\\"quantity\\\":{\\\"en\\\":\\\"Quantity\\\",\\\"5\\\":\\\"Cantidad\\\"},\\\"cooking_ref\\\":{\\\"en\\\":\\\"Cooking Preference\\\",\\\"5\\\":\\\"Preferencia de cocci\\\\u00f3n\\\"},\\\"ingredients\\\":{\\\"en\\\":\\\"Ingredients\\\",\\\"5\\\":\\\"Ingredientes\\\"},\\\"price\\\":{\\\"en\\\":\\\"Price\\\",\\\"5\\\":\\\"Precio\\\"},\\\"payment_methods\\\":{\\\"en\\\":\\\"Payment Methods\\\",\\\"5\\\":\\\"M\\\\u00e9todos de pago\\\"},\\\"resto_info\\\":{\\\"en\\\":\\\"Restaurant Info\\\",\\\"5\\\":\\\"Informaci\\\\u00f3n del restaurante\\\"},\\\"book_now\\\":{\\\"en\\\":\\\"Book Now!\\\",\\\"5\\\":\\\"Reservar ahora!\\\"},\\\"number_of_guest\\\":{\\\"en\\\":\\\"Number Of Guests\\\",\\\"5\\\":\\\"N\\\\u00famero de invitados\\\"},\\\"date_of_booking\\\":{\\\"en\\\":\\\"Date Of Booking\\\",\\\"5\\\":\\\"Fecha de la reservaci\\\\u00f3n\\\"},\\\"time_of_booking\\\":{\\\"en\\\":\\\"Time Of Booking\\\",\\\"5\\\":\\\"Hora de la reservaci\\\\u00f3n\\\"},\\\"name\\\":{\\\"en\\\":\\\"Name\\\",\\\"5\\\":\\\"Nombre\\\"},\\\"email_address\\\":{\\\"en\\\":\\\"Email Address\\\",\\\"5\\\":\\\"Correo electr\\\\u00f3nico\\\"},\\\"mobile_number\\\":{\\\"en\\\":\\\"Mobile Phone\\\",\\\"5\\\":\\\"N\\\\u00famero celular\\\"},\\\"your_instructions\\\":{\\\"en\\\":\\\"Your Instructions\\\",\\\"5\\\":\\\"Tus instrucciones\\\"},\\\"add_review\\\":{\\\"en\\\":\\\"Add Reviews\\\",\\\"5\\\":\\\"A\\\\u00f1adir opini\\\\u00f3n\\\"},\\\"your_rating\\\":{\\\"en\\\":\\\"Your Rating 1 to 5\\\",\\\"5\\\":\\\"Calificaci\\\\u00f3n de 1 a 5\\\"},\\\"validation_rating\\\":{\\\"en\\\":\\\"please put 1 to 5 rating\\\",\\\"5\\\":\\\"Coloc\\\\u00e1 tu calificaci\\\\u00f3n de 1 a 5\\\"},\\\"your_reviews\\\":{\\\"en\\\":\\\"Your reviews\\\",\\\"5\\\":\\\"Tus opiniones \\\"},\\\"published_review\\\":{\\\"en\\\":\\\"Publish Review\\\",\\\"5\\\":\\\"Publicar opini\\\\u00f3n\\\"},\\\"browse_resto\\\":{\\\"en\\\":\\\"Browse Restaurant\\\",\\\"5\\\":\\\"Explorar restaurante\\\"},\\\"processing\\\":{\\\"en\\\":\\\"processing\\\",\\\"5\\\":\\\"procesando\\\"},\\\"filter_resto\\\":{\\\"en\\\":\\\"Filter Restaurant\\\",\\\"5\\\":\\\"Filtrar Puestos de Comida\\\"},\\\"enter_resto_name\\\":{\\\"en\\\":\\\"Enter Restaurant name\\\",\\\"5\\\":\\\"Ingres\\\\u00e1 el nombre del Puesto de Comida\\\"},\\\"search\\\":{\\\"en\\\":\\\"Search\\\",\\\"5\\\":\\\"Buscar\\\"},\\\"profile\\\":{\\\"en\\\":\\\"Profile\\\",\\\"5\\\":\\\"Perfil\\\"},\\\"first_name\\\":{\\\"en\\\":\\\"First Name\\\",\\\"5\\\":\\\"Nombre\\\"},\\\"last_name\\\":{\\\"en\\\":\\\"Last Name\\\",\\\"5\\\":\\\"Apellido\\\"},\\\"password\\\":{\\\"en\\\":\\\"Password\\\",\\\"5\\\":\\\"Contrase\\\\u00f1a\\\"},\\\"save\\\":{\\\"en\\\":\\\"Save\\\",\\\"5\\\":\\\"Guardar\\\"},\\\"login_n_register\\\":{\\\"en\\\":\\\"Log in or Register\\\",\\\"5\\\":\\\"Iniciar sesi\\\\u00f3n o registrarse\\\"},\\\"please_log_or_reg\\\":{\\\"en\\\":\\\"Please log in or register to continue with<br>your order\\\",\\\"5\\\":\\\"Favor inici\\\\u00e1 sesi\\\\u00f3n o registrate para continuar con <br>tu orden\\\"},\\\"sigin_fb\\\":{\\\"en\\\":\\\"Sign in with Facebook\\\",\\\"5\\\":\\\"Iniciar sesi\\\\u00f3n con Facebook\\\"},\\\"or_use_your_email\\\":{\\\"en\\\":\\\"or use your email address\\\",\\\"5\\\":\\\"o utiliz\\\\u00e1 tu direcci\\\\u00f3n de correo electr\\\\u00f3nico\\\"},\\\"login\\\":{\\\"en\\\":\\\"Log In\\\",\\\"5\\\":\\\"Iniciar sesi\\\\u00f3n\\\"},\\\"you_dont_have_account\\\":{\\\"en\\\":\\\"You dont have account?\\\",\\\"5\\\":\\\"No ten\\\\u00e9s una cuenta?\\\"},\\\"create_account\\\":{\\\"en\\\":\\\"Create Account\\\",\\\"5\\\":\\\"Crear una cuenta\\\"},\\\"forgot_your_pass\\\":{\\\"en\\\":\\\"Forgot your password?\\\",\\\"5\\\":\\\"\\\\u00bfOlvidaste tu contrase\\\\u00f1a?\\\"},\\\"forgot_pass\\\":{\\\"en\\\":\\\"Forgot Password\\\",\\\"5\\\":\\\"Olvidaste contrase\\\\u00f1a\\\"},\\\"forgot_pass_message\\\":{\\\"en\\\":\\\"Enter your email address you registered<br\\\\/>with and we will send you instruction <br\\\\/>on how to reset your password\\\",\\\"5\\\":\\\"Ingres\\\\u00e1 la direcci\\\\u00f3n de correo electr\\\\u00f3nico con la que te registraste <br\\\\/>y te enviaremos instruciones de c\\\\u00f3mo <br\\\\/>cambiar tu contrase\\\\u00f1a\\\"},\\\"reset_password\\\":{\\\"en\\\":\\\"Reset Password\\\",\\\"5\\\":\\\"Cambiar contrase\\\\u00f1a\\\"},\\\"register\\\":{\\\"en\\\":\\\"Register\\\",\\\"5\\\":\\\"Registrarse\\\"},\\\"confirm_password\\\":{\\\"en\\\":\\\"Confirm Password\\\",\\\"5\\\":\\\"Confirmar contrase\\\\u00f1a\\\"},\\\"create_account_info\\\":{\\\"en\\\":\\\"By creating an account, you agree to receive sms from vendor\\\",\\\"5\\\":\\\"Al crear una nueva cuenta, acept\\\\u00e1s recibir mensajes SMS del Artesano de la Comida\\\"},\\\"your_recent_order\\\":{\\\"en\\\":\\\"Your Recent Order\\\",\\\"5\\\":\\\"Tu orden reciente\\\"},\\\"address_book\\\":{\\\"en\\\":\\\"Address Book\\\",\\\"5\\\":\\\"Lista de direcciones\\\"},\\\"address_book_details\\\":{\\\"en\\\":\\\"Address Book Details\\\",\\\"5\\\":\\\"Detalles de lista de direcciones\\\"},\\\"street\\\":{\\\"en\\\":\\\"Street\\\",\\\"5\\\":\\\"Calle\\\"},\\\"city\\\":{\\\"en\\\":\\\"City\\\",\\\"5\\\":\\\"Provincia\\\"},\\\"state\\\":{\\\"en\\\":\\\"State\\\",\\\"5\\\":\\\"Estado\\\"},\\\"zipcode\\\":{\\\"en\\\":\\\"Postal code\\\\/Zip Code\\\",\\\"5\\\":\\\"C\\\\u00f3digo postal\\\"},\\\"location_name\\\":{\\\"en\\\":\\\"Location name\\\",\\\"5\\\":\\\"Nombre de lugar\\\"},\\\"defaul_address\\\":{\\\"en\\\":\\\"Default address\\\",\\\"5\\\":\\\"Direcci\\\\u00f3n por defecto\\\"},\\\"view\\\":{\\\"en\\\":\\\"View\\\",\\\"5\\\":\\\"Ver\\\"},\\\"cancel\\\":{\\\"en\\\":\\\"Cancel\\\",\\\"5\\\":\\\"Cancelar\\\"},\\\"ok\\\":{\\\"en\\\":\\\"Ok\\\",\\\"5\\\":\\\"Ok\\\"},\\\"settings\\\":{\\\"en\\\":\\\"Settings\\\",\\\"5\\\":\\\"Configuraciones\\\"},\\\"notifications\\\":{\\\"en\\\":\\\"Notifications\\\",\\\"5\\\":\\\"Notificaciones\\\"},\\\"enabled_push_notification\\\":{\\\"en\\\":\\\"Enabled Push Notification\\\",\\\"5\\\":\\\"Habilitar notificaciones Push\\\"},\\\"others\\\":{\\\"en\\\":\\\"Others\\\",\\\"5\\\":\\\"Otros\\\"},\\\"change_location\\\":{\\\"en\\\":\\\"Change your location\\\",\\\"5\\\":\\\"Cambiar ubicaci\\\\u00f3n \\\"},\\\"select_country\\\":{\\\"en\\\":\\\"Select Country\\\",\\\"5\\\":\\\"Seleccionar pa\\\\u00eds\\\"},\\\"change_address\\\":{\\\"en\\\":\\\"Change Address\\\",\\\"5\\\":\\\"Cambiar direcci\\\\u00f3n \\\"},\\\"your_order\\\":{\\\"en\\\":\\\"Your Order\\\",\\\"5\\\":\\\"Tu orden\\\"},\\\"edit_order\\\":{\\\"en\\\":\\\"Edit Order\\\",\\\"5\\\":\\\"Editar orden\\\"},\\\"apply_changes\\\":{\\\"en\\\":\\\"Apply Changes\\\",\\\"5\\\":\\\"Aplicar cambios\\\"},\\\"filter_results\\\":{\\\"en\\\":\\\"Filter Results\\\",\\\"5\\\":\\\"Filtrar resultados\\\"},\\\"restaurant_found\\\":{\\\"en\\\":\\\"Restaurant found\\\",\\\"5\\\":\\\"Puesto(s) de comida encontrado(s)\\\"},\\\"validation_numeric\\\":{\\\"en\\\":\\\"The input value was not a correct number\\\",\\\"5\\\":\\\"En valor ingresado no es un n\\\\u00famero correcto\\\"},\\\"validaton_mandatory\\\":{\\\"en\\\":\\\"this field is mandatory!\\\",\\\"5\\\":\\\"Este campo es requerido!\\\"},\\\"validation_email\\\":{\\\"en\\\":\\\"You have not given a correct e-mail address!\\\",\\\"5\\\":\\\"No has ingresado un correo electr\\\\u00f3nico v\\\\u00e1lido!\\\"},\\\"services\\\":{\\\"en\\\":\\\"Services\\\",\\\"5\\\":\\\"Servicios\\\"},\\\"cuisine\\\":{\\\"en\\\":\\\"Cuisine\\\",\\\"5\\\":\\\"Tipo de cocina\\\"},\\\"delivery_only\\\":{\\\"en\\\":\\\"Delivery Only\\\",\\\"5\\\":\\\"Solo Express\\\"},\\\"delivery_n_pickup\\\":{\\\"en\\\":\\\"Delivery & Pickup\\\",\\\"5\\\":\\\"Express y Recogida en puesto\\\"},\\\"pickup_only\\\":{\\\"en\\\":\\\"Pickup Only\\\",\\\"5\\\":\\\"Recogida en puesto unicamente\\\"},\\\"searching_for_restaurant\\\":{\\\"en\\\":\\\"Searching for restaurant\\\",\\\"5\\\":\\\"Buscando Puestos de Comida\\\"},\\\"please_wait\\\":{\\\"en\\\":\\\"Please wait\\\",\\\"5\\\":\\\"Favor esper\\\\u00e1\\\"},\\\"address_is_required\\\":{\\\"en\\\":\\\"Address is required\\\",\\\"5\\\":\\\"Direcci\\\\u00f3n requerida\\\"},\\\"item_added_to_cart\\\":{\\\"en\\\":\\\"Item added to cart\\\",\\\"5\\\":\\\"Item agregado al carrito\\\"},\\\"cart\\\":{\\\"en\\\":\\\"Cart\\\",\\\"5\\\":\\\"Carrito\\\"},\\\"delivery_options\\\":{\\\"en\\\":\\\"Delivery Options\\\",\\\"5\\\":\\\"Opciones de entrega\\\"},\\\"change_your_address\\\":{\\\"en\\\":\\\"Change your address here\\\",\\\"5\\\":\\\"Cambi\\\\u00e1 tu direcci\\\\u00f3n aqu\\\\u00ed\\\"},\\\"checkout\\\":{\\\"en\\\":\\\"Checkout\\\",\\\"5\\\":\\\"Ordenar\\\"},\\\"delivery_time\\\":{\\\"en\\\":\\\"Delivery Time\\\",\\\"5\\\":\\\"Hora de entrega\\\"},\\\"pickup_time\\\":{\\\"en\\\":\\\"Pickup Time\\\",\\\"5\\\":\\\"Hora de recogida\\\"},\\\"pickup\\\":{\\\"en\\\":\\\"Pickup\\\",\\\"5\\\":\\\"Recogida en Puesto de Comida\\\"},\\\"packaging\\\":{\\\"en\\\":\\\"Packaging\\\",\\\"5\\\":\\\"Empaque\\\"},\\\"delivery_fee\\\":{\\\"en\\\":\\\"Delivery Fee\\\",\\\"5\\\":\\\"Costo de Express\\\"},\\\"sub_total\\\":{\\\"en\\\":\\\"Sub Total\\\",\\\"5\\\":\\\"Sub Total\\\"},\\\"shipping_address\\\":{\\\"en\\\":\\\"Shipping address\\\",\\\"5\\\":\\\"Direcci\\\\u00f3n de entrega\\\"},\\\"select_from_address\\\":{\\\"en\\\":\\\"Select from your address book\\\",\\\"5\\\":\\\"Seleccion\\\\u00e1 de tu lista de direcciones\\\"},\\\"contact_phone\\\":{\\\"en\\\":\\\"Contact phone\\\",\\\"5\\\":\\\"Tel\\\\u00e9fono de contacto\\\"},\\\"location_name2\\\":{\\\"en\\\":\\\"Apartment suite, unit number, or company name\\\",\\\"5\\\":\\\"Apartamento, # de casa, o nombre de empresa\\\"},\\\"delivery_instruction\\\":{\\\"en\\\":\\\"Delivery instructions\\\",\\\"5\\\":\\\"Instrucciones de entrega\\\"},\\\"select_payment_method\\\":{\\\"en\\\":\\\"Select Payment Method\\\",\\\"5\\\":\\\"Seleccion\\\\u00e1 una forma de pago\\\"},\\\"please_select_payment_method\\\":{\\\"en\\\":\\\"Please select payment method\\\",\\\"5\\\":\\\"Favor, seleccion\\\\u00e1 una forma de pago\\\"},\\\"please_select_payment_provider\\\":{\\\"en\\\":\\\"Please select payment provider\\\",\\\"5\\\":\\\"Favor, seleccion\\\\u00e1 un proveedor de pago\\\"},\\\"how_you_like_pay\\\":{\\\"en\\\":\\\"How would you like to pay?\\\",\\\"5\\\":\\\"\\\\u00bfC\\\\u00f3mo deseas pagar?\\\"},\\\"place_order\\\":{\\\"en\\\":\\\"Place Order\\\",\\\"5\\\":\\\"Colocar orden\\\"},\\\"order_change\\\":{\\\"en\\\":\\\"change? For how much?\\\",\\\"5\\\":\\\"Cambio? con cupanto vas a pagar: Ej: 20 mil colones\\\"},\\\"thank_you\\\":{\\\"en\\\":\\\"Thank You\\\",\\\"5\\\":\\\"Gracias\\\"},\\\"back_to_home\\\":{\\\"en\\\":\\\"back to home\\\",\\\"5\\\":\\\"Volver a inicio\\\"},\\\"receipt\\\":{\\\"en\\\":\\\"Receipt\\\",\\\"5\\\":\\\"Recibo\\\"},\\\"home\\\":{\\\"en\\\":\\\"Home\\\",\\\"5\\\":\\\"Inicio\\\"},\\\"orders\\\":{\\\"en\\\":\\\"Orders\\\",\\\"5\\\":\\\"\\\\u00d3rdenes\\\"},\\\"logout\\\":{\\\"en\\\":\\\"Logout\\\",\\\"5\\\":\\\"Cerrar sesi\\\\u00f3n\\\"},\\\"order_details\\\":{\\\"en\\\":\\\"Order Details\\\",\\\"5\\\":\\\"Detalle de orden\\\"},\\\"items\\\":{\\\"en\\\":\\\"Items\\\",\\\"5\\\":\\\"Items\\\"},\\\"status_history\\\":{\\\"en\\\":\\\"Status History\\\",\\\"5\\\":\\\"Historial de estados\\\"},\\\"click_here_to_reorder\\\":{\\\"en\\\":\\\"Click here to Re-order\\\",\\\"5\\\":\\\"Clic aqu\\\\u00ed para ordenar lo mismo\\\"},\\\"country\\\":{\\\"en\\\":\\\"Country\\\",\\\"5\\\":\\\"Pa\\\\u00eds\\\"},\\\"you_are_now_logout\\\":{\\\"en\\\":\\\"Your are now logout\\\",\\\"5\\\":\\\"Has cerrado sesi\\\\u00f3n\\\"},\\\"signup\\\":{\\\"en\\\":\\\"Signup\\\",\\\"5\\\":\\\"Registrarse\\\"},\\\"sign_in\\\":{\\\"en\\\":\\\"Sign in\\\",\\\"5\\\":\\\"Iniciar sesi\\\\u00f3n\\\"},\\\"create_account_terms\\\":{\\\"en\\\":\\\"By creating an account, you agree to receive sms from vendor.\\\",\\\"5\\\":\\\"Al crear una nueva cuenta, acept\\\\u00e1s recibir mensajes SMS del Artesano de la comida\\\"},\\\"enter_your_address\\\":{\\\"en\\\":\\\"Enter your address\\\",\\\"5\\\":\\\"Ingres\\\\u00e1 tu direcci\\\\u00f3n\\\"},\\\"item_not_available\\\":{\\\"en\\\":\\\"item not available\\\",\\\"5\\\":\\\"Item no disponible\\\"},\\\"connection_lost\\\":{\\\"en\\\":\\\"CONNECTION LOST\\\",\\\"5\\\":\\\"SE HA PERDIDO CONEXI\\\\u00d3N\\\"},\\\"network_error\\\":{\\\"en\\\":\\\"Network error has occurred please try again!\\\",\\\"5\\\":\\\"Ha ocurrido un problema de conexi\\\\u00f3n, intent\\\\u00e1 de nuevo\\\"},\\\"this_restaurant_no_menu\\\":{\\\"en\\\":\\\"This restaurant has not published their menu yet.\\\",\\\"5\\\":\\\"Este Artesano de la comida no ha publicado a\\\\u00fan su men\\\\u00fa\\\"},\\\"restaurant_close\\\":{\\\"en\\\":\\\"This Restaurant Is Closed Now.  Please Check The Opening Times\\\",\\\"5\\\":\\\"Este Puesto de comida est\\\\u00e1 cerrado. Revis\\\\u00e1 su horario\\\"},\\\"your_cart_is_empty\\\":{\\\"en\\\":\\\"Your cart is empty\\\",\\\"5\\\":\\\"Tu carrito est\\\\u00e1 vac\\\\u00edo\\\"},\\\"pickup_time_is_required\\\":{\\\"en\\\":\\\"Pickup time is required\\\",\\\"5\\\":\\\"Necesitamos saber a qu\\\\u00e9 hora recoger\\\\u00e1s tu pedido\\\"},\\\"time_is_required\\\":{\\\"en\\\":\\\"time is required\\\",\\\"5\\\":\\\"Ten\\\\u00e9s que definir a hora de entrega\\\"},\\\"sorry_but_you_can_select\\\":{\\\"en\\\":\\\"Sorry but you can select only\\\",\\\"5\\\":\\\"Disculp\\\\u00e1, pero solo pod\\\\u00e9s seleccionar\\\"},\\\"addon\\\":{\\\"en\\\":\\\"addon\\\",\\\"5\\\":\\\"adicional\\\"},\\\"cannot_set_address\\\":{\\\"en\\\":\\\"Error: cannot set address book\\\",\\\"5\\\":\\\"Error, no pod\\\\u00e9s agregar una direcci\\\\u00f3n en tu libreta de direcciones\\\"},\\\"tap_to_retry\\\":{\\\"en\\\":\\\"Tap to retry\\\",\\\"5\\\":\\\"Tap para reintentar\\\"},\\\"home_search_placeholder\\\":{\\\"en\\\":\\\"Street Address,City,State\\\",\\\"5\\\":\\\"Direcci\\\\u00f3n,Cant\\\\u00f3n,Provincia\\\"},\\\"select_your_language\\\":{\\\"en\\\":\\\"Select your language\\\",\\\"5\\\":\\\"Seleccion\\\\u00e1 tu Idioma preferido\\\"},\\\"language\\\":{\\\"en\\\":\\\"Language\\\",\\\"5\\\":\\\"Idioma\\\"},\\\"delete_this_records\\\":{\\\"en\\\":\\\"Delete this records?\\\",\\\"5\\\":\\\"Eliminar estos registros?\\\"},\\\"voucher\\\":{\\\"en\\\":\\\"Voucher\\\",\\\"5\\\":\\\"Cup\\\\u00f3n\\\"},\\\"enter_voucher_here\\\":{\\\"en\\\":\\\"Enter Voucher here\\\",\\\"5\\\":\\\"Ingres\\\\u00e1 el cup\\\\u00f3n aqu\\\\u00ed\\\"},\\\"apply_voucher\\\":{\\\"en\\\":\\\"Apply Voucher\\\",\\\"5\\\":\\\"Aplicar cup\\\\u00f3n\\\"},\\\"invalid_voucher_code\\\":{\\\"en\\\":\\\"invalid voucher code\\\",\\\"5\\\":\\\"c\\\\u00f3digo de cup\\\\u00f3n inv\\\\u00e1lido\\\"},\\\"remove_voucher\\\":{\\\"en\\\":\\\"Remove Voucher\\\",\\\"5\\\":\\\"Eliminar cup\\\\u00f3n\\\"},\\\"save_address_book\\\":{\\\"en\\\":\\\"Save to my address book\\\",\\\"5\\\":\\\"Guardar en mi libreta de direcciones\\\"},\\\"pay_atz\\\":{\\\"en\\\":\\\"Pay using Authorize.net\\\",\\\"5\\\":\\\"Pagar usando Authorize.net\\\"},\\\"cc_number\\\":{\\\"en\\\":\\\"Credit Card Number\\\",\\\"5\\\":\\\"N\\\\u00famero de tarjeta de cr\\\\u00e9dito\\\"},\\\"expiration_month\\\":{\\\"en\\\":\\\"Expiration Month\\\",\\\"5\\\":\\\"Mes de vencimiento\\\"},\\\"expiration_year\\\":{\\\"en\\\":\\\"Expiration Year\\\",\\\"5\\\":\\\"A\\\\u00f1o de vencimiento\\\"},\\\"cvv\\\":{\\\"en\\\":\\\"CVV\\\",\\\"5\\\":\\\"CVV\\\"},\\\"pay_now\\\":{\\\"en\\\":\\\"Pay Now\\\",\\\"5\\\":\\\"Pagar ahora\\\"},\\\"pay_stripe\\\":{\\\"en\\\":\\\"Pay using Stripe\\\",\\\"5\\\":\\\"Pagar usando Stripe\\\"},\\\"signup_validation\\\":{\\\"en\\\":\\\"Signup Validation\\\",\\\"5\\\":\\\"Validaci\\\\u00f3n de inicio de sesi\\\\u00f3n\\\"},\\\"submit\\\":{\\\"en\\\":\\\"Submit\\\",\\\"5\\\":\\\"Enviar\\\"},\\\"validation_mobile_help_msg\\\":{\\\"en\\\":\\\"We have sent verification code to your mobile number\\\",\\\"5\\\":\\\"Hemos enviado un SMS con el c\\\\u00f3digo de verificaci\\\\u00f3n a tu n\\\\u00famero celular\\\"},\\\"validation_email_help_msg\\\":{\\\"en\\\":\\\"We have sent verification code to your email address\\\",\\\"5\\\":\\\"Hemos enviado un mensaje con el c\\\\u00f3digo de verificaci\\\\u00f3n a tu correo electr\\\\u00f3nico\\\"},\\\"enter_your_verification_code\\\":{\\\"en\\\":\\\"Please enter you verification code\\\",\\\"5\\\":\\\"Ingres\\\\u00e1 el c\\\\u00f3digo de verificaci\\\\u00f3n que recibiste\\\"},\\\"my_points\\\":{\\\"en\\\":\\\"My Points\\\",\\\"5\\\":\\\"Puntos\\\"},\\\"available_points\\\":{\\\"en\\\":\\\"Available Points\\\",\\\"5\\\":\\\"Puntos disponibles\\\"},\\\"expenses_points\\\":{\\\"en\\\":\\\"Expenses Points\\\",\\\"5\\\":\\\"Puntos por Gastos\\\"},\\\"expired_points\\\":{\\\"en\\\":\\\"Expired Points\\\",\\\"5\\\":\\\"Puntos Expirados\\\"},\\\"points\\\":{\\\"en\\\":\\\"Points\\\",\\\"5\\\":\\\"Puntos\\\"},\\\"redeem\\\":{\\\"en\\\":\\\"Redeem\\\",\\\"5\\\":\\\"Redimir\\\"},\\\"invalid_redeem_points\\\":{\\\"en\\\":\\\"invalid redeem points\\\",\\\"5\\\":\\\"puntos para redimir inv\\\\u00e1lidos\\\"},\\\"your_points\\\":{\\\"en\\\":\\\"Your points\\\",\\\"5\\\":\\\"Tus puntos\\\"},\\\"device_id\\\":{\\\"en\\\":\\\"Device ID\\\",\\\"5\\\":\\\"ID de dispositivo\\\"},\\\"your_gps\\\":{\\\"en\\\":\\\"Your GPS is disabled, this app needs to be enabled to work.\\\",\\\"5\\\":\\\"Tu GPS est\\\\u00e1 deshabilitado, Food Market necesita que habilit\\\\u00e9s los servicios de ubicaci\\\\u00f3n de tu celular para funcionar\\\"},\\\"use_gps_for_location\\\":{\\\"en\\\":\\\"Use GPS for location.\\\",\\\"5\\\":\\\"Usar la ubicaci\\\\u00f3n de mi dispositivo\\\"},\\\"improve_location_accuracy\\\":{\\\"en\\\":\\\"Improve location accuracy\\\",\\\"5\\\":\\\"Mejorar la exactitud de ubicaci\\\\u00f3n\\\"},\\\"later\\\":{\\\"en\\\":\\\"Later\\\",\\\"5\\\":\\\"Despu\\\\u00e9s\\\"},\\\"go\\\":{\\\"en\\\":\\\"Go\\\",\\\"5\\\":\\\"Ir\\\"},\\\"close_app\\\":{\\\"en\\\":\\\"Are you sure to close the app\\\",\\\"5\\\":\\\"Est\\\\u00e1s seguro de cerrar Food Market\\\"},\\\"address\\\":{\\\"en\\\":\\\"Address\\\",\\\"5\\\":\\\"Direcci\\\\u00f3n\\\"},\\\"turn_off_location\\\":{\\\"en\\\":\\\"You have choosen not to turn on location accuracy\\\",\\\"5\\\":\\\"Has seleccionado no utilizar la exactitud de ubicaci\\\\u00f3n\\\"},\\\"key_id_empty\\\":{\\\"en\\\":\\\"Key id is empty\\\",\\\"5\\\":\\\"Key id est\\\\u00e1 vac\\\\u00eda\\\"},\\\"you_are_here\\\":{\\\"en\\\":\\\"You are here\\\",\\\"5\\\":\\\"Est\\\\u00e1s aqu\\\\u00ed\\\"},\\\"view_direction\\\":{\\\"en\\\":\\\"View Direction\\\",\\\"5\\\":\\\"Ver direcci\\\\u00f3n\\\"},\\\"terms_n_condition\\\":{\\\"en\\\":\\\"I Agree To The Terms & Conditions\\\",\\\"5\\\":\\\"Acepto los t\\\\u00e9rminos y condiciones\\\"},\\\"agree_terms\\\":{\\\"en\\\":\\\"You must agree to terms & conditions\\\",\\\"5\\\":\\\"Deb\\\\u00e9s aceptar los t\\\\u00e9rminos y condiciones\\\"},\\\"verify_account\\\":{\\\"en\\\":\\\"Verify your account\\\",\\\"5\\\":\\\"Verificar cuenta\\\"},\\\"or\\\":{\\\"en\\\":\\\"Or\\\",\\\"5\\\":\\\"o\\\"},\\\"code\\\":{\\\"en\\\":\\\"Code\\\",\\\"5\\\":\\\"C\\\\u00f3digo\\\"},\\\"discount_offer\\\":{\\\"en\\\":\\\"you request cannot be applied you have offer discount already\\\",\\\"5\\\":\\\"tu petici\\\\u00f3n no puede ser aplicada a una orden que ya tiene oferta de descuento\\\"},\\\"search_restaurant_by_map\\\":{\\\"en\\\":\\\"Search Restaurant by map\\\",\\\"5\\\":\\\"Buscar Puesto de Comida en el mapa\\\"},\\\"press_marker\\\":{\\\"en\\\":\\\"Press on marker 2 seconds to drag\\\",\\\"5\\\":\\\"Presion\\\\u00e1 el marcador dos segundos para arrastrarlo\\\"},\\\"drag_the_marker\\\":{\\\"en\\\":\\\"Drag the marker to search for restauran\\\",\\\"5\\\":\\\"Arrastr\\\\u00e1 el marcador para buscar un restaurante\\\"},\\\"select_from_address_map\\\":{\\\"en\\\":\\\"Select your address from map\\\",\\\"5\\\":\\\"Seleccion\\\\u00e1 tu direcci\\\\u00f3n en el mapa\\\"},\\\"delivery_address\\\":{\\\"en\\\":\\\"Delivery Address\\\",\\\"5\\\":\\\"Direcci\\\\u00f3n de entrega\\\"},\\\"delivery_address_required\\\":{\\\"en\\\":\\\"Delivery address is required\\\",\\\"5\\\":\\\"Direcci\\\\u00f3n de entrega es requerida\\\"},\\\"use_this_address\\\":{\\\"en\\\":\\\"Use this address\\\",\\\"5\\\":\\\"Usar esta direcci\\\\u00f3n\\\"},\\\"yes\\\":{\\\"en\\\":\\\"Yes\\\",\\\"5\\\":\\\"S\\\\u00ed\\\"},\\\"no\\\":{\\\"en\\\":\\\"No\\\",\\\"5\\\":\\\"No\\\"},\\\"deliver_asap\\\":{\\\"en\\\":\\\"Deliver Asap\\\",\\\"5\\\":\\\"Entregar cuanto antes\\\"},\\\"order_option\\\":{\\\"en\\\":\\\"Order Options\\\",\\\"5\\\":\\\"Opciones de la orden\\\"},\\\"show_order_details\\\":{\\\"en\\\":\\\"Show Order Details\\\",\\\"5\\\":\\\"Mostrar detalles de la orden\\\"},\\\"track_your_order\\\":{\\\"en\\\":\\\"Track your Order\\\",\\\"5\\\":\\\"Rastrear tu orden\\\"},\\\"order_status\\\":{\\\"en\\\":\\\"Order Status\\\",\\\"5\\\":\\\"Estado de la orden\\\"},\\\"track_driver\\\":{\\\"en\\\":\\\"Track Driver\\\",\\\"5\\\":\\\"Seguir conductor\\\"},\\\"driver_name\\\":{\\\"en\\\":\\\"Driver name\\\",\\\"5\\\":\\\"Nombre del conductor\\\"},\\\"your_delivery_guy\\\":{\\\"en\\\":\\\"Your Delivery Guy\\\",\\\"5\\\":\\\"\\\\u00c9l\\\\/Ella entregar\\\\u00e1 tu pedido\\\"},\\\"enter_your_contact\\\":{\\\"en\\\":\\\"Enter Your Contact Number\\\",\\\"5\\\":\\\"Ingres\\\\u00e1 tu n\\\\u00famero de contacto\\\"},\\\"net_connection_lost\\\":{\\\"en\\\":\\\"Internet connection lost\\\",\\\"5\\\":\\\"Se perdi\\\\u00f3 la conecci\\\\u00f3n a Internet\\\"},\\\"tip_amount\\\":{\\\"en\\\":\\\"Tip Amount\\\",\\\"5\\\":\\\"Monto de la propina\\\"},\\\"select_tips\\\":{\\\"en\\\":\\\"Select Tips\\\",\\\"5\\\":\\\"Seleccion\\\\u00e1 propinas\\\"},\\\"tips\\\":{\\\"en\\\":\\\"Tips\\\",\\\"5\\\":\\\"Propinas\\\"},\\\"remove_tips\\\":{\\\"en\\\":\\\"Remove Tips\\\",\\\"5\\\":\\\"Eliminar propinas\\\"},\\\"credit_card\\\":{\\\"en\\\":\\\"Credit Card\\\",\\\"5\\\":\\\"Tarjeta de cr\\\\u00e9dito\\\"},\\\"add_credit_card\\\":{\\\"en\\\":\\\"Add Credit Card\\\",\\\"5\\\":\\\"A\\\\u00f1adir tarjeta de cr\\\\u00e9dito\\\"},\\\"billing_address\\\":{\\\"en\\\":\\\"Billing Address\\\",\\\"5\\\":\\\"Direcci\\\\u00f3n de facturaci\\\\u00f3n\\\"},\\\"card_name\\\":{\\\"en\\\":\\\"Card name\\\",\\\"5\\\":\\\"Nombre en la tarjeta\\\"},\\\"please_select_cc\\\":{\\\"en\\\":\\\"Please select credit card\\\",\\\"5\\\":\\\"Favor seleccion\\\\u00e1 una tarjeta de cr\\\\u00e9dito\\\"},\\\"choose_action\\\":{\\\"en\\\":\\\"Choose action\\\",\\\"5\\\":\\\"Seleccion\\\\u00e1 una acci\\\\u00f3n\\\"},\\\"use_this_card\\\":{\\\"en\\\":\\\"Use this card\\\",\\\"5\\\":\\\"Usar esta tarjeta\\\"},\\\"edit_this_card\\\":{\\\"en\\\":\\\"Edit this card\\\",\\\"5\\\":\\\"Editar esta tarjeta\\\"},\\\"delete\\\":{\\\"en\\\":\\\"Delete\\\",\\\"5\\\":\\\"Eliminar\\\"},\\\"ordering_disabled\\\":{\\\"en\\\":\\\"Ordering is disabled\\\",\\\"5\\\":\\\"No se puede ordenar\\\"},\\\"location_off\\\":{\\\"en\\\":\\\"Your device has no access to location Would you like to switch to the Location Settings page and do this manually?\\\",\\\"5\\\":\\\"Tu dispositivo no tiene acceso a servicios de ubicaci\\\\u00f3n. Te gustar\\\\u00eda ingresar las configuraciones de ubicaci\\\\u00f3n manualmente?\\\"}}'),(143,0,'merchant_android_api_key','AIzaSyA3y97LssL_168-BDHxku3fOqXK-nuxpeM'),(144,0,'tpl_order_accept_title','Se ha cambiado el estado de tu pedido'),(145,0,'tpl_order_accept_content','<p>Hola {customer_name}</p><p>La orden {order_id} ha sido cambiada a {order_status}</p><p>Detalles : {remarks}</p><p>Saludos,</p><p>&nbsp;- Food Market<br></p><div><br></div>'),(146,0,'tpl_order_denied_title','La orden {order_id} ha sido denegada'),(147,0,'tpl_order_denied_content','<p>Hola {customer_name}</p><p>La orden {order_id} ha sido denegada por el Artesano de la Comida. </p><p>Estaremos gestionando el contracargo a tu tarjeta de crédito:</p><p>remarks : {remarks}</p><p>Saludos,</p><p>&nbsp;- Food Market</p>'),(148,0,'tpl_order_change_title','Tu orden {order_id} ha cambiado de estado a {order_status}'),(149,0,'tpl_order_change_content','<p>Hola {customer_name}</p><p><br></p><p>El estado de la orden {order_id} &nbsp;ha cambiado a {order_status}.</p><p>Detalles : {remarks}</p><p>¡Saludos!</p><p>&nbsp;- Food Market</p><div><br></div>'),(150,0,'sms_tpl_order_accept_content','Tu orden {order_id} ha sido aceptada, comentarios: {remarks}'),(151,0,'sms_tpl_order_denied_content','Tu orden {order_id} ha sido denegada. Detalles: {remarks}'),(152,0,'sms_tpl_order_change_content','Your {order_id} status has changed to {order_status}\r\nremarks : {remarks}'),(153,0,'push_tpl_new_order_title','Nueva orden #{order_id} por : {total_amount}'),(154,0,'push_tpl_new_order_content','{merchant_name} tienes una nueva orden de {customer_name}\r\ncon el número:{order_id} por un total de {total_amount}'),(155,0,'mt_ios_push_dev_cer','OrderApp_Development.pem'),(156,0,'mt_ios_push_prod_cer','OrderApp_Production.pem'),(157,0,'mt_ios_push_mode','development'),(158,0,'mt_ios_passphrase',''),(159,0,'push_tpl_booking_title','New booking # {booking_id} from {booking_name}'),(160,0,'push_tpl_booking_content','{merchant_name}  you have new booking from\r\nname : {booking_name}\r\ndate of booking : {booking_date} {booking_time}\r\nnumber of guest : {number_of_guest}'),(161,0,'tpl_booking_approved_title','Your Booking # {booking_id}  has been approved'),(162,0,'tpl_booking_approved_content','<p>hi {booking_name}</p><p><br></p><p>you booking #{booking_id} has been approved</p><p>booking date : {booking_date}</p><p>time : {booking_time}<br></p><p>remarks : {remarks}<br></p><p><br></p><p>regards</p><p>&nbsp; - Food market<br></p><div><br></div>'),(163,0,'tpl_booking_denied_title','Your Booking # {booking_id}  has been denied'),(164,0,'tpl_booking_denied_content','<p>hi {booking_name}</p><p>you booking #{booking_id} has been denied</p><p>remarks : {remarks}</p><p><br></p><p>regards</p><p>&nbsp; - Food market</p><div><br></div>'),(165,0,'merchant_app_pending_tabs',''),(166,0,'merchant_app_new_order_status','0'),(167,0,'merchant_app_hash_key','54af5595f694cfc06334f0bef3ebf154'),(168,0,'admin_paypal_mode','sandbox'),(169,0,'admin_sanbox_paypal_user','andres_api1.buzz.cr'),(170,0,'admin_sanbox_paypal_pass','E49JDGFYMRNDTN47'),(171,0,'admin_sanbox_paypal_signature','AFcWxV21C7fd0v3bYYYRCpSSRl31Atkmazb.acLHjUiTDzV6zcPuuWpx'),(172,0,'admin_live_paypal_user',''),(173,0,'admin_live_paypal_pass',''),(174,0,'admin_live_paypal_signature',''),(175,0,'admin_paypal_fee',''),(176,0,'adm_paypal_mobile_enabled','yes'),(177,0,'adm_paypal_mobile_mode','sandbox'),(178,0,'adm_paypal_mobile_clientid','AW-tGXmNZYGO60CLOMFqaxnRv5XvsXRCCoy3ZodZv9QYRLiPfwVyOP7czrMqiqnXxvxykSm8NqFdqEQw'),(179,0,'theme_hide_logo',''),(180,0,'theme_hide_how_works',''),(181,0,'theme_hide_cuisine',''),(182,0,'social_flag',''),(183,0,'theme_custom_footer',''),(184,0,'theme_show_app','2'),(185,0,'theme_app_android','#'),(186,0,'theme_app_ios','#'),(187,0,'theme_app_windows',''),(188,0,'theme_filter_colapse',''),(189,0,'theme_list_style','gridview'),(190,0,'theme_menu_colapse',''),(191,0,'theme_top_menu','[\\\"browse\\\",\\\"resto_signup\\\",\\\"contact\\\",\\\"signup\\\"]'),(192,0,'theme_promo_tab',''),(193,0,'theme_hours_tab',''),(194,0,'theme_reviews_tab',''),(195,0,'theme_map_tab',''),(196,0,'theme_info_tab',''),(197,0,'theme_photos_tab',''),(198,0,'cookie_law_enabled',''),(199,0,'cookie_accept_text',''),(200,0,'cookie_info_text',''),(201,0,'cookie_msg_text',''),(202,0,'cookie_info_link',''),(203,0,'theme_search_merchant_name',''),(204,0,'theme_search_street_name',''),(205,0,'theme_search_cuisine',''),(206,0,'theme_search_foodname',''),(207,0,'theme_compression',''),(208,0,'theme_search_merchant_address',''),(209,0,'theme_lang_pos','bottom'),(210,0,'theme_hide_footer_section1',''),(211,0,'theme_hide_footer_section2',''),(212,0,'theme_time_pick',''),(213,0,'admin_commission_enabled','yes'),(214,0,'admin_disabled_membership',''),(215,0,'admin_commision_percent','10'),(216,0,'admin_vat_no',''),(217,0,'admin_vat_percent',''),(218,0,'total_commission_status',''),(219,0,'admin_commision_ontop','1'),(220,0,'admin_commision_type','percentage'),(221,0,'admin_include_merchant_cod',''),(222,0,'admin_exclude_cod_balance',''),(223,0,'admin_disabled_membership_signup','1'),(224,0,'wd_paypal_minimum',''),(225,0,'wd_bank_minimum','3'),(226,0,'wd_days_process','5'),(227,0,'wd_paypal',''),(228,0,'wd_paypal_mode',''),(229,0,'wd_paypal_mode_user',''),(230,0,'wd_paypal_mode_pass',''),(231,0,'wd_paypal_mode_signature',''),(232,0,'wd_bank_deposit','2'),(233,0,'wd_template_payout','<p>Hola {merchant-name},</p><br><p>Te informamos que hemos recibido tu solicitud de retiro por {payout-amount} a través {payment-method} en la cuenta {account}</p><br> <p>Podés cancelar esta solicitud en cualquier momento antes de {cancel-date} aquí:<br>{cancel-link}</p><p>Completaremos el procesamiento de esta solicitud el &nbsp;{process-date} (o el siguiente día hábil), sin embargo puede tomar hasta 7 días para que aparezca en tu cuenta. Cuando se complete el procesamiento, recibirás un segundo mensaje de confirmación.</p><br><p> Saludos,</p>'),(234,0,'wd_template_process','<p>Hola {merchant-name},</p><br><p>Hemos procesado tu solicitud por el monto {payout-amount} a través de {payment-method}.</p><p>Tu pago ya fue enviado a la cuenta {acoount}, por lo que debes esperar 24 horas hábiles para que SINPE procese tu pago.</p><br> <p>¡Gracias por vender a través de Food Market!</p><br><p> Saludos,</p>'),(235,0,'wd_enabled_paypal',''),(236,0,'wd_payout_disabled',''),(237,0,'wd_payout_notification','2'),(238,0,'wd_template_payout_subject','Tu solicitud de retiro ha sido recibida'),(239,0,'wd_template_process_subject','Your Request for Withdrawal has been Processed'),(240,0,'wd_bank_fields','default'),(241,0,'sms_sender_id',''),(242,0,'sms_account_id',''),(243,0,'sms_token',''),(244,0,'mechant_sms_enabled','yes'),(245,0,'sms_provider','nexmo'),(246,0,'nexmo_sender_id','NexmoWorks'),(247,0,'nexmo_key','b86db591'),(248,0,'nexmo_secret','bae8c143a0470559'),(249,0,'nexmo_use_curl',''),(250,0,'privatesms_username',''),(251,0,'privatesms_password',''),(252,0,'privatesms_sender',''),(253,0,'clickatel_user',''),(254,0,'clickatel_password',''),(255,0,'clickatel_api_id',''),(256,0,'clickatel_use_curl',''),(257,0,'nexmo_use_unicode',''),(258,0,'clickatel_use_unicode',''),(259,0,'clickatel_sender',''),(260,0,'mechant_sms_purchase_disabled','yes'),(261,0,'bhashsms_user',''),(262,0,'bhashsms_pass',''),(263,0,'bhashsms_senderid',''),(264,0,'bhashsms_smstype','normal'),(265,0,'bhashsms_priority','ndnd'),(266,0,'bhashsms_use_curl',''),(267,0,'smsglobal_senderid',''),(268,0,'smsglobal_username',''),(269,0,'smsglobal_password',''),(270,0,'swift_accountkey',''),(271,0,'swift_usecurl',''),(272,0,'solutionsinfini_apikey',''),(273,0,'solutionsinfini_usecurl',''),(274,0,'solutionsinfini_useunicode',''),(275,0,'solutionsinfini_sender',''),(276,0,'smtp_host','ssl://smtp.gmail.com'),(277,0,'smtp_port','465'),(278,0,'smtp_username','digital@buzz.cr'),(279,0,'smtp_password','miviola32'),(280,0,'email_provider','smtp'),(281,0,'mandrill_api_key',''),(285,1,'merchant_information','<p style=\\\"margin-bottom: 1em; padding: 0px; font-size: 12px; letter-spacing: 0.01em; line-height: 1.4em; color: rgb(0, 0, 0); text-align: justify;\\\">Ya lo recalcó Confucio cuando dijo que “comer, beber y hacer el amor son los tres más grandes instintos del ser humano”. Y es que en la cocina se generan y construyen sentimientos incalculables de amor, pues no por gusto los médicos hablan del efecto “placebo”, como aquel que puede borrar o mitigar las más agudas dolencias o enfermedades.</p><p style=\\\"margin-bottom: 1em; padding: 0px; font-size: 12px; letter-spacing: 0.01em; line-height: 1.4em; color: rgb(0, 0, 0); text-align: justify;\\\">El placer de comer y beber ha estado siempre ligado al amor que nace y se conserva a través del tiempo, que se alimenta con días de pasión, donde siempre está presente ese momento imborrable en el que comemos o bebemos algo unidos a la persona que amamos.<br style=\\\"margin: 0px; padding: 0px;\\\">Muchas parejas guardan como tesoro incalculable la carta menú del primer restaurante que visitaron juntos, la botella de vino que disfrutaron en su primera salida o simplemente su corcho, y que decir de los chocolates, los cakes, el champagne y sus burbujas, las uvas, o el recuerdo del primer café tempranero que se tomaron junto a su ser más querido.</p>'),(286,1,'shipping_enabled',''),(287,1,'free_delivery_above_price','100'),(288,1,'merchant_minimum_order','2'),(289,1,'merchant_tax','13'),(290,1,'merchant_delivery_charges','2'),(291,1,'stores_open_day',''),(292,1,'stores_open_starts','{\\\"monday\\\":\\\"9:25\\\",\\\"tuesday\\\":\\\"9:25\\\",\\\"wednesday\\\":\\\"21:25\\\",\\\"thursday\\\":\\\"9:25\\\",\\\"friday\\\":\\\"10:25\\\",\\\"saturday\\\":false,\\\"sunday\\\":false}'),(293,1,'stores_open_ends','{\\\"monday\\\":\\\"17:25\\\",\\\"tuesday\\\":\\\"17:25\\\",\\\"wednesday\\\":\\\"17:25\\\",\\\"thursday\\\":\\\"17:25\\\",\\\"friday\\\":\\\"12:25\\\",\\\"saturday\\\":false,\\\"sunday\\\":false}'),(294,1,'stores_open_custom_text','{\\\"monday\\\":\\\"\\\",\\\"tuesday\\\":\\\"\\\",\\\"wednesday\\\":\\\"\\\",\\\"thursday\\\":\\\"\\\",\\\"friday\\\":\\\"\\\",\\\"saturday\\\":\\\"\\\",\\\"sunday\\\":\\\"\\\"}'),(295,1,'merchant_photo','1481657014-MARCO.png'),(296,1,'merchant_delivery_estimation','1 hora aprox.'),(297,1,'merchant_delivery_miles','100'),(298,1,'merchant_photo_bg','1481657170-FOTO-PORTADA.jpg'),(299,1,'merchant_disabled_cod',''),(300,1,'merchant_disabled_ccr',''),(301,1,'merchant_extenal',''),(302,1,'merchant_enabled_voucher',''),(303,1,'merchant_distance_type','km'),(304,1,'merchant_timezone','America/Costa_Rica'),(305,1,'merchant_close_msg',''),(306,1,'merchant_preorder','1'),(307,1,'merchant_maximum_order','100'),(308,1,'merchant_packaging_charge',''),(309,1,'merchant_close_msg_holiday',''),(310,1,'merchant_holiday','[\\\"\\\"]'),(311,1,'merchant_activated_menu',''),(312,1,'spicydish',''),(313,1,'merchant_required_delivery_time',''),(314,1,'merchant_close_store',''),(315,1,'merchant_packaging_increment',''),(316,1,'merchant_show_time',''),(317,1,'merchant_enabled_tip',''),(318,1,'merchant_tip_default',''),(319,1,'merchant_minimum_order_pickup','2'),(320,1,'merchant_maximum_order_pickup','100'),(321,1,'merchant_disabled_ordering',''),(322,1,'merchant_tax_charges','2'),(323,1,'stores_open_pm_start','{\\\"monday\\\":\\\"\\\",\\\"tuesday\\\":\\\"\\\",\\\"wednesday\\\":\\\"\\\",\\\"thursday\\\":\\\"\\\",\\\"friday\\\":\\\"\\\",\\\"saturday\\\":\\\"\\\",\\\"sunday\\\":\\\"\\\"}'),(324,1,'stores_open_pm_ends','{\\\"monday\\\":\\\"\\\",\\\"tuesday\\\":\\\"\\\",\\\"wednesday\\\":\\\"\\\",\\\"thursday\\\":\\\"\\\",\\\"friday\\\":\\\"\\\",\\\"saturday\\\":\\\"\\\",\\\"sunday\\\":\\\"\\\"}'),(325,1,'food_option_not_available',''),(326,1,'order_verification',''),(327,1,'order_sms_code_waiting',''),(328,1,'disabled_food_gallery',''),(329,1,'default_order_status','pending'),(330,1,'driver_auto_assign_type','send_to_all'),(331,1,'driver_assign_request_expire','1'),(332,1,'driver_enabled_auto_assign','1'),(333,1,'driver_include_offline_driver','1'),(334,1,'driver_autoassign_notify_email','andres@buzz.cr'),(335,1,'driver_request_expire','1'),(336,1,'merchant_read_notice','1'),(347,7,'merchant_latitude','9.905338'),(348,7,'merchant_longtitude','-84.027836'),(349,7,'merchant_information',''),(350,7,'merchant_minimum_order','500'),(351,7,'merchant_tax','13'),(352,7,'merchant_delivery_charges',''),(353,7,'stores_open_day',''),(354,7,'stores_open_starts','{\\\"monday\\\":\\\"17:30\\\",\\\"tuesday\\\":\\\"9:30\\\",\\\"wednesday\\\":\\\"9:00\\\",\\\"thursday\\\":false,\\\"friday\\\":false,\\\"saturday\\\":false,\\\"sunday\\\":false}'),(355,7,'stores_open_ends','{\\\"monday\\\":\\\"21:30\\\",\\\"tuesday\\\":\\\"23:30\\\",\\\"wednesday\\\":\\\"7:50\\\",\\\"thursday\\\":false,\\\"friday\\\":false,\\\"saturday\\\":false,\\\"sunday\\\":false}'),(356,7,'stores_open_custom_text','{\\\"monday\\\":\\\"\\\",\\\"tuesday\\\":\\\"\\\",\\\"wednesday\\\":\\\"\\\",\\\"thursday\\\":\\\"\\\",\\\"friday\\\":\\\"\\\",\\\"saturday\\\":\\\"\\\",\\\"sunday\\\":\\\"\\\"}'),(357,7,'merchant_photo',''),(358,7,'merchant_delivery_estimation','1 hora aprox.'),(359,7,'merchant_delivery_miles','50'),(360,7,'merchant_photo_bg',''),(361,7,'merchant_disabled_cod',''),(362,7,'merchant_disabled_ccr',''),(363,7,'merchant_extenal',''),(364,7,'merchant_enabled_voucher',''),(365,7,'merchant_distance_type','km'),(366,7,'merchant_timezone',''),(367,7,'merchant_close_msg','Hola, por ahora estamos cerrados, pero nos encantaría recibir tu orden por adelantado.'),(368,7,'merchant_preorder','1'),(369,7,'merchant_maximum_order','50000'),(370,7,'merchant_packaging_charge',''),(371,7,'merchant_close_msg_holiday',''),(372,7,'merchant_holiday','[\\\"\\\"]'),(373,7,'merchant_activated_menu',''),(374,7,'spicydish',''),(375,7,'merchant_required_delivery_time','yes'),(376,7,'merchant_close_store',''),(377,7,'merchant_packaging_increment',''),(378,7,'merchant_show_time',''),(379,7,'merchant_enabled_tip',''),(380,7,'merchant_tip_default',''),(381,7,'merchant_minimum_order_pickup','500'),(382,7,'merchant_maximum_order_pickup','50000'),(383,7,'merchant_disabled_ordering',''),(384,7,'merchant_tax_charges',''),(385,7,'stores_open_pm_start','{\\\"monday\\\":\\\"\\\",\\\"tuesday\\\":\\\"3:30 PM\\\",\\\"wednesday\\\":\\\"\\\",\\\"thursday\\\":\\\"\\\",\\\"friday\\\":\\\"\\\",\\\"saturday\\\":\\\"\\\",\\\"sunday\\\":\\\"\\\"}'),(386,7,'stores_open_pm_ends','{\\\"monday\\\":\\\"\\\",\\\"tuesday\\\":\\\"9:30 PM\\\",\\\"wednesday\\\":\\\"\\\",\\\"thursday\\\":\\\"\\\",\\\"friday\\\":\\\"\\\",\\\"saturday\\\":\\\"\\\",\\\"sunday\\\":\\\"\\\"}'),(387,7,'food_option_not_available','1'),(388,7,'order_verification',''),(389,7,'order_sms_code_waiting',''),(390,7,'disabled_food_gallery',''),(391,7,'default_order_status','Esperando aprobación Artesano de la Comida'),(392,0,'fb_flag',''),(393,0,'fb_app_id','1255286091200347'),(394,0,'fb_app_secret','58054043f16ff251bac35ec7358f433d'),(395,0,'admin_fb_page','https://www.facebook.com/BuzzDigitalPartner/'),(396,0,'admin_twitter_page',''),(397,0,'admin_google_page',''),(398,0,'admin_merchant_share',''),(399,0,'google_client_id',''),(400,0,'google_client_secret',''),(401,0,'google_client_redirect_ulr','http://www.fmarket.org/store/GoogleLogin'),(402,0,'google_login_enabled',''),(403,0,'default_share_text',''),(404,0,'admin_intagram_page',''),(405,0,'admin_youtube_url',''),(406,0,'admin_bankdeposit_enabled','yes'),(407,0,'admin_deposit_instructions','<p><strong>Deposit Instructions</strong></p>\r\n<br/>\r\n<p>\r\nPlease deposit {amount} to :\r\n</p>\r\n\r\n<p>\r\nBank : Your bank name<br/>\r\nAccount Number : Your bank account number<br/>\r\nAccount Name : Your bank account name<br/>\r\n</p>\r\n\r\n<p>When deposit is completed {verify-payment-link}</p>\r\n\r\n<br/><br/>\r\n<p> Kind Regards</p>'),(408,0,'admin_deposit_sender','digital@buzz.cr'),(409,0,'admin_deposit_subject','Estas son las instruciones'),(410,0,'merchant_mobile_dictionary','{\\\"username\\\":{\\\"en\\\":\\\"Username\\\",\\\"5\\\":\\\"Nombre de usuario\\\"},\\\"password\\\":{\\\"en\\\":\\\"Password\\\",\\\"5\\\":\\\"Contrase\\\\u00f1a\\\"},\\\"login\\\":{\\\"en\\\":\\\"Log in\\\",\\\"5\\\":\\\"Iniciar sesi\\\\u00f3n\\\"},\\\"confirm_password\\\":{\\\"en\\\":\\\"Confirm Password\\\",\\\"5\\\":\\\"Confirmar contrase\\\\u00f1a\\\"},\\\"forgot_your_pass\\\":{\\\"en\\\":\\\"Forgot your password?\\\",\\\"5\\\":\\\"Olvidaste tu contrase\\\\u00f1a?\\\"},\\\"forgot_pass_message\\\":{\\\"en\\\":\\\"Enter your email address you registered<br\\\\/>with and we will send you <br\\\\/>a unique verification code.\\\",\\\"5\\\":\\\"Ingres\\\\u00e1 el correo electr\\\\u00f3nico que registraste<br\\\\/>y te enviaremos <br\\\\/>un c\\\\u00f3digo de verificaci\\\\u00f3n \\\\u00fanico\\\"},\\\"email_address\\\":{\\\"en\\\":\\\"Email address\\\",\\\"5\\\":\\\"Correo electr\\\\u00f3nico\\\"},\\\"reset_password\\\":{\\\"en\\\":\\\"Reset Password\\\",\\\"5\\\":\\\"Cambiar contrase\\\\u00f1a\\\"},\\\"forgot_pass\\\":{\\\"en\\\":\\\"Forgot Password\\\",\\\"5\\\":\\\"Olvid\\\\u00e9 contrase\\\\u00f1a\\\"},\\\"verification_code\\\":{\\\"en\\\":\\\"Verification code\\\",\\\"5\\\":\\\"C\\\\u00f3digo de verificaci\\\\u00f3n\\\"},\\\"new_password\\\":{\\\"en\\\":\\\"New Password\\\",\\\"5\\\":\\\"Nueva contrase\\\\u00f1a\\\"},\\\"change_password\\\":{\\\"en\\\":\\\"Change Password\\\",\\\"5\\\":\\\"Cambiar contrase\\\\u00f1a\\\"},\\\"new_order\\\":{\\\"en\\\":\\\"New Orders\\\",\\\"5\\\":\\\"Ordenes nuevas\\\"},\\\"orders_for_today\\\":{\\\"en\\\":\\\"Orders for today\\\",\\\"5\\\":\\\"Ordenes de hoy\\\"},\\\"pending_orders\\\":{\\\"en\\\":\\\"Pending Orders\\\",\\\"5\\\":\\\"Ordenes pendientes\\\"},\\\"all_orders\\\":{\\\"en\\\":\\\"All Orders\\\",\\\"5\\\":\\\"Todas las ordenes\\\"},\\\"accept\\\":{\\\"en\\\":\\\"Accept\\\",\\\"5\\\":\\\"Aceptar\\\"},\\\"decline\\\":{\\\"en\\\":\\\"Decline\\\",\\\"5\\\":\\\"Rechazar\\\"},\\\"change_order_status\\\":{\\\"en\\\":\\\"Change Order Status\\\",\\\"5\\\":\\\"Cambiar el estado de la orden\\\"},\\\"accept_n_confirm\\\":{\\\"en\\\":\\\"Accept & Confirm\\\",\\\"5\\\":\\\"Aceptar y confirmar\\\"},\\\"decline_order\\\":{\\\"en\\\":\\\"Decline Order\\\",\\\"5\\\":\\\"Rechazar orden\\\"},\\\"change_status\\\":{\\\"en\\\":\\\"Change Status\\\",\\\"5\\\":\\\"Cambar estado\\\"},\\\"submit\\\":{\\\"en\\\":\\\"Submit\\\",\\\"5\\\":\\\"Enviar\\\"},\\\"settings\\\":{\\\"en\\\":\\\"Settings\\\",\\\"5\\\":\\\"Configuraciones\\\"},\\\"notifications\\\":{\\\"en\\\":\\\"Notifications\\\",\\\"5\\\":\\\"Notificaciones\\\"},\\\"enabled_push_notification\\\":{\\\"en\\\":\\\"Enabled Push Notification\\\",\\\"5\\\":\\\"Habilitar notificaciones push\\\"},\\\"select_your_language\\\":{\\\"en\\\":\\\"Select your language\\\",\\\"5\\\":\\\"Seleccion\\\\u00e1 tu idioma\\\"},\\\"save\\\":{\\\"en\\\":\\\"Save\\\",\\\"5\\\":\\\"Guardar\\\"},\\\"location\\\":{\\\"en\\\":\\\"Location\\\",\\\"5\\\":\\\"Ubicaci\\\\u00f3n\\\"},\\\"profile\\\":{\\\"en\\\":\\\"Profile\\\",\\\"5\\\":\\\"Perfil\\\"},\\\"update_profile\\\":{\\\"en\\\":\\\"Update Profile\\\",\\\"5\\\":\\\"Actualizar perfil\\\"},\\\"validaton_mandatory\\\":{\\\"en\\\":\\\"this field is mandatory!\\\",\\\"5\\\":\\\"Este campo es requerido\\\"},\\\"validation_numeric\\\":{\\\"en\\\":\\\"The input value was not a correct number\\\",\\\"5\\\":\\\"El valor ingresado no es un n\\\\u00famero correcto\\\"},\\\"validation_email\\\":{\\\"en\\\":\\\"You have not given a correct e-mail address!\\\",\\\"5\\\":\\\"No has ingresado un correo electr\\\\u00f3nico v\\\\u00e1lido\\\"},\\\"order_no\\\":{\\\"en\\\":\\\"Order No\\\",\\\"5\\\":\\\"N\\\\u00famero de orden\\\"},\\\"home\\\":{\\\"en\\\":\\\"Home\\\",\\\"5\\\":\\\"Inicio\\\"},\\\"logout\\\":{\\\"en\\\":\\\"Logout\\\",\\\"5\\\":\\\"Cerrar sesi\\\\u00f3n\\\"},\\\"view_location\\\":{\\\"en\\\":\\\"View Location\\\",\\\"5\\\":\\\"Ver ubicaci\\\\u00f3n\\\"},\\\"trn_type\\\":{\\\"en\\\":\\\"TRN Type\\\",\\\"5\\\":\\\"Tipo de TRN\\\"},\\\"payment_type\\\":{\\\"en\\\":\\\"Payment Type\\\",\\\"5\\\":\\\"Tipo de pago\\\"},\\\"delivery_date\\\":{\\\"en\\\":\\\"Delivery Date\\\",\\\"5\\\":\\\"Fecha de env\\\\u00edo Express\\\"},\\\"pickup_date\\\":{\\\"en\\\":\\\"Pickup Date\\\",\\\"5\\\":\\\"Fecha en que cliente recoge\\\"},\\\"delivery_time\\\":{\\\"en\\\":\\\"Delivery Time\\\",\\\"5\\\":\\\"Hora de env\\\\u00edo Express\\\"},\\\"pickup_time\\\":{\\\"en\\\":\\\"Pickup Time\\\",\\\"5\\\":\\\"Fecha en que cliente recoge\\\"},\\\"delivery_asap\\\":{\\\"en\\\":\\\"Delivery Asap\\\",\\\"5\\\":\\\"Express inmediato\\\"},\\\"delivery_instructions\\\":{\\\"en\\\":\\\"Delivery Instruction\\\",\\\"5\\\":\\\"Instrucciones de entrega\\\"},\\\"location_name\\\":{\\\"en\\\":\\\"Location Name\\\",\\\"5\\\":\\\"Nombre de ubicaci\\\\u00f3n\\\"},\\\"total\\\":{\\\"en\\\":\\\"Total\\\",\\\"5\\\":\\\"Total\\\"},\\\"send_confirm_msg\\\":{\\\"en\\\":\\\"We\\\'ll send a confirmation including delivery time to your customer\\\",\\\"5\\\":\\\"Enviaremos una confirmaci\\\\u00f3n incluyendo la hora de entrega Express a tu cliente\\\"},\\\"write_comments\\\":{\\\"en\\\":\\\"Write a comments...\\\",\\\"5\\\":\\\"Escrib\\\\u00ed tus comentarios\\\"},\\\"send_cinfirm_pickup\\\":{\\\"en\\\":\\\"We\\\'ll send a confirmation including pickup time to your customer\\\",\\\"5\\\":\\\"Enviaremos una confirmaci\\\\u00f3n incluyendo la hora de recogida en el puesto de comidas a tu cliente\\\"},\\\"reason\\\":{\\\"en\\\":\\\"Reason..\\\",\\\"5\\\":\\\"Raz\\\\u00f3n\\\"},\\\"order_history\\\":{\\\"en\\\":\\\"Order history #\\\",\\\"5\\\":\\\"N\\\\u00famero de orden\\\"},\\\"date_time\\\":{\\\"en\\\":\\\"Date\\\\/Time\\\",\\\"5\\\":\\\"Fecha\\\\/hora\\\"},\\\"status\\\":{\\\"en\\\":\\\"Status\\\",\\\"5\\\":\\\"Estado\\\"},\\\"remarks\\\":{\\\"en\\\":\\\"Remarks\\\",\\\"5\\\":\\\"Observaciones\\\"},\\\"select_status\\\":{\\\"en\\\":\\\"Select Status\\\",\\\"5\\\":\\\"Seleccion\\\\u00e1 el estado\\\"},\\\"please_wait\\\":{\\\"en\\\":\\\"Please wait\\\",\\\"5\\\":\\\"Favor esper\\\\u00e1\\\"},\\\"loading_data\\\":{\\\"en\\\":\\\"Loading data...\\\",\\\"5\\\":\\\"Cargado informaci\\\\u00f3n\\\"},\\\"others\\\":{\\\"en\\\":\\\"Others\\\",\\\"5\\\":\\\"Otros\\\"},\\\"language\\\":{\\\"en\\\":\\\"Language\\\",\\\"5\\\":\\\"Idioma\\\"},\\\"connection_lost\\\":{\\\"en\\\":\\\"CONNECTION LOST\\\",\\\"5\\\":\\\"Se perdi\\\\u00f3 conexi\\\\u00f3n\\\"},\\\"network_error\\\":{\\\"en\\\":\\\"Network error has occurred please try again!\\\",\\\"5\\\":\\\"Has perdido conexi\\\\u00f3n a internet. Intent\\\\u00e1 nuevamente\\\"},\\\"getting_order_details\\\":{\\\"en\\\":\\\"Getting order details..\\\",\\\"5\\\":\\\"Cargando detalles de la orden\\\"},\\\"ingredients\\\":{\\\"en\\\":\\\"Ingredients\\\",\\\"5\\\":\\\"Ingredientes\\\"},\\\"search_order\\\":{\\\"en\\\":\\\"Search Order\\\",\\\"5\\\":\\\"Buscar orden\\\"},\\\"search\\\":{\\\"en\\\":\\\"Search\\\",\\\"5\\\":\\\"Buscar\\\"},\\\"enter_order_id_or_customername\\\":{\\\"en\\\":\\\"Enter Order No or Customer name\\\",\\\"5\\\":\\\"Ingres\\\\u00e1 el n\\\\u00famero de orden o nombre del cliente\\\"},\\\"search_results\\\":{\\\"en\\\":\\\"Search Results\\\",\\\"5\\\":\\\"Resultados de b\\\\u00fasqueda\\\"},\\\"do_you_want_to_logout\\\":{\\\"en\\\":\\\"Do you want to logout?\\\",\\\"5\\\":\\\"Deseas salir?\\\"},\\\"yes\\\":{\\\"en\\\":\\\"Yes\\\",\\\"5\\\":\\\"S\\\\u00ed\\\"},\\\"no\\\":{\\\"en\\\":\\\"No\\\",\\\"5\\\":\\\"No\\\"},\\\"booking_table\\\":{\\\"en\\\":\\\"Booking Table\\\",\\\"5\\\":\\\"Reservar mesa\\\"},\\\"pending_booking\\\":{\\\"en\\\":\\\"Pending Booking\\\",\\\"5\\\":\\\"Reserva pendiente\\\"},\\\"all_booking\\\":{\\\"en\\\":\\\"All Booking\\\",\\\"5\\\":\\\"Todas las reservaciones\\\"},\\\"getting_booking\\\":{\\\"en\\\":\\\"Getting booking details\\\",\\\"5\\\":\\\"Cargando detalles de la reservaci\\\\u00f3n\\\"},\\\"booking_details\\\":{\\\"en\\\":\\\"Booking Details #\\\",\\\"5\\\":\\\"Detalles de la reservaci\\\\u00f3n\\\"},\\\"details\\\":{\\\"en\\\":\\\"Details\\\",\\\"5\\\":\\\"Detalles\\\"},\\\"contact_info\\\":{\\\"en\\\":\\\"Contact Information\\\",\\\"5\\\":\\\"Informaci\\\\u00f3n de contacto\\\"},\\\"number_of_guest\\\":{\\\"en\\\":\\\"Number Of Guests\\\",\\\"5\\\":\\\"N\\\\u00famero de invitados\\\"},\\\"date_of_booking\\\":{\\\"en\\\":\\\"Date Of Booking\\\",\\\"5\\\":\\\"Fecha de la reservaci\\\\u00f3n\\\"},\\\"time\\\":{\\\"en\\\":\\\"Time\\\",\\\"5\\\":\\\"Hora\\\"},\\\"decline_booking\\\":{\\\"en\\\":\\\"Decline Booking\\\",\\\"5\\\":\\\"Rechazar reservaci\\\\u00f3n\\\"},\\\"booking_nos\\\":{\\\"en\\\":\\\"Booking #\\\",\\\"5\\\":\\\"# de reservaci\\\\u00f3n\\\"},\\\"booking_confirm_msg\\\":{\\\"en\\\":\\\"will send send a booking confirmation to your customer\\\",\\\"5\\\":\\\"enviaremos una confirmaci\\\\u00f3n de la reserva a tu cliente.\\\"},\\\"booking_denied_msg\\\":{\\\"en\\\":\\\"will send send an email to your customer\\\",\\\"5\\\":\\\"enviaremos una notificaci\\\\u00f3n al interesados\\\"},\\\"new\\\":{\\\"en\\\":\\\"new\\\",\\\"5\\\":\\\"nuevo\\\"},\\\"change\\\":{\\\"en\\\":\\\"Change\\\",\\\"5\\\":\\\"Cambiar\\\"},\\\"order_details\\\":{\\\"en\\\":\\\"Order Details\\\",\\\"5\\\":\\\"Detalles de la orden\\\"},\\\"sub_total\\\":{\\\"en\\\":\\\"Sub Total\\\",\\\"5\\\":\\\"Sub Total\\\"},\\\"delivery_fee\\\":{\\\"en\\\":\\\"Delivery Fee\\\",\\\"5\\\":\\\"Costo de Express\\\"},\\\"packaging\\\":{\\\"en\\\":\\\"Packaging\\\",\\\"5\\\":\\\"Empaque\\\"},\\\"tax\\\":{\\\"en\\\":\\\"Tax\\\",\\\"5\\\":\\\"Impuestos\\\"},\\\"less_voucher\\\":{\\\"en\\\":\\\"Less Voucher\\\",\\\"5\\\":\\\"Cup\\\\u00f3n canjeado\\\"},\\\"sub_total_after_voucher\\\":{\\\"en\\\":\\\"Sub Total (after less voucher)\\\",\\\"5\\\":\\\"Sub Total (despu\\\\u00e9s de cup\\\\u00f3n)\\\"},\\\"discount\\\":{\\\"en\\\":\\\"Discount\\\",\\\"5\\\":\\\"Descuento\\\"},\\\"point_discount\\\":{\\\"en\\\":\\\"Points Discount\\\",\\\"5\\\":\\\"Puntos descontados\\\"},\\\"tips\\\":{\\\"en\\\":\\\"Tips\\\",\\\"5\\\":\\\"Propinas\\\"},\\\"device_id\\\":{\\\"en\\\":\\\"Device ID\\\",\\\"5\\\":\\\"ID del dispositivo\\\"}}'),(411,7,'shipping_enabled',''),(412,7,'free_delivery_above_price','30000'),(413,0,'driver_mobile_dictionary','{\\\"action\\\":\\\"SaveTranslation\\\",\\\"signin\\\":{\\\"en\\\":\\\"Sign In\\\",\\\"5\\\":\\\"Iniciar sesi\\\\u00f3n\\\"},\\\"username\\\":{\\\"en\\\":\\\"Username\\\",\\\"5\\\":\\\"Usuario\\\"},\\\"password\\\":{\\\"en\\\":\\\"Password\\\",\\\"5\\\":\\\"Contrase\\\\u00f1a\\\"},\\\"remember_me\\\":{\\\"en\\\":\\\"Remember me\\\",\\\"5\\\":\\\"Recordarme\\\"},\\\"forgot_password\\\":{\\\"en\\\":\\\"Forgot Password\\\",\\\"5\\\":\\\"Olvid\\\\u00e9 contrase\\\\u00f1a\\\"},\\\"enter_your_email\\\":{\\\"en\\\":\\\"Enter your email address and we\\\'ll send you a code to reset your password\\\",\\\"5\\\":\\\"Ingres\\\\u00e1 tu correo electr\\\\u00f3nico y te enviaremos un c\\\\u00f3digo para restablecer tu contrase\\\\u00f1a.\\\"},\\\"already_have_password\\\":{\\\"en\\\":\\\"Already have Password Code?\\\",\\\"5\\\":\\\"Ya ten\\\\u00e9s el c\\\\u00f3digo de contrase\\\\u00f1a??\\\"},\\\"submit\\\":{\\\"en\\\":\\\"Submit\\\",\\\"5\\\":\\\"Enviar\\\"},\\\"email\\\":{\\\"en\\\":\\\"Email\\\",\\\"5\\\":\\\"Correo electr\\\\u00f3nico\\\"},\\\"code\\\":{\\\"en\\\":\\\"Code\\\",\\\"5\\\":\\\"C\\\\u00f3digo\\\"},\\\"new_password\\\":{\\\"en\\\":\\\"New Password\\\",\\\"5\\\":\\\"Nueva contrase\\\\u00f1a\\\"},\\\"on_duty\\\":{\\\"en\\\":\\\"On-Duty\\\",\\\"5\\\":\\\"Trabajando!\\\"},\\\"off_duty\\\":{\\\"en\\\":\\\"Off-duty\\\",\\\"5\\\":\\\"Descansando\\\"},\\\"profile\\\":{\\\"en\\\":\\\"Profile\\\",\\\"5\\\":\\\"Perfil\\\"},\\\"settings\\\":{\\\"en\\\":\\\"Settings\\\",\\\"5\\\":\\\"Configuraci\\\\u00f3n\\\"},\\\"logout\\\":{\\\"en\\\":\\\"Logout\\\",\\\"5\\\":\\\"Cerrar sesi\\\\u00f3n\\\"},\\\"personal\\\":{\\\"en\\\":\\\"Personal\\\",\\\"5\\\":\\\"Personal\\\"},\\\"vehicle\\\":{\\\"en\\\":\\\"Vehicle\\\",\\\"5\\\":\\\"Veh\\\\u00edculo\\\"},\\\"team\\\":{\\\"en\\\":\\\"Team\\\",\\\"5\\\":\\\"Equipo\\\"},\\\"contact\\\":{\\\"en\\\":\\\"Contact\\\",\\\"5\\\":\\\"Contacto\\\"},\\\"update_profile\\\":{\\\"en\\\":\\\"Update Profile\\\",\\\"5\\\":\\\"Actualizar perfil\\\"},\\\"type\\\":{\\\"en\\\":\\\"Type\\\",\\\"5\\\":\\\"Tipo\\\"},\\\"description\\\":{\\\"en\\\":\\\"Description\\\",\\\"5\\\":\\\"Descripci\\\\u00f3n\\\"},\\\"license_plate\\\":{\\\"en\\\":\\\"License Plate\\\",\\\"5\\\":\\\"Placa\\\"},\\\"update_vehicle\\\":{\\\"en\\\":\\\"Update Vehicle\\\",\\\"5\\\":\\\"Actualizar veh\\\\u00edculo\\\"},\\\"current_password\\\":{\\\"en\\\":\\\"Current Password\\\",\\\"5\\\":\\\"Contrase\\\\u00f1a actual\\\"},\\\"confirm_password\\\":{\\\"en\\\":\\\"Confirm Password\\\",\\\"5\\\":\\\"Confirmar contrase\\\\u00f1a \\\"},\\\"change_password\\\":{\\\"en\\\":\\\"Change Password\\\",\\\"5\\\":\\\"Cambiar contrase\\\\u00f1a \\\"},\\\"notifications\\\":{\\\"en\\\":\\\"Notifications\\\",\\\"5\\\":\\\"Notificaciones\\\"},\\\"enabled_push\\\":{\\\"en\\\":\\\"Enabled Push Notification\\\",\\\"5\\\":\\\"Habilitar notificaciones push\\\"},\\\"select_language\\\":{\\\"en\\\":\\\"Select Language\\\",\\\"5\\\":\\\"Seleccionar idioma\\\"},\\\"loading_settings\\\":{\\\"en\\\":\\\"Loading Settings\\\",\\\"5\\\":\\\"Cargando configuraciones\\\"},\\\"login_in\\\":{\\\"en\\\":\\\"Loggin in\\\",\\\"5\\\":\\\"Iniciando sesi\\\\u00f3n\\\"},\\\"add_reason\\\":{\\\"en\\\":\\\"Add a reason...\\\",\\\"5\\\":\\\"Agregar motivo\\\"},\\\"task_description\\\":{\\\"en\\\":\\\"Task Description\\\",\\\"5\\\":\\\"Descripci\\\\u00f3n de la tarea\\\"},\\\"accept\\\":{\\\"en\\\":\\\"Accept\\\",\\\"5\\\":\\\"Aceptar\\\"},\\\"decline\\\":{\\\"en\\\":\\\"Decline\\\",\\\"5\\\":\\\"Rechazar\\\"},\\\"start\\\":{\\\"en\\\":\\\"Start\\\",\\\"5\\\":\\\"Ir a recoger la Comida\\\"},\\\"cancel\\\":{\\\"en\\\":\\\"Cancel\\\",\\\"5\\\":\\\"Cancelar\\\"},\\\"arrived\\\":{\\\"en\\\":\\\"Arrived\\\",\\\"5\\\":\\\"Llegu\\\\u00e9 al Puesto de Comidas\\\"},\\\"successful\\\":{\\\"en\\\":\\\"Successful\\\",\\\"5\\\":\\\"Pedido firmado y entregado al cliente\\\"},\\\"failed\\\":{\\\"en\\\":\\\"Failed\\\",\\\"5\\\":\\\"Fallido\\\"},\\\"view_signature\\\":{\\\"en\\\":\\\"View Signature\\\",\\\"5\\\":\\\"Ver firma\\\"},\\\"add_signature\\\":{\\\"en\\\":\\\"Add Signature\\\",\\\"5\\\":\\\"Agregar firma\\\"},\\\"getting_info\\\":{\\\"en\\\":\\\"Getting info...\\\",\\\"5\\\":\\\"Cargando informaci\\\\u00f3n...\\\"},\\\"task_history\\\":{\\\"en\\\":\\\"Task History\\\",\\\"5\\\":\\\"Historial de la tarea\\\"},\\\"network_error\\\":{\\\"en\\\":\\\"Network error has occurred please try again!\\\",\\\"5\\\":\\\"Ocurri\\\\u00f3 un error en la red, favor intent\\\\u00e1 nuevamente!\\\"},\\\"done\\\":{\\\"en\\\":\\\"Done\\\",\\\"5\\\":\\\"Listo\\\"},\\\"reset\\\":{\\\"en\\\":\\\"Reset\\\",\\\"5\\\":\\\"Restablecer\\\"},\\\"view_order_details\\\":{\\\"en\\\":\\\"View Order Details\\\",\\\"5\\\":\\\"Ver detalles de la orden\\\"},\\\"order_details\\\":{\\\"en\\\":\\\"Order Details\\\",\\\"5\\\":\\\"Detalles de la orden\\\"},\\\"ingredients\\\":{\\\"en\\\":\\\"Ingredients\\\",\\\"5\\\":\\\"Ingredientes\\\"},\\\"discount\\\":{\\\"en\\\":\\\"Discount\\\",\\\"5\\\":\\\"Descuento\\\"},\\\"less_voucher\\\":{\\\"en\\\":\\\"Less Voucher\\\",\\\"5\\\":\\\"Cup\\\\u00f3n redimido\\\"},\\\"redeem_points\\\":{\\\"en\\\":\\\"Redeem points\\\",\\\"5\\\":\\\"Puntos redimidos\\\"},\\\"sub_total\\\":{\\\"en\\\":\\\"Sub Total\\\",\\\"5\\\":\\\"Sub Total\\\"},\\\"delivery_fee\\\":{\\\"en\\\":\\\"Delivery Fee\\\",\\\"5\\\":\\\"Costo del Express\\\"},\\\"packaging\\\":{\\\"en\\\":\\\"Packaging\\\",\\\"5\\\":\\\"Empaque\\\"},\\\"tax\\\":{\\\"en\\\":\\\"Tax\\\",\\\"5\\\":\\\"Impuesto\\\"},\\\"total\\\":{\\\"en\\\":\\\"Total\\\",\\\"5\\\":\\\"Total\\\"},\\\"no_connection\\\":{\\\"en\\\":\\\"Not connected to internet\\\",\\\"5\\\":\\\"Se perdi\\\\u00f3 la conexi\\\\u00f3n a Internet\\\"},\\\"turn_off_location\\\":{\\\"en\\\":\\\"You have choosen not to turn on location accuracy\\\",\\\"5\\\":\\\"Has escogido no activar los servicios de ubicaci\\\\u00f3n\\\"},\\\"net_connection_lost\\\":{\\\"en\\\":\\\"Internet connection lost\\\",\\\"5\\\":\\\"Se ha perdido la conexi\\\\u00f3n a internet\\\"},\\\"device_id\\\":{\\\"en\\\":\\\"Device ID\\\",\\\"5\\\":\\\"ID del dispositivo\\\"},\\\"map\\\":{\\\"en\\\":\\\"Map\\\",\\\"5\\\":\\\"Mapa\\\"},\\\"you_are_here\\\":{\\\"en\\\":\\\"You are here\\\",\\\"5\\\":\\\"Est\\\\u00e1s aqu\\\\u00ed\\\"},\\\"destination\\\":{\\\"en\\\":\\\"Destination\\\",\\\"5\\\":\\\"Destino\\\"},\\\"view_map\\\":{\\\"en\\\":\\\"View Map\\\",\\\"5\\\":\\\"Ver mapa\\\"},\\\"view_direction\\\":{\\\"en\\\":\\\"View Direction\\\",\\\"5\\\":\\\"Ver direcci\\\\u00f3n\\\"},\\\"clear\\\":{\\\"en\\\":\\\"Clear\\\",\\\"5\\\":\\\"Limpiar\\\"},\\\"order_no\\\":{\\\"en\\\":\\\"Order No\\\",\\\"5\\\":\\\"No de orden\\\"},\\\"change\\\":{\\\"en\\\":\\\"Change\\\",\\\"5\\\":\\\"Cambiar\\\"},\\\"logout_confirm\\\":{\\\"en\\\":\\\"Are you sure you want to logout?\\\",\\\"5\\\":\\\"Estas seguro que deseas cerrar sesi\\\\u00f3n\\\"},\\\"close_app\\\":{\\\"en\\\":\\\"Are you sure to close the app?\\\",\\\"5\\\":\\\"Est\\\\u00e1s seguro que deseas cerrar la aplicaci\\\\u00f3n?\\\"},\\\"yes\\\":{\\\"en\\\":\\\"Yes\\\",\\\"5\\\":\\\"S\\\\u00ed\\\"},\\\"no\\\":{\\\"en\\\":\\\"No\\\",\\\"5\\\":\\\"No\\\"},\\\"name\\\":{\\\"en\\\":\\\"\\\",\\\"5\\\":\\\"Nombre\\\"},\\\"connected\\\":{\\\"en\\\":\\\"\\\",\\\"5\\\":\\\"Conectado\\\"},\\\"tips\\\":{\\\"en\\\":\\\"\\\",\\\"5\\\":\\\"Propinas\\\"},\\\"at\\\":{\\\"en\\\":\\\"\\\",\\\"5\\\":\\\"a las\\\"},\\\"are_you_sure\\\":{\\\"en\\\":\\\"\\\",\\\"5\\\":\\\"Est\\\\u00e1s seguro?\\\"},\\\"calendar\\\":{\\\"en\\\":\\\"\\\",\\\"5\\\":\\\"Calendario\\\"},\\\"color\\\":{\\\"en\\\":\\\"\\\",\\\"5\\\":\\\"Color\\\"}}'),(414,0,'DELIVERY_REQUEST_RECEIVED_PUSH','1'),(415,0,'DELIVERY_REQUEST_RECEIVED_SMS','1'),(416,0,'DELIVERY_REQUEST_RECEIVED_EMAIL','1'),(417,0,'DELIVERY_DRIVER_STARTED_PUSH','1'),(418,0,'DELIVERY_DRIVER_STARTED_SMS','1'),(419,0,'DELIVERY_DRIVER_STARTED_EMAIL',''),(420,0,'DELIVERY_DRIVER_ARRIVED_PUSH',''),(421,0,'DELIVERY_DRIVER_ARRIVED_SMS',''),(422,0,'DELIVERY_DRIVER_ARRIVED_EMAIL',''),(423,0,'DELIVERY_SUCCESSFUL_PUSH','1'),(424,0,'DELIVERY_SUCCESSFUL_SMS','1'),(425,0,'DELIVERY_SUCCESSFUL_EMAIL',''),(426,0,'DELIVERY_FAILED_PUSH',''),(427,0,'DELIVERY_FAILED_SMS',''),(428,0,'DELIVERY_FAILED_EMAIL',''),(429,0,'PICKUP_REQUEST_RECEIVED_PUSH','1'),(430,0,'PICKUP_REQUEST_RECEIVED_SMS',''),(431,0,'PICKUP_REQUEST_RECEIVED_EMAIL',''),(432,0,'PICKUP_DRIVER_STARTED_PUSH',''),(433,0,'PICKUP_DRIVER_STARTED_SMS',''),(434,0,'PICKUP_DRIVER_STARTED_EMAIL',''),(435,0,'PICKUP_DRIVER_ARRIVED_PUSH',''),(436,0,'PICKUP_DRIVER_ARRIVED_SMS',''),(437,0,'PICKUP_DRIVER_ARRIVED_EMAIL',''),(438,0,'PICKUP_SUCCESSFUL_PUSH','1'),(439,0,'PICKUP_SUCCESSFUL_SMS',''),(440,0,'PICKUP_SUCCESSFUL_EMAIL',''),(441,0,'PICKUP_FAILED_PUSH',''),(442,0,'PICKUP_FAILED_SMS',''),(443,0,'PICKUP_FAILED_EMAIL',''),(444,0,'ASSIGN_TASK_PUSH','1'),(445,0,'ASSIGN_TASK_SMS',''),(446,0,'ASSIGN_TASK_EMAIL','1'),(447,0,'CANCEL_TASK_PUSH','1'),(448,0,'CANCEL_TASK_SMS',''),(449,0,'CANCEL_TASK_EMAIL',''),(450,0,'UPDATE_TASK_PUSH','1'),(451,0,'UPDATE_TASK_SMS',''),(452,0,'UPDATE_TASK_EMAIL',''),(453,0,'FAILED_AUTO_ASSIGN_EMAIL','1'),(454,0,'AUTO_ASSIGN_ACCEPTED_PUSH','1'),(455,7,'merchant_switch_master_cod',''),(456,7,'merchant_switch_master_ccr',''),(457,7,'merchant_switch_master_pyr',''),(458,11,'merchant_switch_master_cod',''),(459,11,'merchant_switch_master_ccr',''),(460,11,'merchant_switch_master_pyr',''),(461,11,'merchant_latitude','9.910945367864802'),(462,11,'merchant_longtitude','-84.05701458515011'),(463,11,'merchant_information','Soy amante de la comida casera, tenemos variedad en sánguches. ¡¡Muy pronto estaremos publicando nuestro menú de Hamburguesas!!'),(464,11,'merchant_minimum_order','1'),(465,11,'merchant_tax','13'),(466,11,'merchant_delivery_charges',''),(467,11,'stores_open_day','[\\\"monday\\\",\\\"tuesday\\\",\\\"wednesday\\\",\\\"thursday\\\",\\\"friday\\\"]'),(468,11,'stores_open_starts','{\\\"monday\\\":\\\"5:10\\\",\\\"tuesday\\\":\\\"8:00\\\",\\\"wednesday\\\":\\\"8:00\\\",\\\"thursday\\\":\\\"8:00\\\",\\\"friday\\\":\\\"8:00\\\",\\\"saturday\\\":false,\\\"sunday\\\":false}'),(469,11,'stores_open_ends','{\\\"monday\\\":\\\"23:00\\\",\\\"tuesday\\\":\\\"17:00\\\",\\\"wednesday\\\":\\\"17:00\\\",\\\"thursday\\\":\\\"17:00\\\",\\\"friday\\\":\\\"17:00\\\",\\\"saturday\\\":false,\\\"sunday\\\":false}'),(470,11,'stores_open_custom_text','{\\\"monday\\\":\\\"\\\",\\\"tuesday\\\":\\\"\\\",\\\"wednesday\\\":\\\"\\\",\\\"thursday\\\":\\\"\\\",\\\"friday\\\":\\\"\\\",\\\"saturday\\\":\\\"\\\",\\\"sunday\\\":\\\"\\\"}'),(471,11,'merchant_photo',''),(472,11,'merchant_delivery_estimation','1 hora aprox.'),(473,11,'merchant_delivery_miles','100'),(474,11,'merchant_photo_bg',''),(475,11,'merchant_disabled_cod',''),(476,11,'merchant_disabled_ccr',''),(477,11,'merchant_extenal',''),(478,11,'merchant_enabled_voucher',''),(479,11,'merchant_distance_type','km'),(480,11,'merchant_timezone','America/Costa_Rica'),(481,11,'merchant_close_msg',''),(482,11,'merchant_preorder','1'),(483,11,'merchant_maximum_order','100'),(484,11,'merchant_packaging_charge',''),(485,11,'merchant_close_msg_holiday',''),(486,11,'merchant_holiday','[\\\"\\\"]'),(487,11,'merchant_activated_menu',''),(488,11,'spicydish',''),(489,11,'merchant_required_delivery_time',''),(490,11,'merchant_close_store',''),(491,11,'merchant_packaging_increment',''),(492,11,'merchant_show_time',''),(493,11,'merchant_enabled_tip',''),(494,11,'merchant_tip_default',''),(495,11,'merchant_minimum_order_pickup',''),(496,11,'merchant_maximum_order_pickup',''),(497,11,'merchant_disabled_ordering',''),(498,11,'merchant_tax_charges',''),(499,11,'stores_open_pm_start','{\\\"monday\\\":\\\"\\\",\\\"tuesday\\\":\\\"\\\",\\\"wednesday\\\":\\\"\\\",\\\"thursday\\\":\\\"\\\",\\\"friday\\\":\\\"\\\",\\\"saturday\\\":\\\"\\\",\\\"sunday\\\":\\\"\\\"}'),(500,11,'stores_open_pm_ends','{\\\"monday\\\":\\\"\\\",\\\"tuesday\\\":\\\"\\\",\\\"wednesday\\\":\\\"\\\",\\\"thursday\\\":\\\"\\\",\\\"friday\\\":\\\"\\\",\\\"saturday\\\":\\\"\\\",\\\"sunday\\\":\\\"\\\"}'),(501,11,'food_option_not_available',''),(502,11,'order_verification',''),(503,11,'order_sms_code_waiting',''),(504,11,'disabled_food_gallery',''),(505,11,'shipping_enabled','2'),(506,11,'free_delivery_above_price',''),(507,11,'merchant_notify_email','andres@buzz.cr'),(508,11,'enabled_alert_notification',''),(509,11,'enabled_alert_sound',''),(510,11,'default_order_status','En preparación Artesano de la Comida'),(511,11,'merchant_read_notice','1'),(512,11,'merchant_payout_bank_account','{\\\"swift_code\\\":\\\"923775720\\\",\\\"bank_account_number\\\":\\\"10200009237757204\\\",\\\"account_name\\\":\\\"Andr\\\\u00e9s Mart\\\\u00edn\\\",\\\"bank_name\\\":\\\"Bac San Jos\\\\u00e9\\\",\\\"bank_branch\\\":\\\"38434354\\\"}'),(513,11,'driver_auto_assign_type','send_to_all'),(514,11,'driver_assign_request_expire',''),(515,11,'driver_enabled_auto_assign','1'),(516,11,'driver_include_offline_driver',''),(517,11,'driver_autoassign_notify_email','andres@buzz.cr'),(518,11,'driver_request_expire',''),(519,0,'ASSIGN_TASK_PUSH_TPL','Se ha asignado un pedido para entrega DeliveryDateTime, aceptalo / rechazalo aquí'),(520,0,'ASSIGN_TASK_SMS_TPL','Se ha asignado un pedido, aceptalo / rechazalo en Food Market - Express'),(521,0,'ASSIGN_TASK_EMAIL_TPL','Hola Drivername, \r\n\r\nTe hemos asignado el pedido TaskID de El cliente CustomerName desea se lo entregués el DeliveryDateTime. \r\n\r\n¡Revisa tu aplicación ahora!'),(522,0,'DELIVERY_REQUEST_RECEIVED_PUSH_TPL','Se ha asignado un pedido para entrega el DeliveryDateTime, aceptalo / rechazalo aquí'),(523,0,'DELIVERY_REQUEST_RECEIVED_SMS_TPL','Se ha asignado un pedido, aceptalo / rechazalo en FoodMarket - Express'),(524,0,'DELIVERY_REQUEST_RECEIVED_EMAIL_TPL','Se ha asignado un pedido para entrega el DeliveryDateTime, aceptalo / rechazalo aquí'),(525,0,'DELIVERY_SUCCESSFUL_PUSH_TPL','El pedido ha sido entregado. ¡Buen provecho!'),(526,0,'DELIVERY_SUCCESSFUL_SMS_TPL','El pedido ha sido entregado. ¡Buen provecho!'),(527,0,'DELIVERY_SUCCESSFUL_EMAIL_TPL',''),(534,NULL,'UPDATE_TASK_PUSH_TPL','Se ha actualizado el estado de tu pedido.'),(535,NULL,'UPDATE_TASK_SMS_TPL',''),(536,NULL,'UPDATE_TASK_EMAIL_TPL',''),(537,NULL,'DELIVERY_DRIVER_STARTED_PUSH_TPL','Ya el pedido OrderNo ha sido recogido, ¡va de camino!'),(538,NULL,'DELIVERY_DRIVER_STARTED_SMS_TPL',''),(539,NULL,'DELIVERY_DRIVER_STARTED_EMAIL_TPL',''),(540,NULL,'driver_ios_push_dev_cer','DriverApp_Development.pem'),(541,NULL,'driver_ios_push_prod_cer','DriverApp_Production.pem'),(542,NULL,'driver_ios_push_mode','development'),(543,NULL,'driver_ios_pass_phrase',''),(544,11,'facebook_page','https://www.facebook.com/LaFavorita'),(545,11,'twitter_page',''),(546,11,'google_page',''),(547,11,'receipt_sender','andres@buzz.cr'),(548,11,'receipt_subject','¡Muchas gracias por comprar!'),(549,11,'receipt_content','<p>Estimado amigo {customer-name},</p><br><p> Gracias por comprar en Food Market y apoyar al artesano local, esperamos disfrutés al máximo tu comida! Tu número de recibo es {receipt-number}. Hemos incluido tu recibo de orden y detalles del envío abajo:</p> <br> {receipt}<br><br><p>¡Buen provecho!</p>'),(550,11,'merchant_receipt_subject','Venta nueva'),(551,11,'merchant_receipt_content','<p>Saludos querido Artesano de la comida, </p>\r\n<br/>\r\n<p>¡Has vendido! Hay una nueva orden de pedido con el número de referencia {receipt-number} del cliente {customer-name}</p>\r\n<br/>\r\n {receipt}	\r\n	\r\n<br/><br/>\r\n<p><a href=\\\"{confirmation-link}\\\">Clic aquí</a> para aceptar la orden<br/>\r\no simplemente visitá este link {confirmation-link}\r\n</p>\r\n<br/>\r\n<p>¡Saludos!</p>'),(552,11,'merchant_gallery',''),(553,11,'gallery_disabled',''),(554,12,'merchant_latitude','9.931244202827612'),(555,12,'merchant_longtitude','-84.0994955047546'),(556,12,'merchant_information',''),(557,12,'merchant_minimum_order',''),(558,12,'merchant_tax',''),(559,12,'merchant_delivery_charges',''),(560,12,'stores_open_day',''),(561,12,'stores_open_starts','{\\\"monday\\\":\\\"8:00\\\",\\\"tuesday\\\":false,\\\"wednesday\\\":false,\\\"thursday\\\":false,\\\"friday\\\":false,\\\"saturday\\\":false,\\\"sunday\\\":false}'),(562,12,'stores_open_ends','{\\\"monday\\\":\\\"12:00\\\",\\\"tuesday\\\":false,\\\"wednesday\\\":false,\\\"thursday\\\":false,\\\"friday\\\":false,\\\"saturday\\\":false,\\\"sunday\\\":false}'),(563,12,'stores_open_custom_text','{\\\"monday\\\":\\\"\\\",\\\"tuesday\\\":\\\"\\\",\\\"wednesday\\\":\\\"\\\",\\\"thursday\\\":\\\"\\\",\\\"friday\\\":\\\"\\\",\\\"saturday\\\":\\\"\\\",\\\"sunday\\\":\\\"\\\"}'),(564,12,'merchant_photo',''),(565,12,'merchant_delivery_estimation',''),(566,12,'merchant_delivery_miles','20'),(567,12,'merchant_photo_bg',''),(568,12,'merchant_disabled_cod',''),(569,12,'merchant_disabled_ccr',''),(570,12,'merchant_extenal',''),(571,12,'merchant_enabled_voucher',''),(572,12,'merchant_distance_type','km'),(573,12,'merchant_timezone',''),(574,12,'merchant_close_msg',''),(575,12,'merchant_preorder',''),(576,12,'merchant_maximum_order',''),(577,12,'merchant_packaging_charge',''),(578,12,'merchant_close_msg_holiday',''),(579,12,'merchant_holiday','[\\\"\\\"]'),(580,12,'merchant_activated_menu',''),(581,12,'spicydish',''),(582,12,'merchant_required_delivery_time','yes'),(583,12,'merchant_close_store',''),(584,12,'merchant_packaging_increment',''),(585,12,'merchant_show_time',''),(586,12,'merchant_enabled_tip',''),(587,12,'merchant_tip_default',''),(588,12,'merchant_minimum_order_pickup',''),(589,12,'merchant_maximum_order_pickup',''),(590,12,'merchant_disabled_ordering',''),(591,12,'merchant_tax_charges',''),(592,12,'stores_open_pm_start','{\\\"monday\\\":\\\"01:00 P.M.\\\",\\\"tuesday\\\":\\\"\\\",\\\"wednesday\\\":\\\"\\\",\\\"thursday\\\":\\\"\\\",\\\"friday\\\":\\\"\\\",\\\"saturday\\\":\\\"\\\",\\\"sunday\\\":\\\"\\\"}'),(593,12,'stores_open_pm_ends','{\\\"monday\\\":\\\"05:00 P.M.\\\",\\\"tuesday\\\":\\\"\\\",\\\"wednesday\\\":\\\"\\\",\\\"thursday\\\":\\\"\\\",\\\"friday\\\":\\\"\\\",\\\"saturday\\\":\\\"\\\",\\\"sunday\\\":\\\"\\\"}'),(594,12,'food_option_not_available','1'),(595,12,'order_verification',''),(596,12,'order_sms_code_waiting',''),(597,12,'disabled_food_gallery',''),(598,12,'merchant_switch_master_cod',''),(599,12,'merchant_switch_master_ccr',''),(600,12,'merchant_switch_master_pyr',''),(601,13,'merchant_switch_master_cod','2'),(602,13,'merchant_switch_master_ccr',''),(603,13,'merchant_switch_master_pyr','2'),(604,13,'merchant_latitude',''),(605,13,'merchant_longtitude',''),(606,13,'merchant_minimum_order',''),(607,13,'merchant_tax','13'),(608,13,'merchant_delivery_charges',''),(609,13,'stores_open_day',''),(610,13,'stores_open_starts','{\\\"monday\\\":false,\\\"tuesday\\\":false,\\\"wednesday\\\":false,\\\"thursday\\\":false,\\\"friday\\\":false,\\\"saturday\\\":false,\\\"sunday\\\":false}'),(611,13,'stores_open_ends','{\\\"monday\\\":false,\\\"tuesday\\\":false,\\\"wednesday\\\":false,\\\"thursday\\\":false,\\\"friday\\\":false,\\\"saturday\\\":false,\\\"sunday\\\":false}'),(612,13,'stores_open_custom_text','{\\\"monday\\\":\\\"\\\",\\\"tuesday\\\":\\\"\\\",\\\"wednesday\\\":\\\"\\\",\\\"thursday\\\":\\\"\\\",\\\"friday\\\":\\\"\\\",\\\"saturday\\\":\\\"\\\",\\\"sunday\\\":\\\"\\\"}'),(613,13,'merchant_photo',''),(614,13,'merchant_delivery_estimation',''),(615,13,'merchant_delivery_miles',''),(616,13,'merchant_photo_bg',''),(617,13,'merchant_disabled_cod',''),(618,13,'merchant_disabled_ccr',''),(619,13,'merchant_extenal',''),(620,13,'merchant_enabled_voucher',''),(621,13,'merchant_distance_type','mi'),(622,13,'merchant_timezone','America/Costa_Rica'),(623,13,'merchant_close_msg',''),(624,13,'merchant_food_message',''),(625,13,'merchant_preorder',''),(626,13,'merchant_maximum_order',''),(627,13,'merchant_packaging_charge',''),(628,13,'merchant_close_msg_holiday',''),(629,13,'merchant_holiday','[\\\"\\\"]'),(630,13,'merchant_activated_menu',''),(631,13,'spicydish',''),(632,13,'merchant_required_delivery_time',''),(633,13,'merchant_close_store',''),(634,13,'merchant_packaging_increment',''),(635,13,'merchant_show_time',''),(636,13,'merchant_enabled_tip',''),(637,13,'merchant_tip_default',''),(638,13,'merchant_minimum_order_pickup',''),(639,13,'merchant_maximum_order_pickup',''),(640,13,'merchant_disabled_ordering',''),(641,13,'merchant_tax_charges',''),(642,13,'stores_open_pm_start','{\\\"monday\\\":\\\"\\\",\\\"tuesday\\\":\\\"\\\",\\\"wednesday\\\":\\\"\\\",\\\"thursday\\\":\\\"\\\",\\\"friday\\\":\\\"\\\",\\\"saturday\\\":\\\"\\\",\\\"sunday\\\":\\\"\\\"}'),(643,13,'stores_open_pm_ends','{\\\"monday\\\":\\\"\\\",\\\"tuesday\\\":\\\"\\\",\\\"wednesday\\\":\\\"\\\",\\\"thursday\\\":\\\"\\\",\\\"friday\\\":\\\"\\\",\\\"saturday\\\":\\\"\\\",\\\"sunday\\\":\\\"\\\"}'),(644,13,'food_option_not_available',''),(645,13,'order_verification',''),(646,13,'order_sms_code_waiting',''),(647,13,'disabled_food_gallery',''),(648,14,'merchant_switch_master_cod',''),(649,14,'merchant_switch_master_ccr',''),(650,14,'merchant_switch_master_pyr',''),(651,14,'merchant_latitude',''),(652,14,'merchant_longtitude',''),(653,14,'merchant_food_message','hello'),(654,15,'merchant_switch_master_cod',''),(655,15,'merchant_switch_master_ccr',''),(656,15,'merchant_switch_master_pyr',''),(657,15,'merchant_latitude',''),(658,15,'merchant_longtitude',''),(659,15,'merchant_food_message','testing food message'),(660,15,'merchant_minimum_order','800'),(661,15,'merchant_tax','13'),(662,15,'merchant_delivery_charges','30'),(663,15,'stores_open_day','[\\\"monday\\\"]'),(664,15,'stores_open_starts','{\\\"monday\\\":\\\"0:55\\\",\\\"tuesday\\\":false,\\\"wednesday\\\":false,\\\"thursday\\\":false,\\\"friday\\\":false,\\\"saturday\\\":false,\\\"sunday\\\":false}'),(665,15,'stores_open_ends','{\\\"monday\\\":\\\"0:55\\\",\\\"tuesday\\\":false,\\\"wednesday\\\":false,\\\"thursday\\\":false,\\\"friday\\\":false,\\\"saturday\\\":false,\\\"sunday\\\":false}'),(666,15,'stores_open_custom_text','{\\\"monday\\\":\\\"\\\",\\\"tuesday\\\":\\\"\\\",\\\"wednesday\\\":\\\"\\\",\\\"thursday\\\":\\\"\\\",\\\"friday\\\":\\\"\\\",\\\"saturday\\\":\\\"\\\",\\\"sunday\\\":\\\"\\\"}'),(667,15,'merchant_photo','1487748251-Vendor-Offers-Button.jpg'),(668,15,'merchant_delivery_estimation',''),(669,15,'merchant_delivery_miles',''),(670,15,'merchant_photo_bg','1487748263-Green-Vendor_offers_sidebar.jpg'),(671,15,'merchant_disabled_cod',''),(672,15,'merchant_disabled_ccr',''),(673,15,'merchant_extenal',''),(674,15,'merchant_enabled_voucher','yes'),(675,15,'merchant_distance_type','mi'),(676,15,'merchant_timezone','America/Costa_Rica'),(677,15,'merchant_close_msg',''),(678,15,'merchant_preorder',''),(679,15,'merchant_maximum_order','200'),(680,15,'merchant_packaging_charge','15'),(681,15,'merchant_close_msg_holiday',''),(682,15,'merchant_holiday','[\\\"\\\"]'),(683,15,'merchant_activated_menu',''),(684,15,'spicydish',''),(685,15,'merchant_required_delivery_time',''),(686,15,'merchant_close_store',''),(687,15,'merchant_packaging_increment',''),(688,15,'merchant_show_time',''),(689,15,'merchant_enabled_tip',''),(690,15,'merchant_tip_default',''),(691,15,'merchant_minimum_order_pickup','200'),(692,15,'merchant_maximum_order_pickup','100'),(693,15,'merchant_disabled_ordering',''),(694,15,'merchant_tax_charges',''),(695,15,'stores_open_pm_start','{\\\"monday\\\":\\\"12:55 AM\\\",\\\"tuesday\\\":\\\"\\\",\\\"wednesday\\\":\\\"\\\",\\\"thursday\\\":\\\"\\\",\\\"friday\\\":\\\"\\\",\\\"saturday\\\":\\\"\\\",\\\"sunday\\\":\\\"\\\"}'),(696,15,'stores_open_pm_ends','{\\\"monday\\\":\\\"11:55 AM\\\",\\\"tuesday\\\":\\\"\\\",\\\"wednesday\\\":\\\"\\\",\\\"thursday\\\":\\\"\\\",\\\"friday\\\":\\\"\\\",\\\"saturday\\\":\\\"\\\",\\\"sunday\\\":\\\"\\\"}'),(697,15,'food_option_not_available',''),(698,15,'order_verification',''),(699,15,'order_sms_code_waiting',''),(700,15,'disabled_food_gallery',''),(701,17,'merchant_switch_master_cod',''),(702,17,'merchant_switch_master_ccr',''),(703,17,'merchant_switch_master_pyr',''),(704,17,'merchant_latitude','9.9080918'),(705,17,'merchant_longtitude','-84.06167089999997'),(706,17,'merchant_food_message',''),(707,17,'merchant_information',''),(708,17,'merchant_minimum_order','1'),(709,17,'merchant_tax','13'),(710,17,'merchant_delivery_charges','10'),(711,17,'stores_open_day',''),(712,17,'stores_open_starts','{\\\"monday\\\":false,\\\"tuesday\\\":false,\\\"wednesday\\\":false,\\\"thursday\\\":false,\\\"friday\\\":false,\\\"saturday\\\":false,\\\"sunday\\\":false}'),(713,17,'stores_open_ends','{\\\"monday\\\":false,\\\"tuesday\\\":false,\\\"wednesday\\\":false,\\\"thursday\\\":false,\\\"friday\\\":false,\\\"saturday\\\":false,\\\"sunday\\\":false}'),(714,17,'stores_open_custom_text','{\\\"monday\\\":\\\"\\\",\\\"tuesday\\\":\\\"\\\",\\\"wednesday\\\":\\\"\\\",\\\"thursday\\\":\\\"\\\",\\\"friday\\\":\\\"\\\",\\\"saturday\\\":\\\"\\\",\\\"sunday\\\":\\\"\\\"}'),(715,17,'merchant_photo',''),(716,17,'merchant_delivery_estimation',''),(717,17,'merchant_delivery_miles',''),(718,17,'merchant_photo_bg',''),(719,17,'merchant_disabled_cod',''),(720,17,'merchant_disabled_ccr',''),(721,17,'merchant_extenal',''),(722,17,'merchant_enabled_voucher',''),(723,17,'merchant_distance_type','mi'),(724,17,'merchant_timezone','America/Costa_Rica'),(725,17,'merchant_close_msg',''),(726,17,'merchant_preorder','1'),(727,17,'merchant_maximum_order','300'),(728,17,'merchant_packaging_charge',''),(729,17,'merchant_close_msg_holiday',''),(730,17,'merchant_holiday','[\\\"\\\"]'),(731,17,'merchant_activated_menu',''),(732,17,'spicydish',''),(733,17,'merchant_required_delivery_time',''),(734,17,'merchant_close_store',''),(735,17,'merchant_packaging_increment',''),(736,17,'merchant_show_time',''),(737,17,'merchant_enabled_tip',''),(738,17,'merchant_tip_default',''),(739,17,'merchant_minimum_order_pickup','1'),(740,17,'merchant_maximum_order_pickup','300'),(741,17,'merchant_disabled_ordering',''),(742,17,'merchant_tax_charges','2'),(743,17,'stores_open_pm_start','{\\\"monday\\\":\\\"\\\",\\\"tuesday\\\":\\\"\\\",\\\"wednesday\\\":\\\"\\\",\\\"thursday\\\":\\\"\\\",\\\"friday\\\":\\\"\\\",\\\"saturday\\\":\\\"\\\",\\\"sunday\\\":\\\"\\\"}'),(744,17,'stores_open_pm_ends','{\\\"monday\\\":\\\"\\\",\\\"tuesday\\\":\\\"\\\",\\\"wednesday\\\":\\\"\\\",\\\"thursday\\\":\\\"\\\",\\\"friday\\\":\\\"\\\",\\\"saturday\\\":\\\"\\\",\\\"sunday\\\":\\\"\\\"}'),(745,17,'food_option_not_available',''),(746,17,'order_verification',''),(747,17,'order_sms_code_waiting',''),(748,17,'disabled_food_gallery',''),(749,13,'merchant_food_handling_card_photo','1489475860-applw.png'),(750,13,'merchant_food_choice','Al día'),(751,18,'merchant_switch_master_cod',''),(752,18,'merchant_switch_master_ccr',''),(753,18,'merchant_switch_master_pyr',''),(754,18,'merchant_latitude',''),(755,18,'merchant_longtitude',''),(756,18,'merchant_food_message','hello'),(757,18,'merchant_food_handling_card_photo',''),(758,1,'merchant_food_handling_card_photo',''),(759,1,'merchant_food_message',''),(760,1,'merchant_food_choice','No cuento con permiso'),(761,14,'merchant_food_handling_card_photo','');
/*!40000 ALTER TABLE `ka_option` ENABLE KEYS */;
UNLOCK TABLES;

--
-- Table structure for table `ka_order`
--

DROP TABLE IF EXISTS `ka_order`;
/*!40101 SET @saved_cs_client     = @@character_set_client */;
/*!40101 SET character_set_client = utf8 */;
CREATE TABLE `ka_order` (
  `order_id` int(14) NOT NULL AUTO_INCREMENT,
  `merchant_id` int(14) DEFAULT NULL,
  `client_id` int(14) DEFAULT NULL,
  `json_details` text,
  `trans_type` varchar(100) DEFAULT NULL,
  `payment_type` varchar(100) DEFAULT NULL,
  `sub_total` float(14,4) DEFAULT NULL,
  `tax` float(14,4) DEFAULT NULL,
  `taxable_total` decimal(14,4) DEFAULT NULL,
  `total_w_tax` float(14,4) DEFAULT NULL,
  `status` varchar(255) NOT NULL DEFAULT 'pending',
  `stats_id` int(14) DEFAULT NULL,
  `viewed` int(1) NOT NULL DEFAULT '1',
  `delivery_charge` float(14,4) DEFAULT NULL,
  `delivery_date` date DEFAULT NULL,
  `delivery_time` varchar(100) DEFAULT NULL,
  `delivery_asap` varchar(14) DEFAULT NULL,
  `delivery_instruction` varchar(255) DEFAULT NULL,
  `voucher_code` varchar(100) DEFAULT NULL,
  `voucher_amount` float(14,4) DEFAULT NULL,
  `voucher_type` varchar(100) DEFAULT NULL,
  `cc_id` int(14) DEFAULT NULL,
  `date_created` datetime DEFAULT NULL,
  `date_modified` datetime DEFAULT NULL,
  `ip_address` varchar(50) DEFAULT NULL,
  `order_change` float(14,4) DEFAULT NULL,
  `payment_provider_name` varchar(255) DEFAULT NULL,
  `discounted_amount` float(14,5) DEFAULT NULL,
  `discount_percentage` float(14,5) DEFAULT NULL,
  `percent_commision` float(14,4) DEFAULT NULL,
  `total_commission` float(14,4) DEFAULT NULL,
  `commision_ontop` int(2) NOT NULL DEFAULT '2',
  `merchant_earnings` float(14,4) DEFAULT NULL,
  `packaging` float(14,4) DEFAULT NULL,
  `cart_tip_percentage` float(14,4) DEFAULT NULL,
  `cart_tip_value` float(14,4) DEFAULT NULL,
  `card_fee` float(14,4) DEFAULT NULL,
  `donot_apply_tax_delivery` int(1) NOT NULL DEFAULT '1',
  `order_locked` int(1) NOT NULL DEFAULT '1',
  `request_from` varchar(10) NOT NULL DEFAULT 'web',
  `mobile_cart_details` text,
  PRIMARY KEY (`order_id`),
  KEY `merchant_id` (`merchant_id`),
  KEY `client_id` (`client_id`)
) ENGINE=InnoDB AUTO_INCREMENT=95 DEFAULT CHARSET=utf8;
/*!40101 SET character_set_client = @saved_cs_client */;

--
-- Dumping data for table `ka_order`
--

LOCK TABLES `ka_order` WRITE;
/*!40000 ALTER TABLE `ka_order` DISABLE KEYS */;
INSERT INTO `ka_order` VALUES (1,1,2,'[{\"currentController\":\"store\",\"merchant_id\":\"1\",\"item_id\":\"3\",\"price\":\"5|Regular\",\"qty\":\"1\",\"discount\":\"\",\"notes\":\"\",\"row\":\"\",\"two_flavors\":\"\",\"non_taxable\":\"1\",\"sub_item\":\"\"}]','delivery','pyp',5.0000,0.1300,0.6500,6.6500,'initial_order',0,1,0.0000,'2016-11-17','','1','','',0.0000,'',0,'2016-11-17 00:52:41','0000-00-00 00:00:00','186.64.150.120',0.0000,'',0.00000,0.00000,3.0000,0.1500,1,4.8500,0.0000,0.0000,0.0000,1.0000,2,1,'web',''),(2,1,2,'[{\"currentController\":\"store\",\"merchant_id\":\"1\",\"item_id\":\"3\",\"price\":\"5|Regular\",\"qty\":\"1\",\"discount\":\"\",\"notes\":\"\",\"row\":\"\",\"two_flavors\":\"\",\"non_taxable\":\"1\",\"sub_item\":\"\"}]','delivery','pyp',5.0000,0.1300,0.6500,6.6500,'initial_order',0,1,0.0000,'2016-11-17','','1','','',0.0000,'',0,'2016-11-17 00:54:35','0000-00-00 00:00:00','186.64.150.120',0.0000,'',0.00000,0.00000,3.0000,0.1500,1,4.8500,0.0000,0.0000,0.0000,1.0000,2,1,'web',''),(3,1,2,'[{\"currentController\":\"store\",\"merchant_id\":\"1\",\"item_id\":\"3\",\"price\":\"5|Regular\",\"qty\":\"1\",\"discount\":\"\",\"notes\":\"\",\"row\":\"\",\"two_flavors\":\"\",\"non_taxable\":\"1\",\"sub_item\":\"\"}]','delivery','pyp',5.0000,0.1300,0.6500,6.6500,'initial_order',0,1,0.0000,'2016-11-17','','1','','',0.0000,'',0,'2016-11-17 00:54:40','0000-00-00 00:00:00','186.64.150.120',0.0000,'',0.00000,0.00000,3.0000,0.1500,1,4.8500,0.0000,0.0000,0.0000,1.0000,2,1,'web',''),(4,1,2,'[{\"currentController\":\"store\",\"merchant_id\":\"1\",\"item_id\":\"3\",\"price\":\"5|Regular\",\"qty\":\"1\",\"discount\":\"\",\"notes\":\"\",\"row\":\"\",\"two_flavors\":\"\",\"non_taxable\":\"1\",\"sub_item\":\"\"}]','delivery','pyp',5.0000,0.1300,0.6500,6.6500,'initial_order',0,1,0.0000,'2016-11-17','','1','','',0.0000,'',0,'2016-11-17 00:54:47','0000-00-00 00:00:00','186.64.150.120',0.0000,'',0.00000,0.00000,3.0000,0.1500,1,4.8500,0.0000,0.0000,0.0000,1.0000,2,1,'web',''),(5,1,2,'[{\"currentController\":\"store\",\"merchant_id\":\"1\",\"item_id\":\"3\",\"price\":\"5|Regular\",\"qty\":\"1\",\"discount\":\"\",\"notes\":\"\",\"row\":\"\",\"two_flavors\":\"\",\"non_taxable\":\"1\",\"sub_item\":\"\"}]','delivery','pyp',5.0000,0.1300,0.6500,6.6500,'paid',0,2,0.0000,'2016-11-17','','1','','',0.0000,'',0,'2016-11-17 00:55:55','2016-11-17 11:51:12','186.64.150.120',0.0000,'',0.00000,0.00000,3.0000,0.1500,1,4.8500,0.0000,0.0000,0.0000,1.0000,2,1,'web',''),(6,1,2,'{\"1\":{\"currentController\":\"store\",\"merchant_id\":\"1\",\"item_id\":\"3\",\"price\":\"5|Regular\",\"qty\":\"1\",\"discount\":\"\",\"notes\":\"\",\"row\":\"\",\"two_flavors\":\"\",\"non_taxable\":\"1\",\"sub_item\":\"\"}}','delivery','pyp',5.0000,0.1300,0.6500,6.6500,'initial_order',0,1,0.0000,'2016-11-17','','1','','',0.0000,'',0,'2016-11-17 01:22:45','0000-00-00 00:00:00','186.64.150.120',0.0000,'',0.00000,0.00000,3.0000,0.1500,1,4.8500,0.0000,0.0000,0.0000,1.0000,2,1,'web',''),(7,7,3,'[{\"item_id\":\"7\",\"row\":\"\",\"merchant_id\":\"7\",\"discount\":\"\",\"currentController\":\"store\",\"price\":\"3500|Grande\",\"qty\":\"1\",\"notes\":\"Sin cebolla, no me gusta!!\",\"cooking_ref\":\"Bien cocido\",\"require_addon_2\":\"\",\"sub_item\":{\"2\":[\"4|500|Milanesa de lomito|\"]},\"two_flavors\":\"\",\"non_taxable\":\"1\",\"addon_ids\":[\"4\"]}]','delivery','pyp',4000.0000,0.0000,0.0000,4001.0000,'initial_order',0,1,0.0000,'2016-11-19','','1','Llameme cuando ande cerca porfa!','',0.0000,'',0,'2016-11-19 21:13:43','0000-00-00 00:00:00','186.64.150.120',0.0000,'',0.00000,0.00000,10.0000,400.0000,1,3600.0000,0.0000,0.0000,0.0000,1.0000,1,1,'web',''),(8,7,3,'[{\"item_id\":\"7\",\"row\":\"\",\"merchant_id\":\"7\",\"discount\":\"\",\"currentController\":\"store\",\"price\":\"3500|Grande\",\"qty\":\"1\",\"notes\":\"Sin cebolla, no me gusta!!\",\"cooking_ref\":\"Bien cocido\",\"require_addon_2\":\"\",\"sub_item\":{\"2\":[\"4|500|Milanesa de lomito|\"]},\"two_flavors\":\"\",\"non_taxable\":\"1\",\"addon_ids\":[\"4\"]}]','delivery','pyp',4000.0000,0.0000,0.0000,4001.0000,'initial_order',0,1,0.0000,'2016-11-19','','1','Llameme cuando ande cerca porfa!','',0.0000,'',0,'2016-11-19 21:13:55','0000-00-00 00:00:00','186.64.150.120',0.0000,'',0.00000,0.00000,10.0000,400.0000,1,3600.0000,0.0000,0.0000,0.0000,1.0000,1,1,'web',''),(9,7,3,'[{\"item_id\":\"7\",\"row\":\"\",\"merchant_id\":\"7\",\"discount\":\"\",\"currentController\":\"store\",\"price\":\"3500|Grande\",\"qty\":\"1\",\"notes\":\"Sin cebolla, no me gusta!!\",\"cooking_ref\":\"Bien cocido\",\"require_addon_2\":\"\",\"sub_item\":{\"2\":[\"4|500|Milanesa de lomito|\"]},\"two_flavors\":\"\",\"non_taxable\":\"1\",\"addon_ids\":[\"4\"]}]','delivery','pyp',4000.0000,0.0000,0.0000,4001.0000,'initial_order',0,1,0.0000,'2016-11-19','','1','Llameme cuando ande cerca porfa!','',0.0000,'',0,'2016-11-19 21:15:03','0000-00-00 00:00:00','186.64.150.120',0.0000,'',0.00000,0.00000,10.0000,400.0000,1,3600.0000,0.0000,0.0000,0.0000,1.0000,1,1,'web',''),(10,7,3,'[{\"item_id\":\"7\",\"row\":\"\",\"merchant_id\":\"7\",\"discount\":\"\",\"currentController\":\"store\",\"price\":\"3500|Grande\",\"qty\":\"1\",\"notes\":\"Sin cebolla, no me gusta!!\",\"cooking_ref\":\"Bien cocido\",\"require_addon_2\":\"\",\"sub_item\":{\"2\":[\"4|500|Milanesa de lomito|\"]},\"two_flavors\":\"\",\"non_taxable\":\"1\",\"addon_ids\":[\"4\"]}]','delivery','pyp',4000.0000,0.0000,0.0000,4250.0000,'initial_order',0,1,0.0000,'2016-11-19','','1','Llameme cuando ande cerca porfa!','',0.0000,'',0,'2016-11-19 21:17:51','0000-00-00 00:00:00','186.64.150.120',0.0000,'',0.00000,0.00000,10.0000,400.0000,1,3600.0000,0.0000,0.0000,0.0000,250.0000,1,1,'web',''),(11,7,3,'[{\"item_id\":\"5\",\"row\":\"\",\"merchant_id\":\"7\",\"discount\":\"\",\"currentController\":\"store\",\"price\":\"1500|Mediano\",\"qty\":\"1\",\"notes\":\"\",\"two_flavors\":\"\",\"non_taxable\":\"1\",\"sub_item\":\"\"}]','delivery','pyp',1500.0000,0.0000,0.0000,1750.0000,'initial_order',0,1,0.0000,'2016-11-19','','','','',0.0000,'',0,'2016-11-19 21:20:49','0000-00-00 00:00:00','186.64.150.120',0.0000,'',0.00000,0.00000,10.0000,150.0000,1,1350.0000,0.0000,0.0000,0.0000,250.0000,1,1,'web',''),(12,7,4,'[{\"item_id\":\"6\",\"merchant_id\":\"7\",\"discount\":\"\",\"price\":\"3500|Grande\",\"qty\":\"1\",\"two_flavors\":\"0\",\"cooking_ref\":\"Bien cocido\",\"ingredients\":\"\",\"notes\":\"\",\"order_notes\":\"\",\"sub_item\":{\"1\":[\"2|450|Yuca frita|\"]},\"addon_qty\":{\"1\":[\"1\"]},\"addon_ids\":[\"2\"],\"non_taxable\":\"1\"}]','delivery','pyp',3950.0000,0.1300,513.5000,4713.5000,'initial_order',0,1,0.0000,'2016-11-21','09:13 PM','','Casa anarilla','',0.0000,'',0,'2016-11-19 23:36:49','0000-00-00 00:00:00','186.64.150.120',0.0000,'',0.00000,0.00000,10.0000,395.0000,1,3555.0000,0.0000,0.0000,0.0000,250.0000,1,1,'mobile_app','[{\"item_id\":\"6\",\"qty\":\"1\",\"price\":\"3500|Grande\",\"sub_item\":[{\"subcat_id\":1,\"value\":\"2|450|Yuca frita|\",\"qty\":\"itemqty\"}],\"cooking_ref\":[{\"value\":\"Bien cocido\"}],\"ingredients\":[],\"order_notes\":\"\",\"discount\":\"\"}]'),(13,7,4,'[{\"item_id\":\"6\",\"merchant_id\":\"7\",\"discount\":\"\",\"price\":\"3500|Grande\",\"qty\":\"1\",\"two_flavors\":\"0\",\"cooking_ref\":\"Bien cocido\",\"ingredients\":\"\",\"notes\":\"\",\"order_notes\":\"\",\"sub_item\":{\"1\":[\"2|450|Yuca frita|\"]},\"addon_qty\":{\"1\":[\"1\"]},\"addon_ids\":[\"2\"],\"non_taxable\":\"1\"}]','delivery','obd',3950.0000,0.1300,513.5000,4463.5000,'Paid',0,2,0.0000,'2016-11-21','09:13 PM','','Casa anarilla','',0.0000,'',0,'2016-11-19 23:39:05','2016-12-13 13:07:40','186.64.150.120',0.0000,'',0.00000,0.00000,10.0000,395.0000,1,3555.0000,0.0000,0.0000,0.0000,0.0000,1,1,'mobile_app','[{\"item_id\":\"6\",\"qty\":\"1\",\"price\":\"3500|Grande\",\"sub_item\":[{\"subcat_id\":1,\"value\":\"2|450|Yuca frita|\",\"qty\":\"itemqty\"}],\"cooking_ref\":[{\"value\":\"Bien cocido\"}],\"ingredients\":[],\"order_notes\":\"\",\"discount\":\"\"}]'),(14,7,3,'[{\"item_id\":\"7\",\"row\":\"\",\"merchant_id\":\"7\",\"discount\":\"\",\"currentController\":\"store\",\"price\":\"2500|Mediano\",\"qty\":\"1\",\"notes\":\"\",\"cooking_ref\":\"Bien cocido\",\"require_addon_2\":\"\",\"sub_item\":{\"2\":[\"3|300|Pezcado empanizado|\"]},\"two_flavors\":\"\",\"non_taxable\":\"1\",\"addon_ids\":[\"3\"]}]','delivery','pyp',2800.0000,0.1300,364.0000,3414.0000,'initial_order',0,1,0.0000,'2016-11-30','','1','','',0.0000,'',0,'2016-11-30 23:52:40','0000-00-00 00:00:00','186.64.150.120',0.0000,'',0.00000,0.00000,10.0000,280.0000,1,2520.0000,0.0000,0.0000,0.0000,250.0000,1,1,'web',''),(15,7,3,'[{\"item_id\":\"7\",\"row\":\"\",\"merchant_id\":\"7\",\"discount\":\"\",\"currentController\":\"store\",\"price\":\"2500|Mediano\",\"qty\":\"1\",\"notes\":\"\",\"cooking_ref\":\"Bien cocido\",\"require_addon_2\":\"\",\"sub_item\":{\"2\":[\"3|300|Pezcado empanizado|\"]},\"two_flavors\":\"\",\"non_taxable\":\"1\",\"addon_ids\":[\"3\"]}]','delivery','obd',2800.0000,0.1300,364.0000,3164.0000,'Cancelado Artesano de la Comida',0,2,0.0000,'2016-11-30','','1','','',0.0000,'',0,'2016-11-30 23:58:56','2016-12-13 13:14:22','186.64.150.120',0.0000,'',0.00000,0.00000,10.0000,280.0000,1,2520.0000,0.0000,0.0000,0.0000,0.0000,1,1,'web',''),(16,11,3,'[{\"item_id\":\"9\",\"merchant_id\":\"11\",\"discount\":\"\",\"price\":\"4|30 cm\",\"qty\":\"1\",\"two_flavors\":\"0\",\"cooking_ref\":\"\",\"ingredients\":[\"Pan oregano parmesano\"],\"notes\":\"\",\"order_notes\":\"\",\"sub_item\":{\"3\":[\"6|1|Ensalada de repollo|\"]},\"addon_qty\":{\"3\":[\"1\"]},\"addon_ids\":[\"6\"],\"non_taxable\":\"1\"},{\"item_id\":\"8\",\"merchant_id\":\"11\",\"discount\":\"\",\"price\":\"2|15 cm\",\"qty\":\"1\",\"two_flavors\":\"0\",\"cooking_ref\":\"\",\"ingredients\":[\"Pan Integral\"],\"notes\":\"\",\"order_notes\":\"\",\"sub_item\":{\"3\":[\"6|1|Ensalada de repollo|\"]},\"addon_qty\":{\"3\":[\"1\"]},\"addon_ids\":[\"6\"],\"non_taxable\":\"1\"}]','delivery','pyp',8.0000,0.1300,1.0400,259.0400,'initial_order',0,1,0.0000,'2016-12-05','07:30 AM','','Apartamento 3 torre 1','',0.0000,'',0,'2016-12-05 06:36:26','0000-00-00 00:00:00','186.64.150.120',0.0000,'',0.00000,0.00000,10.0000,0.8000,1,7.2000,0.0000,0.0000,0.0000,250.0000,2,1,'mobile_app','[{\"item_id\":\"9\",\"qty\":\"1\",\"price\":\"4|30 cm\",\"sub_item\":[{\"subcat_id\":3,\"value\":\"6|1|Ensalada de repollo\",\"qty\":\"1\"}],\"cooking_ref\":[],\"ingredients\":[{\"value\":\"Pan oregano parmesano\"}],\"order_notes\":\"\",\"discount\":\"\"},{\"item_id\":\"8\",\"qty\":\"1\",\"price\":\"2|15 cm\",\"sub_item\":[{\"subcat_id\":3,\"value\":\"6|1|Ensalada de repollo\",\"qty\":\"1\"}],\"cooking_ref\":[],\"ingredients\":[{\"value\":\"Pan Integral\"}],\"order_notes\":\"\",\"discount\":\"\"}]'),(17,11,3,'[{\"item_id\":\"9\",\"merchant_id\":\"11\",\"discount\":\"\",\"price\":\"4|30 cm\",\"qty\":\"1\",\"two_flavors\":\"0\",\"cooking_ref\":\"\",\"ingredients\":[\"Pan oregano parmesano\"],\"notes\":\"\",\"order_notes\":\"\",\"sub_item\":{\"3\":[\"6|1|Ensalada de repollo|\"]},\"addon_qty\":{\"3\":[\"1\"]},\"addon_ids\":[\"6\"],\"non_taxable\":\"1\"},{\"item_id\":\"8\",\"merchant_id\":\"11\",\"discount\":\"\",\"price\":\"2|15 cm\",\"qty\":\"1\",\"two_flavors\":\"0\",\"cooking_ref\":\"\",\"ingredients\":[\"Pan Integral\"],\"notes\":\"\",\"order_notes\":\"\",\"sub_item\":{\"3\":[\"6|1|Ensalada de repollo|\"]},\"addon_qty\":{\"3\":[\"1\"]},\"addon_ids\":[\"6\"],\"non_taxable\":\"1\"}]','delivery','pyp',8.0000,0.1300,1.0400,259.0400,'initial_order',0,1,0.0000,'2016-12-05','','','','',0.0000,'',0,'2016-12-05 06:37:31','0000-00-00 00:00:00','186.64.150.120',0.0000,'',0.00000,0.00000,10.0000,0.8000,1,7.2000,0.0000,0.0000,0.0000,250.0000,2,1,'mobile_app','[{\"item_id\":\"9\",\"qty\":\"1\",\"price\":\"4|30 cm\",\"sub_item\":[{\"subcat_id\":3,\"value\":\"6|1|Ensalada de repollo\",\"qty\":\"1\"}],\"cooking_ref\":[],\"ingredients\":[{\"value\":\"Pan oregano parmesano\"}],\"order_notes\":\"\",\"discount\":\"\"},{\"item_id\":\"8\",\"qty\":\"1\",\"price\":\"2|15 cm\",\"sub_item\":[{\"subcat_id\":3,\"value\":\"6|1|Ensalada de repollo\",\"qty\":\"1\"}],\"cooking_ref\":[],\"ingredients\":[{\"value\":\"Pan Integral\"}],\"order_notes\":\"\",\"discount\":\"\"}]'),(18,11,3,'[{\"item_id\":\"8\",\"merchant_id\":\"11\",\"discount\":\"\",\"price\":\"2|15 cm\",\"qty\":\"1\",\"two_flavors\":\"0\",\"cooking_ref\":\"\",\"ingredients\":\"\",\"notes\":\"\",\"order_notes\":\"\",\"sub_item\":{\"3\":[\"5|1|Papas fritas|\"]},\"addon_qty\":{\"3\":[\"1\"]},\"addon_ids\":[\"5\"],\"non_taxable\":\"1\"},{\"item_id\":\"8\",\"merchant_id\":\"11\",\"discount\":\"\",\"price\":\"2|15 cm\",\"qty\":\"1\",\"two_flavors\":\"0\",\"cooking_ref\":\"\",\"ingredients\":[\"Pan ciabatta\"],\"notes\":\"\",\"order_notes\":\"\",\"sub_item\":{\"3\":[\"5|1|Papas fritas|\"]},\"addon_qty\":{\"3\":[\"1\"]},\"addon_ids\":[\"5\"],\"non_taxable\":\"1\"}]','delivery','pyp',6.0000,0.1300,0.7800,6.7800,'initial_order',0,1,0.0000,'2016-12-05','','1','','',0.0000,'',0,'2016-12-05 06:42:50','0000-00-00 00:00:00','186.64.150.120',0.0000,'',0.00000,0.00000,10.0000,0.6000,1,5.4000,0.0000,0.0000,0.0000,0.0000,2,1,'mobile_app','[{\"item_id\":\"8\",\"qty\":\"1\",\"price\":\"2|15 cm\",\"sub_item\":[{\"subcat_id\":3,\"value\":\"5|1|Papas fritas\",\"qty\":\"1\"}],\"cooking_ref\":[],\"ingredients\":[],\"order_notes\":\"\",\"discount\":\"\"},{\"item_id\":\"8\",\"qty\":\"1\",\"price\":\"2|15 cm\",\"sub_item\":[{\"subcat_id\":3,\"value\":\"5|1|Papas fritas\",\"qty\":\"1\"}],\"cooking_ref\":[],\"ingredients\":[{\"value\":\"Pan ciabatta\"}],\"order_notes\":\"\",\"discount\":\"\"}]'),(19,11,3,'[{\"item_id\":\"8\",\"merchant_id\":\"11\",\"discount\":\"\",\"price\":\"2|15 cm\",\"qty\":\"1\",\"two_flavors\":\"0\",\"cooking_ref\":\"\",\"ingredients\":\"\",\"notes\":\"\",\"order_notes\":\"\",\"sub_item\":{\"3\":[\"5|1|Papas fritas|\"]},\"addon_qty\":{\"3\":[\"1\"]},\"addon_ids\":[\"5\"],\"non_taxable\":\"1\"},{\"item_id\":\"8\",\"merchant_id\":\"11\",\"discount\":\"\",\"price\":\"2|15 cm\",\"qty\":\"1\",\"two_flavors\":\"0\",\"cooking_ref\":\"\",\"ingredients\":[\"Pan ciabatta\"],\"notes\":\"\",\"order_notes\":\"\",\"sub_item\":{\"3\":[\"5|1|Papas fritas|\"]},\"addon_qty\":{\"3\":[\"1\"]},\"addon_ids\":[\"5\"],\"non_taxable\":\"1\"}]','delivery','pyp',6.0000,0.1300,0.7800,6.7800,'En preparación Artesano de la Comida',0,2,0.0000,'2016-12-05','','1','','',0.0000,'',0,'2016-12-05 06:52:49','2016-12-05 07:00:44','186.64.150.120',0.0000,'',0.00000,0.00000,10.0000,0.6000,1,5.4000,0.0000,0.0000,0.0000,0.0000,2,1,'mobile_app','[{\"item_id\":\"8\",\"qty\":\"1\",\"price\":\"2|15 cm\",\"sub_item\":[{\"subcat_id\":3,\"value\":\"5|1|Papas fritas\",\"qty\":\"1\"}],\"cooking_ref\":[],\"ingredients\":[],\"order_notes\":\"\",\"discount\":\"\"},{\"item_id\":\"8\",\"qty\":\"1\",\"price\":\"2|15 cm\",\"sub_item\":[{\"subcat_id\":3,\"value\":\"5|1|Papas fritas\",\"qty\":\"1\"}],\"cooking_ref\":[],\"ingredients\":[{\"value\":\"Pan ciabatta\"}],\"order_notes\":\"\",\"discount\":\"\"}]'),(20,11,3,'[{\"item_id\":\"8\",\"merchant_id\":\"11\",\"discount\":\"\",\"price\":\"2|15 cm\",\"qty\":\"1\",\"two_flavors\":\"0\",\"cooking_ref\":\"\",\"ingredients\":\"\",\"notes\":\"\",\"order_notes\":\"\",\"sub_item\":{\"3\":[\"5|1|Papas fritas|\"]},\"addon_qty\":{\"3\":[\"1\"]},\"addon_ids\":[\"5\"],\"non_taxable\":\"1\"},{\"item_id\":\"8\",\"merchant_id\":\"11\",\"discount\":\"\",\"price\":\"2|15 cm\",\"qty\":\"1\",\"two_flavors\":\"0\",\"cooking_ref\":\"\",\"ingredients\":[\"Pan ciabatta\"],\"notes\":\"\",\"order_notes\":\"\",\"sub_item\":{\"3\":[\"5|1|Papas fritas|\"]},\"addon_qty\":{\"3\":[\"1\"]},\"addon_ids\":[\"5\"],\"non_taxable\":\"1\"}]','delivery','pyp',6.0000,0.1300,0.7800,6.7800,'Paid',0,2,0.0000,'2016-12-05','','1','','',0.0000,'',0,'2016-12-05 07:22:48','2016-12-05 12:25:11','186.64.150.120',0.0000,'',0.00000,0.00000,10.0000,0.6000,1,5.4000,0.0000,0.0000,0.0000,0.0000,2,2,'mobile_app','[{\"item_id\":\"8\",\"qty\":\"1\",\"price\":\"2|15 cm\",\"sub_item\":[{\"subcat_id\":3,\"value\":\"5|1|Papas fritas\",\"qty\":\"1\"}],\"cooking_ref\":[],\"ingredients\":[],\"order_notes\":\"\",\"discount\":\"\"},{\"item_id\":\"8\",\"qty\":\"1\",\"price\":\"2|15 cm\",\"sub_item\":[{\"subcat_id\":3,\"value\":\"5|1|Papas fritas\",\"qty\":\"1\"}],\"cooking_ref\":[],\"ingredients\":[{\"value\":\"Pan ciabatta\"}],\"order_notes\":\"\",\"discount\":\"\"}]'),(21,11,3,'[{\"item_id\":\"8\",\"merchant_id\":\"11\",\"discount\":\"\",\"price\":\"2|15 cm\",\"qty\":\"1\",\"two_flavors\":\"0\",\"cooking_ref\":\"\",\"ingredients\":\"\",\"notes\":\"\",\"order_notes\":\"\",\"sub_item\":{\"3\":[\"5|1|Papas fritas|\"]},\"addon_qty\":{\"3\":[\"1\"]},\"addon_ids\":[\"5\"],\"non_taxable\":\"1\"},{\"item_id\":\"8\",\"merchant_id\":\"11\",\"discount\":\"\",\"price\":\"2|15 cm\",\"qty\":\"1\",\"two_flavors\":\"0\",\"cooking_ref\":\"\",\"ingredients\":[\"Pan ciabatta\"],\"notes\":\"\",\"order_notes\":\"\",\"sub_item\":{\"3\":[\"5|1|Papas fritas|\"]},\"addon_qty\":{\"3\":[\"1\"]},\"addon_ids\":[\"5\"],\"non_taxable\":\"1\"}]','delivery','pyp',6.0000,0.1300,0.7800,6.7800,'Cancelado Artesano de la Comida',0,2,0.0000,'2016-12-05','','1','','',0.0000,'',0,'2016-12-05 07:24:32','2016-12-05 08:15:27','186.64.150.120',0.0000,'',0.00000,0.00000,10.0000,0.6000,1,5.4000,0.0000,0.0000,0.0000,0.0000,2,1,'mobile_app','[{\"item_id\":\"8\",\"qty\":\"1\",\"price\":\"2|15 cm\",\"sub_item\":[{\"subcat_id\":3,\"value\":\"5|1|Papas fritas\",\"qty\":\"1\"}],\"cooking_ref\":[],\"ingredients\":[],\"order_notes\":\"\",\"discount\":\"\"},{\"item_id\":\"8\",\"qty\":\"1\",\"price\":\"2|15 cm\",\"sub_item\":[{\"subcat_id\":3,\"value\":\"5|1|Papas fritas\",\"qty\":\"1\"}],\"cooking_ref\":[],\"ingredients\":[{\"value\":\"Pan ciabatta\"}],\"order_notes\":\"\",\"discount\":\"\"}]'),(22,11,3,'[{\"item_id\":\"8\",\"merchant_id\":\"11\",\"discount\":\"\",\"price\":\"2|15 cm\",\"qty\":\"1\",\"two_flavors\":\"0\",\"cooking_ref\":\"\",\"ingredients\":\"\",\"notes\":\"\",\"order_notes\":\"\",\"sub_item\":{\"3\":[\"5|1|Papas fritas|\"]},\"addon_qty\":{\"3\":[\"1\"]},\"addon_ids\":[\"5\"],\"non_taxable\":\"1\"},{\"item_id\":\"8\",\"merchant_id\":\"11\",\"discount\":\"\",\"price\":\"2|15 cm\",\"qty\":\"1\",\"two_flavors\":\"0\",\"cooking_ref\":\"\",\"ingredients\":[\"Pan ciabatta\"],\"notes\":\"\",\"order_notes\":\"\",\"sub_item\":{\"3\":[\"5|1|Papas fritas|\"]},\"addon_qty\":{\"3\":[\"1\"]},\"addon_ids\":[\"5\"],\"non_taxable\":\"1\"}]','delivery','pyp',6.0000,0.1300,0.7800,6.7800,'initial_order',0,1,0.0000,'2016-12-05','','1','','',0.0000,'',0,'2016-12-05 07:33:30','0000-00-00 00:00:00','186.64.150.120',0.0000,'',0.00000,0.00000,10.0000,0.6000,1,5.4000,0.0000,0.0000,0.0000,0.0000,2,1,'mobile_app','[{\"item_id\":\"8\",\"qty\":\"1\",\"price\":\"2|15 cm\",\"sub_item\":[{\"subcat_id\":3,\"value\":\"5|1|Papas fritas\",\"qty\":\"1\"}],\"cooking_ref\":[],\"ingredients\":[],\"order_notes\":\"\",\"discount\":\"\"},{\"item_id\":\"8\",\"qty\":\"1\",\"price\":\"2|15 cm\",\"sub_item\":[{\"subcat_id\":3,\"value\":\"5|1|Papas fritas\",\"qty\":\"1\"}],\"cooking_ref\":[],\"ingredients\":[{\"value\":\"Pan ciabatta\"}],\"order_notes\":\"\",\"discount\":\"\"}]'),(23,11,3,'[{\"item_id\":\"8\",\"merchant_id\":\"11\",\"discount\":\"\",\"price\":\"2|15 cm\",\"qty\":\"1\",\"two_flavors\":\"0\",\"cooking_ref\":\"\",\"ingredients\":\"\",\"notes\":\"\",\"order_notes\":\"\",\"sub_item\":{\"3\":[\"5|1|Papas fritas|\"]},\"addon_qty\":{\"3\":[\"1\"]},\"addon_ids\":[\"5\"],\"non_taxable\":\"1\"},{\"item_id\":\"8\",\"merchant_id\":\"11\",\"discount\":\"\",\"price\":\"2|15 cm\",\"qty\":\"1\",\"two_flavors\":\"0\",\"cooking_ref\":\"\",\"ingredients\":[\"Pan ciabatta\"],\"notes\":\"\",\"order_notes\":\"\",\"sub_item\":{\"3\":[\"5|1|Papas fritas|\"]},\"addon_qty\":{\"3\":[\"1\"]},\"addon_ids\":[\"5\"],\"non_taxable\":\"1\"}]','delivery','pyp',6.0000,0.1300,0.7800,6.7800,'received',0,2,0.0000,'2016-12-05','','1','','',0.0000,'',0,'2016-12-05 08:49:41','2016-12-05 08:50:58','186.64.150.120',0.0000,'',0.00000,0.00000,10.0000,0.6000,1,5.4000,0.0000,0.0000,0.0000,0.0000,2,1,'mobile_app','[{\"item_id\":\"8\",\"qty\":\"1\",\"price\":\"2|15 cm\",\"sub_item\":[{\"subcat_id\":3,\"value\":\"5|1|Papas fritas\",\"qty\":\"1\"}],\"cooking_ref\":[],\"ingredients\":[],\"order_notes\":\"\",\"discount\":\"\"},{\"item_id\":\"8\",\"qty\":\"1\",\"price\":\"2|15 cm\",\"sub_item\":[{\"subcat_id\":3,\"value\":\"5|1|Papas fritas\",\"qty\":\"1\"}],\"cooking_ref\":[],\"ingredients\":[{\"value\":\"Pan ciabatta\"}],\"order_notes\":\"\",\"discount\":\"\"}]'),(24,11,3,'[{\"item_id\":\"9\",\"merchant_id\":\"11\",\"discount\":\"\",\"price\":\"3|15 cm\",\"qty\":\"1\",\"two_flavors\":\"0\",\"cooking_ref\":\"\",\"ingredients\":[\"Pan oregano parmesano\"],\"notes\":\"\",\"order_notes\":\"\",\"sub_item\":{\"3\":[\"6|1|Ensalada de repollo|\"]},\"addon_qty\":{\"3\":[\"1\"]},\"addon_ids\":[\"6\"],\"non_taxable\":\"1\"}]','delivery','pyp',4.0000,0.1300,0.5200,4.5200,'De camino Express',0,2,0.0000,'2016-12-05','','1','','',0.0000,'',0,'2016-12-05 08:57:56','2016-12-05 09:00:39','186.64.150.120',0.0000,'',0.00000,0.00000,10.0000,0.4000,1,3.6000,0.0000,0.0000,0.0000,0.0000,2,1,'mobile_app','[{\"item_id\":\"9\",\"qty\":\"1\",\"price\":\"3|15 cm\",\"sub_item\":[{\"subcat_id\":3,\"value\":\"6|1|Ensalada de repollo\",\"qty\":\"1\"}],\"cooking_ref\":[],\"ingredients\":[{\"value\":\"Pan oregano parmesano\"}],\"order_notes\":\"\",\"discount\":\"\"}]'),(25,11,3,'[{\"item_id\":\"9\",\"merchant_id\":\"11\",\"discount\":\"\",\"price\":\"3|15 cm\",\"qty\":\"1\",\"two_flavors\":\"0\",\"cooking_ref\":\"\",\"ingredients\":[\"Pan oregano parmesano\"],\"notes\":\"\",\"order_notes\":\"\",\"sub_item\":{\"3\":[\"6|1|Ensalada de repollo|\"]},\"addon_qty\":{\"3\":[\"1\"]},\"addon_ids\":[\"6\"],\"non_taxable\":\"1\"}]','delivery','pyp',4.0000,0.1300,0.5200,4.5200,'Paid',0,2,0.0000,'2016-12-05','','1','','',0.0000,'',0,'2016-12-05 09:05:08','2016-12-05 11:40:58','186.176.135.203',0.0000,'',0.00000,0.00000,10.0000,0.4000,1,3.6000,0.0000,0.0000,0.0000,0.0000,2,2,'mobile_app','[{\"item_id\":\"9\",\"qty\":\"1\",\"price\":\"3|15 cm\",\"sub_item\":[{\"subcat_id\":3,\"value\":\"6|1|Ensalada de repollo\",\"qty\":\"1\"}],\"cooking_ref\":[],\"ingredients\":[{\"value\":\"Pan oregano parmesano\"}],\"order_notes\":\"\",\"discount\":\"\"}]'),(26,1,1,'[{\"currentController\":\"store\",\"merchant_id\":\"1\",\"item_id\":\"3\",\"price\":\"5|Regular\",\"qty\":\"1\",\"discount\":\"\",\"notes\":\"\",\"row\":\"\",\"two_flavors\":\"\",\"non_taxable\":\"1\",\"sub_item\":\"\"}]','delivery','pyp',5.0000,0.1300,0.6500,5.6500,'initial_order',0,1,0.0000,'2016-12-05','','','saaf asd a d','',0.0000,'',0,'2016-12-05 11:55:12','0000-00-00 00:00:00','223.255.204.27',0.0000,'',0.00000,0.00000,3.0000,0.1500,1,4.8500,0.0000,0.0000,0.0000,0.0000,2,1,'web',''),(27,11,5,'[{\"item_id\":\"8\",\"row\":\"\",\"merchant_id\":\"11\",\"discount\":\"\",\"currentController\":\"store\",\"price\":\"2|15 cm\",\"qty\":\"1\",\"notes\":\"\",\"ingredients\":[\"Pan oregano parmesano\"],\"require_addon_3\":\"2\",\"addon_qty\":{\"3\":[\"1\",\"1\",\"1\"]},\"sub_item\":{\"3\":{\"1\":\"6|1|Ensalada de repollo|\"}},\"two_flavors\":\"\",\"non_taxable\":\"1\",\"addon_ids\":[\"6\"]}]','delivery','pyp',3.0000,0.1300,0.3900,3.3900,'initial_order',0,1,0.0000,'2016-12-05','','1','Oficina portines Grises, a la par de veterinaria','',0.0000,'',0,'2016-12-05 14:34:08','0000-00-00 00:00:00','186.176.135.203',0.0000,'',0.00000,0.00000,10.0000,0.3000,1,2.7000,0.0000,0.0000,0.0000,0.0000,2,1,'web',''),(28,11,5,'[{\"item_id\":\"8\",\"row\":\"\",\"merchant_id\":\"11\",\"discount\":\"\",\"currentController\":\"store\",\"price\":\"2|15 cm\",\"qty\":\"1\",\"notes\":\"\",\"ingredients\":[\"Pan oregano parmesano\"],\"require_addon_3\":\"2\",\"addon_qty\":{\"3\":[\"1\",\"1\",\"1\"]},\"sub_item\":{\"3\":{\"1\":\"6|1|Ensalada de repollo|\"}},\"two_flavors\":\"\",\"non_taxable\":\"1\",\"addon_ids\":[\"6\"]}]','delivery','pyp',3.0000,0.1300,0.3900,3.3900,'initial_order',0,1,0.0000,'2016-12-05','','1','','',0.0000,'',0,'2016-12-05 14:36:15','0000-00-00 00:00:00','186.176.135.203',0.0000,'',0.00000,0.00000,10.0000,0.3000,1,2.7000,0.0000,0.0000,0.0000,0.0000,2,1,'web',''),(29,11,3,'[{\"item_id\":\"8\",\"merchant_id\":\"11\",\"discount\":\"\",\"price\":\"3.5|30 cm\",\"qty\":\"1\",\"two_flavors\":\"0\",\"cooking_ref\":\"\",\"ingredients\":[\"Pan oregano parmesano\"],\"notes\":\"\",\"order_notes\":\"\",\"sub_item\":{\"3\":[\"5|1|Papas fritas|\"]},\"addon_qty\":{\"3\":[\"1\"]},\"addon_ids\":[\"5\"],\"non_taxable\":\"1\"}]','delivery','pyp',4.5000,0.1300,0.5850,5.0850,'Paid',0,2,0.0000,'2016-12-05','','1','','',0.0000,'',0,'2016-12-05 14:38:24','2016-12-05 14:50:28','186.176.135.203',0.0000,'',0.00000,0.00000,10.0000,0.4500,1,4.0500,0.0000,0.0000,0.0000,0.0000,2,2,'mobile_app','[{\"item_id\":\"8\",\"qty\":\"1\",\"price\":\"3.5|30 cm\",\"sub_item\":[{\"subcat_id\":3,\"value\":\"5|1|Papas fritas\",\"qty\":\"1\"}],\"cooking_ref\":[],\"ingredients\":[{\"value\":\"Pan oregano parmesano\"}],\"order_notes\":\"\",\"discount\":\"\"}]'),(30,11,3,'[{\"item_id\":\"8\",\"merchant_id\":\"11\",\"discount\":\"\",\"price\":\"2|15 cm\",\"qty\":\"1\",\"two_flavors\":\"0\",\"cooking_ref\":\"\",\"ingredients\":[\"Pan ciabatta\"],\"notes\":\"\",\"order_notes\":\"\",\"sub_item\":{\"3\":[\"6|1|Ensalada de repollo|\"]},\"addon_qty\":{\"3\":[\"1\"]},\"addon_ids\":[\"6\"],\"non_taxable\":\"1\"}]','delivery','pyp',3.0000,0.1300,0.3900,3.3900,'received',0,2,0.0000,'2016-12-05','','1','','',0.0000,'',0,'2016-12-05 15:00:34','2016-12-05 15:02:33','186.176.135.203',0.0000,'',0.00000,0.00000,10.0000,0.3000,1,2.7000,0.0000,0.0000,0.0000,0.0000,2,1,'mobile_app','[{\"item_id\":\"8\",\"qty\":\"1\",\"price\":\"2|15 cm\",\"sub_item\":[{\"subcat_id\":3,\"value\":\"6|1|Ensalada de repollo\",\"qty\":\"1\"}],\"cooking_ref\":[],\"ingredients\":[{\"value\":\"Pan ciabatta\"}],\"order_notes\":\"\",\"discount\":\"\"}]'),(31,11,3,'[{\"item_id\":\"9\",\"merchant_id\":\"11\",\"discount\":\"\",\"price\":\"3|15 cm\",\"qty\":\"1\",\"two_flavors\":\"0\",\"cooking_ref\":\"\",\"ingredients\":[\"Pan Blanco\"],\"notes\":\"\",\"order_notes\":\"\",\"sub_item\":{\"3\":[\"5|1|Papas fritas|\"]},\"addon_qty\":{\"3\":[\"1\"]},\"addon_ids\":[\"5\"],\"non_taxable\":\"1\"}]','delivery','pyp',4.0000,0.1300,0.5200,4.5200,'initial_order',0,1,0.0000,'2016-12-06','','1','Pregubtar ñor anadre','',0.0000,'',0,'2016-12-06 11:26:13','0000-00-00 00:00:00','186.176.135.203',0.0000,'',0.00000,0.00000,10.0000,0.4000,1,3.6000,0.0000,0.0000,0.0000,0.0000,2,1,'mobile_app','[{\"item_id\":\"9\",\"qty\":\"1\",\"price\":\"3|15 cm\",\"sub_item\":[{\"subcat_id\":3,\"value\":\"5|1|Papas fritas\",\"qty\":\"1\"}],\"cooking_ref\":[],\"ingredients\":[{\"value\":\"Pan Blanco\"}],\"order_notes\":\"\",\"discount\":\"\"}]'),(32,1,1,'[{\"currentController\":\"store\",\"merchant_id\":\"1\",\"item_id\":\"3\",\"price\":\"5|Regular\",\"qty\":\"1\",\"discount\":\"\",\"notes\":\"\",\"row\":\"\",\"two_flavors\":\"\",\"non_taxable\":\"1\",\"sub_item\":\"\"}]','delivery','pyp',5.0000,0.1300,0.6500,5.6500,'initial_order',0,1,0.0000,'2016-12-07','','1','','',0.0000,'',0,'2016-12-07 02:28:39','0000-00-00 00:00:00','192.80.138.17',0.0000,'',0.00000,0.00000,3.0000,0.1500,1,4.8500,0.0000,0.0000,0.0000,0.0000,2,1,'web',''),(33,1,1,'[{\"currentController\":\"store\",\"merchant_id\":\"1\",\"item_id\":\"3\",\"price\":\"5|Regular\",\"qty\":\"1\",\"discount\":\"\",\"notes\":\"\",\"row\":\"\",\"two_flavors\":\"\",\"non_taxable\":\"1\",\"sub_item\":\"\"}]','delivery','pyp',5.0000,0.1300,0.6500,5.6500,'initial_order',0,1,0.0000,'2016-12-07','','1','Thanks, please send me as possible as you can','',0.0000,'',0,'2016-12-07 02:31:46','0000-00-00 00:00:00','192.80.138.17',0.0000,'',0.00000,0.00000,3.0000,0.1500,1,4.8500,0.0000,0.0000,0.0000,0.0000,2,1,'web',''),(34,7,1,'[{\"item_id\":\"7\",\"row\":\"\",\"merchant_id\":\"7\",\"discount\":\"\",\"currentController\":\"store\",\"price\":\"2500|Mediano\",\"qty\":\"2\",\"notes\":\"\",\"cooking_ref\":\"Bien cocido\",\"require_addon_2\":\"\",\"sub_item\":{\"2\":[\"3|300|Pezcado empanizado|\"]},\"two_flavors\":\"\",\"non_taxable\":\"1\",\"addon_ids\":[\"3\"]}]','delivery','pyp',5600.0000,0.1300,728.0000,6328.0000,'initial_order',0,1,0.0000,'2016-12-07','','1','','',0.0000,'',0,'2016-12-07 03:11:03','0000-00-00 00:00:00','192.80.138.17',0.0000,'',0.00000,0.00000,10.0000,560.0000,1,5040.0000,0.0000,0.0000,0.0000,0.0000,1,1,'web',''),(35,7,1,'[{\"item_id\":\"7\",\"row\":\"\",\"merchant_id\":\"7\",\"discount\":\"\",\"currentController\":\"store\",\"price\":\"2500|Mediano\",\"qty\":\"2\",\"notes\":\"\",\"cooking_ref\":\"Bien cocido\",\"require_addon_2\":\"\",\"sub_item\":{\"2\":[\"3|300|Pezcado empanizado|\"]},\"two_flavors\":\"\",\"non_taxable\":\"1\",\"addon_ids\":[\"3\"]}]','delivery','pyp',5600.0000,0.1300,728.0000,6328.0000,'initial_order',0,1,0.0000,'2016-12-07','','1','','',0.0000,'',0,'2016-12-07 03:19:30','0000-00-00 00:00:00','192.80.138.17',0.0000,'',0.00000,0.00000,10.0000,560.0000,1,5040.0000,0.0000,0.0000,0.0000,0.0000,1,1,'web',''),(36,11,3,'[{\"item_id\":\"8\",\"row\":\"\",\"merchant_id\":\"11\",\"discount\":\"\",\"currentController\":\"store\",\"price\":\"3.5|30 cm\",\"qty\":\"1\",\"notes\":\"\",\"ingredients\":[\"Pan ciabatta\"],\"require_addon_3\":\"2\",\"sub_item\":{\"3\":[\"5|1|Papas fritas|\"]},\"addon_qty\":{\"3\":[\"1\",\"1\",\"1\"]},\"two_flavors\":\"\",\"non_taxable\":\"1\",\"addon_ids\":[\"5\"]}]','delivery','pyp',4.5000,0.1300,0.5850,5.0850,'initial_order',0,1,0.0000,'2016-12-07','','1','','',0.0000,'',0,'2016-12-07 08:11:37','0000-00-00 00:00:00','186.64.150.120',0.0000,'',0.00000,0.00000,10.0000,0.4500,1,4.0500,0.0000,0.0000,0.0000,0.0000,2,1,'web',''),(37,1,1,'[{\"currentController\":\"store\",\"merchant_id\":\"1\",\"item_id\":\"3\",\"price\":\"5|Regular\",\"qty\":2,\"discount\":\"\",\"notes\":\"\",\"row\":\"\",\"two_flavors\":\"\",\"non_taxable\":\"1\",\"sub_item\":\"\"}]','delivery','pyp',10.0000,0.1300,1.3000,11.3000,'initial_order',0,1,0.0000,'2016-12-07','','1','','',0.0000,'',0,'2016-12-07 08:59:27','0000-00-00 00:00:00','192.80.138.17',0.0000,'',0.00000,0.00000,3.0000,0.3000,1,9.7000,0.0000,0.0000,0.0000,0.0000,2,1,'web',''),(38,7,1,'[{\"item_id\":\"5\",\"merchant_id\":\"7\",\"discount\":\"\",\"price\":\"1500|Mediano\",\"qty\":\"1\",\"two_flavors\":\"0\",\"cooking_ref\":\"\",\"ingredients\":\"\",\"notes\":\"\",\"order_notes\":\"\",\"sub_item\":\"\",\"addon_qty\":\"\",\"addon_ids\":\"\",\"non_taxable\":\"1\"},{\"item_id\":\"5\",\"merchant_id\":\"7\",\"discount\":\"\",\"price\":\"1500|Mediano\",\"qty\":\"2\",\"two_flavors\":\"0\",\"cooking_ref\":\"\",\"ingredients\":\"\",\"notes\":\"\",\"order_notes\":\"\",\"sub_item\":\"\",\"addon_qty\":\"\",\"addon_ids\":\"\",\"non_taxable\":\"1\"},{\"item_id\":\"6\",\"merchant_id\":\"7\",\"discount\":\"\",\"price\":\"3500|Grande\",\"qty\":\"3\",\"two_flavors\":\"0\",\"cooking_ref\":\"\",\"ingredients\":\"\",\"notes\":\"\",\"order_notes\":\"\",\"sub_item\":{\"1\":[\"1|500|Papas fritas|\"]},\"addon_qty\":{\"1\":[\"3\"]},\"addon_ids\":[\"1\"],\"non_taxable\":\"1\"}]','delivery','pyp',16500.0000,0.1300,2145.0000,18645.0000,'initial_order',0,1,0.0000,'2016-12-11','03:38 AM','','','',0.0000,'',0,'2016-12-10 13:38:30','0000-00-00 00:00:00','146.185.149.131',0.0000,'',0.00000,0.00000,10.0000,1650.0000,1,14850.0000,0.0000,0.0000,0.0000,0.0000,1,1,'mobile_app','[{\"item_id\":\"5\",\"qty\":\"1\",\"price\":\"1500|Mediano\",\"sub_item\":[],\"cooking_ref\":[],\"ingredients\":[],\"order_notes\":\"\",\"discount\":\"\"},{\"item_id\":\"5\",\"qty\":\"2\",\"price\":\"1500|Mediano\",\"sub_item\":[],\"cooking_ref\":[],\"ingredients\":[],\"order_notes\":\"\",\"discount\":\"\"},{\"item_id\":\"6\",\"qty\":\"3\",\"price\":\"3500|Grande\",\"sub_item\":[{\"subcat_id\":1,\"value\":\"1|500|Papas fritas|\",\"qty\":\"itemqty\"}],\"cooking_ref\":[],\"ingredients\":[],\"order_notes\":\"\",\"discount\":\"\"}]'),(39,7,1,'[{\"item_id\":\"5\",\"merchant_id\":\"7\",\"discount\":\"\",\"price\":\"1500|Mediano\",\"qty\":\"1\",\"two_flavors\":\"0\",\"cooking_ref\":\"\",\"ingredients\":\"\",\"notes\":\"\",\"order_notes\":\"\",\"sub_item\":\"\",\"addon_qty\":\"\",\"addon_ids\":\"\",\"non_taxable\":\"1\"},{\"item_id\":\"5\",\"merchant_id\":\"7\",\"discount\":\"\",\"price\":\"1500|Mediano\",\"qty\":\"2\",\"two_flavors\":\"0\",\"cooking_ref\":\"\",\"ingredients\":\"\",\"notes\":\"\",\"order_notes\":\"\",\"sub_item\":\"\",\"addon_qty\":\"\",\"addon_ids\":\"\",\"non_taxable\":\"1\"},{\"item_id\":\"6\",\"merchant_id\":\"7\",\"discount\":\"\",\"price\":\"3500|Grande\",\"qty\":\"3\",\"two_flavors\":\"0\",\"cooking_ref\":\"\",\"ingredients\":\"\",\"notes\":\"\",\"order_notes\":\"\",\"sub_item\":{\"1\":[\"1|500|Papas fritas|\"]},\"addon_qty\":{\"1\":[\"3\"]},\"addon_ids\":[\"1\"],\"non_taxable\":\"1\"}]','delivery','pyp',16500.0000,0.1300,2145.0000,18645.0000,'initial_order',0,1,0.0000,'2016-12-11','03:38 AM','','','',0.0000,'',0,'2016-12-10 13:43:43','0000-00-00 00:00:00','146.185.149.131',0.0000,'',0.00000,0.00000,10.0000,1650.0000,1,14850.0000,0.0000,0.0000,0.0000,0.0000,1,1,'mobile_app','[{\"item_id\":\"5\",\"qty\":\"1\",\"price\":\"1500|Mediano\",\"sub_item\":[],\"cooking_ref\":[],\"ingredients\":[],\"order_notes\":\"\",\"discount\":\"\"},{\"item_id\":\"5\",\"qty\":\"2\",\"price\":\"1500|Mediano\",\"sub_item\":[],\"cooking_ref\":[],\"ingredients\":[],\"order_notes\":\"\",\"discount\":\"\"},{\"item_id\":\"6\",\"qty\":\"3\",\"price\":\"3500|Grande\",\"sub_item\":[{\"subcat_id\":1,\"value\":\"1|500|Papas fritas|\",\"qty\":\"itemqty\"}],\"cooking_ref\":[],\"ingredients\":[],\"order_notes\":\"\",\"discount\":\"\"}]'),(40,1,3,'[{\"item_id\":\"3\",\"row\":\"\",\"merchant_id\":\"1\",\"discount\":\"\",\"currentController\":\"store\",\"price\":\"6|Grande\",\"qty\":\"1\",\"notes\":\"\",\"require_addon_4\":\"\",\"two_flavors\":\"\",\"non_taxable\":\"1\",\"sub_item\":\"\"}]','delivery','pyp',6.0000,0.1300,0.7800,8.7800,'initial_order',0,1,2.0000,'2016-12-13','','1','','',0.0000,'',0,'2016-12-13 14:10:53','0000-00-00 00:00:00','186.64.150.120',0.0000,'',0.00000,0.00000,10.0000,0.6000,1,5.4000,0.0000,0.0000,0.0000,0.0000,2,1,'web',''),(41,11,3,'[{\"item_id\":\"8\",\"merchant_id\":\"11\",\"discount\":\"\",\"price\":\"2|15 cm\",\"qty\":\"1\",\"two_flavors\":\"0\",\"cooking_ref\":\"\",\"ingredients\":[\"Queso gouda\"],\"notes\":\"Bien tostado\",\"order_notes\":\"Bien tostado\",\"sub_item\":{\"3\":[\"5|1|Papas fritas|\"]},\"addon_qty\":{\"3\":[\"1\"]},\"addon_ids\":[\"5\"],\"non_taxable\":\"1\"}]','delivery','pyp',3.0000,0.1300,0.3900,5.3900,'declined',0,2,2.0000,'2016-12-13','','1','','',0.0000,'',0,'2016-12-13 15:05:18','2016-12-13 16:21:52','186.15.209.214',0.0000,'',0.00000,0.00000,10.0000,0.3000,1,2.7000,0.0000,0.0000,0.0000,0.0000,2,1,'mobile_app','[{\"item_id\":\"8\",\"qty\":\"1\",\"price\":\"2|15 cm\",\"sub_item\":[{\"qty\":\"1\",\"subcat_id\":\"3\",\"value\":\"5|1|Papas fritas\"}],\"cooking_ref\":[],\"ingredients\":[{\"value\":\"Queso gouda\"}],\"order_notes\":\"Bien tostado\",\"discount\":\"\"}]'),(42,11,3,'[{\"item_id\":\"8\",\"merchant_id\":\"11\",\"discount\":\"\",\"price\":\"2|15 cm\",\"qty\":\"1\",\"two_flavors\":\"0\",\"cooking_ref\":\"\",\"ingredients\":[\"Queso gouda\"],\"notes\":\"Bien tostado\",\"order_notes\":\"Bien tostado\",\"sub_item\":{\"3\":[\"5|1|Papas fritas|\"]},\"addon_qty\":{\"3\":[\"1\"]},\"addon_ids\":[\"5\"],\"non_taxable\":\"1\"}]','delivery','pyp',3.0000,0.1300,0.6500,5.6500,'Paid',0,2,2.0000,'2016-12-13','','1','Portones grises; contiguo veterinaria','',0.0000,'',0,'2016-12-13 16:25:05','2016-12-13 17:13:38','186.15.209.214',0.0000,'',0.00000,0.00000,10.0000,0.3000,1,2.7000,0.0000,0.0000,0.0000,0.0000,1,2,'mobile_app','[{\"item_id\":\"8\",\"qty\":\"1\",\"price\":\"2|15 cm\",\"sub_item\":[{\"qty\":\"1\",\"subcat_id\":\"3\",\"value\":\"5|1|Papas fritas\"}],\"cooking_ref\":[],\"ingredients\":[{\"value\":\"Queso gouda\"}],\"order_notes\":\"Bien tostado\",\"discount\":\"\"}]'),(43,11,6,'[{\"item_id\":\"8\",\"merchant_id\":\"11\",\"discount\":\"\",\"price\":\"3.5|30 cm\",\"qty\":\"2\",\"two_flavors\":\"0\",\"cooking_ref\":\"\",\"ingredients\":[\"Queso gouda\",\"Cebolla\",\"Tomate\",\"Lechuga\"],\"notes\":\"\",\"order_notes\":\"\",\"sub_item\":{\"3\":[\"5|1|Papas fritas|\"]},\"addon_qty\":{\"3\":[\"1\"]},\"addon_ids\":[\"5\"],\"non_taxable\":\"1\"}]','delivery','pyp',8.0000,0.1300,1.3000,11.3000,'Paid',0,2,2.0000,'2016-12-14','','1','','',0.0000,'',0,'2016-12-14 18:49:31','2016-12-14 19:33:24','201.194.87.49',0.0000,'',0.00000,0.00000,10.0000,0.8000,1,7.2000,0.0000,0.0000,0.0000,0.0000,1,2,'mobile_app','[{\"item_id\":\"8\",\"qty\":\"2\",\"price\":\"3.5|30 cm\",\"sub_item\":[{\"subcat_id\":3,\"value\":\"5|1|Papas fritas\",\"qty\":\"1\"}],\"cooking_ref\":[],\"ingredients\":[{\"value\":\"Queso gouda\"},{\"value\":\"Cebolla\"},{\"value\":\"Tomate\"},{\"value\":\"Lechuga\"}],\"order_notes\":\"\",\"discount\":\"\"}]'),(44,1,3,'[{\"item_id\":\"3\",\"row\":\"\",\"merchant_id\":\"1\",\"discount\":\"\",\"currentController\":\"store\",\"price\":\"9|Regular\",\"qty\":\"1\",\"notes\":\"asjasdj\",\"require_addon_4\":\"\",\"sub_item\":{\"4\":[\"8|1|Tostadas de pan tradicional|\"]},\"two_flavors\":\"\",\"non_taxable\":\"1\",\"addon_ids\":[\"8\"]}]','delivery','pyp',10.0000,0.1300,1.3000,13.3000,'initial_order',0,1,2.0000,'2016-12-14','','1','Portones no se qeu','',0.0000,'',0,'2016-12-14 19:45:45','0000-00-00 00:00:00','201.194.87.49',0.0000,'',0.00000,0.00000,10.0000,1.0000,1,9.0000,0.0000,0.0000,0.0000,0.0000,2,1,'web',''),(45,1,1,'[{\"item_id\":\"3\",\"row\":\"\",\"merchant_id\":\"1\",\"discount\":\"\",\"currentController\":\"store\",\"price\":\"6|Grande\",\"qty\":\"2\",\"notes\":\"\",\"require_addon_4\":\"\",\"two_flavors\":\"\",\"non_taxable\":\"1\",\"sub_item\":\"\"}]','delivery','pyp',12.0000,0.1300,1.5600,15.5600,'initial_order',0,1,2.0000,'2016-12-19','','1','','',0.0000,'',0,'2016-12-19 07:24:02','0000-00-00 00:00:00','192.80.138.13',0.0000,'',0.00000,0.00000,10.0000,1.2000,1,10.8000,0.0000,0.0000,0.0000,0.0000,2,1,'web',''),(46,1,1,'[{\"item_id\":\"3\",\"row\":\"\",\"merchant_id\":\"1\",\"discount\":\"\",\"currentController\":\"store\",\"price\":\"6|Grande\",\"qty\":\"2\",\"notes\":\"\",\"require_addon_4\":\"\",\"two_flavors\":\"\",\"non_taxable\":\"1\",\"sub_item\":\"\"}]','delivery','pyp',12.0000,0.1300,1.5600,15.5600,'initial_order',0,1,2.0000,'2016-12-19','','1','','',0.0000,'',0,'2016-12-19 07:47:06','0000-00-00 00:00:00','192.80.138.13',0.0000,'',0.00000,0.00000,10.0000,1.2000,1,10.8000,0.0000,0.0000,0.0000,0.0000,2,1,'web',''),(47,1,1,'[{\"item_id\":\"3\",\"row\":\"\",\"merchant_id\":\"1\",\"discount\":\"\",\"currentController\":\"store\",\"price\":\"6|Grande\",\"qty\":\"2\",\"notes\":\"\",\"require_addon_4\":\"\",\"two_flavors\":\"\",\"non_taxable\":\"1\",\"sub_item\":\"\"}]','delivery','pyp',12.0000,0.1300,1.5600,15.5600,'initial_order',0,1,2.0000,'2016-12-19','','1','','',0.0000,'',0,'2016-12-19 07:47:52','0000-00-00 00:00:00','192.80.138.13',0.0000,'',0.00000,0.00000,10.0000,1.2000,1,10.8000,0.0000,0.0000,0.0000,0.0000,2,1,'web',''),(48,11,1,'[{\"item_id\":\"8\",\"merchant_id\":\"11\",\"discount\":\"\",\"price\":\"2|15 cm\",\"qty\":\"1\",\"two_flavors\":\"0\",\"cooking_ref\":\"\",\"ingredients\":\"\",\"notes\":\"\",\"order_notes\":\"\",\"sub_item\":{\"3\":[\"5|1|Papas fritas|\"]},\"addon_qty\":{\"3\":[\"1\"]},\"addon_ids\":[\"5\"],\"non_taxable\":\"1\"}]','pickup','pyp',3.0000,0.1300,0.3900,3.3900,'initial_order',0,1,0.0000,'2017-01-12','02:39 PM','1','',NULL,NULL,NULL,NULL,'2017-01-12 12:01:43',NULL,'192.80.138.18',0.0000,NULL,NULL,NULL,10.0000,0.3000,1,2.7000,0.0000,NULL,NULL,NULL,1,1,'mobile_app','[{\"item_id\":\"8\",\"qty\":\"1\",\"price\":\"2|15 cm\",\"sub_item\":[{\"subcat_id\":3,\"value\":\"5|1|Papas fritas\",\"qty\":\"1\"}],\"cooking_ref\":[],\"ingredients\":[],\"order_notes\":\"\",\"discount\":\"\"}]'),(49,11,1,'[{\"item_id\":\"8\",\"merchant_id\":\"11\",\"discount\":\"\",\"price\":\"2|15 cm\",\"qty\":\"1\",\"two_flavors\":\"0\",\"cooking_ref\":\"\",\"ingredients\":\"\",\"notes\":\"\",\"order_notes\":\"\",\"sub_item\":{\"3\":[\"5|1|Papas fritas|\"]},\"addon_qty\":{\"3\":[\"1\"]},\"addon_ids\":[\"5\"],\"non_taxable\":\"1\"}]','pickup','pyp',3.0000,0.1300,0.3900,3.3900,'initial_order',0,1,0.0000,'2017-01-12','02:39 PM','1','',NULL,NULL,NULL,NULL,'2017-01-12 12:03:19',NULL,'192.80.138.18',0.0000,NULL,NULL,NULL,10.0000,0.3000,1,2.7000,0.0000,NULL,NULL,NULL,1,1,'mobile_app','[{\"item_id\":\"8\",\"qty\":\"1\",\"price\":\"2|15 cm\",\"sub_item\":[{\"subcat_id\":3,\"value\":\"5|1|Papas fritas\",\"qty\":\"1\"}],\"cooking_ref\":[],\"ingredients\":[],\"order_notes\":\"\",\"discount\":\"\"}]'),(50,11,1,'[{\"item_id\":\"8\",\"merchant_id\":\"11\",\"discount\":\"\",\"price\":\"2|15 cm\",\"qty\":\"1\",\"two_flavors\":\"0\",\"cooking_ref\":\"\",\"ingredients\":\"\",\"notes\":\"\",\"order_notes\":\"\",\"sub_item\":{\"3\":[\"5|1|Papas fritas|\"]},\"addon_qty\":{\"3\":[\"1\"]},\"addon_ids\":[\"5\"],\"non_taxable\":\"1\"}]','pickup','pyp',3.0000,0.1300,0.3900,3.3900,'initial_order',0,1,0.0000,'2017-01-12','02:39 PM','1','',NULL,NULL,NULL,NULL,'2017-01-12 12:05:32',NULL,'192.80.138.18',0.0000,NULL,NULL,NULL,10.0000,0.3000,1,2.7000,0.0000,NULL,NULL,NULL,1,1,'mobile_app','[{\"item_id\":\"8\",\"qty\":\"1\",\"price\":\"2|15 cm\",\"sub_item\":[{\"subcat_id\":3,\"value\":\"5|1|Papas fritas\",\"qty\":\"1\"}],\"cooking_ref\":[],\"ingredients\":[],\"order_notes\":\"\",\"discount\":\"\"}]'),(51,11,1,'[{\"item_id\":\"8\",\"merchant_id\":\"11\",\"discount\":\"\",\"price\":\"2|15 cm\",\"qty\":\"1\",\"two_flavors\":\"0\",\"cooking_ref\":\"\",\"ingredients\":\"\",\"notes\":\"\",\"order_notes\":\"\",\"sub_item\":{\"3\":[\"5|1|Papas fritas|\"]},\"addon_qty\":{\"3\":[\"1\"]},\"addon_ids\":[\"5\"],\"non_taxable\":\"1\"}]','pickup','pyp',3.0000,0.1300,0.3900,3.3900,'initial_order',0,1,0.0000,'2017-01-12','02:39 PM','1','',NULL,NULL,NULL,NULL,'2017-01-12 12:05:59',NULL,'192.80.138.18',0.0000,NULL,NULL,NULL,10.0000,0.3000,1,2.7000,0.0000,NULL,NULL,NULL,1,1,'mobile_app','[{\"item_id\":\"8\",\"qty\":\"1\",\"price\":\"2|15 cm\",\"sub_item\":[{\"subcat_id\":3,\"value\":\"5|1|Papas fritas\",\"qty\":\"1\"}],\"cooking_ref\":[],\"ingredients\":[],\"order_notes\":\"\",\"discount\":\"\"}]'),(52,11,1,'[{\"item_id\":\"8\",\"merchant_id\":\"11\",\"discount\":\"\",\"price\":\"2|15 cm\",\"qty\":\"1\",\"two_flavors\":\"0\",\"cooking_ref\":\"\",\"ingredients\":\"\",\"notes\":\"\",\"order_notes\":\"\",\"sub_item\":{\"3\":[\"5|1|Papas fritas|\"]},\"addon_qty\":{\"3\":[\"1\"]},\"addon_ids\":[\"5\"],\"non_taxable\":\"1\"}]','pickup','pyp',3.0000,0.1300,0.3900,3.3900,'initial_order',0,1,0.0000,'2017-01-12','02:39 PM','1','',NULL,NULL,NULL,NULL,'2017-01-12 12:06:05',NULL,'192.80.138.18',0.0000,NULL,NULL,NULL,10.0000,0.3000,1,2.7000,0.0000,NULL,NULL,NULL,1,1,'mobile_app','[{\"item_id\":\"8\",\"qty\":\"1\",\"price\":\"2|15 cm\",\"sub_item\":[{\"subcat_id\":3,\"value\":\"5|1|Papas fritas\",\"qty\":\"1\"}],\"cooking_ref\":[],\"ingredients\":[],\"order_notes\":\"\",\"discount\":\"\"}]'),(53,11,1,'[{\"item_id\":\"8\",\"merchant_id\":\"11\",\"discount\":\"\",\"price\":\"2|15 cm\",\"qty\":\"1\",\"two_flavors\":\"0\",\"cooking_ref\":\"\",\"ingredients\":\"\",\"notes\":\"\",\"order_notes\":\"\",\"sub_item\":{\"3\":[\"5|1|Papas fritas|\"]},\"addon_qty\":{\"3\":[\"1\"]},\"addon_ids\":[\"5\"],\"non_taxable\":\"1\"}]','pickup','pyp',3.0000,0.1300,0.3900,3.3900,'initial_order',0,1,0.0000,'2017-01-12','02:39 PM','1','',NULL,NULL,NULL,NULL,'2017-01-12 12:06:16',NULL,'192.80.138.18',0.0000,NULL,NULL,NULL,10.0000,0.3000,1,2.7000,0.0000,NULL,NULL,NULL,1,1,'mobile_app','[{\"item_id\":\"8\",\"qty\":\"1\",\"price\":\"2|15 cm\",\"sub_item\":[{\"subcat_id\":3,\"value\":\"5|1|Papas fritas\",\"qty\":\"1\"}],\"cooking_ref\":[],\"ingredients\":[],\"order_notes\":\"\",\"discount\":\"\"}]'),(54,1,3,'[{\"item_id\":\"3\",\"merchant_id\":\"1\",\"discount\":\"\",\"price\":\"6|Grande\",\"qty\":\"1\",\"two_flavors\":\"0\",\"cooking_ref\":\"\",\"ingredients\":\"\",\"notes\":\"\",\"order_notes\":\"\",\"sub_item\":\"\",\"addon_qty\":\"\",\"addon_ids\":\"\",\"non_taxable\":\"1\"}]','delivery','pyp',6.0000,0.1300,0.7800,8.7800,'paid',0,2,2.0000,'2017-01-12','','1','',NULL,NULL,NULL,NULL,'2017-01-12 12:08:02',NULL,'186.176.135.203',0.0000,NULL,NULL,NULL,10.0000,0.6000,1,5.4000,0.0000,NULL,NULL,NULL,2,1,'mobile_app','[{\"item_id\":\"3\",\"qty\":\"1\",\"price\":\"6|Grande\",\"sub_item\":[],\"cooking_ref\":[],\"ingredients\":[],\"order_notes\":\"\",\"discount\":\"\"}]'),(55,1,3,'[{\"item_id\":\"3\",\"merchant_id\":\"1\",\"discount\":\"\",\"price\":\"6|Grande\",\"qty\":\"1\",\"two_flavors\":\"0\",\"cooking_ref\":\"\",\"ingredients\":\"\",\"notes\":\"\",\"order_notes\":\"\",\"sub_item\":\"\",\"addon_qty\":\"\",\"addon_ids\":\"\",\"non_taxable\":\"1\"}]','delivery','pyp',6.0000,0.1300,0.7800,8.7800,'paid',0,2,2.0000,'2017-01-12','','1','',NULL,NULL,NULL,NULL,'2017-01-12 12:11:05',NULL,'186.176.135.203',0.0000,NULL,NULL,NULL,10.0000,0.6000,1,5.4000,0.0000,NULL,NULL,NULL,2,1,'mobile_app','[{\"item_id\":\"3\",\"qty\":\"1\",\"price\":\"6|Grande\",\"sub_item\":[],\"cooking_ref\":[],\"ingredients\":[],\"order_notes\":\"\",\"discount\":\"\"}]'),(56,11,1,'[{\"item_id\":\"8\",\"merchant_id\":\"11\",\"discount\":\"\",\"price\":\"2|15 cm\",\"qty\":\"2\",\"two_flavors\":\"0\",\"cooking_ref\":\"\",\"ingredients\":[\"Cebolla\"],\"notes\":\"\",\"order_notes\":\"\",\"sub_item\":{\"3\":[\"6|1|Ensalada de repollo|\"]},\"addon_qty\":{\"3\":[\"4\"]},\"addon_ids\":[\"6\"],\"non_taxable\":\"1\"}]','pickup','pyp',8.0000,0.1300,1.0400,9.0400,'initial_order',0,1,0.0000,'2017-01-12','02:29 PM','','',NULL,NULL,NULL,NULL,'2017-01-12 12:15:17',NULL,'192.80.138.18',0.0000,NULL,NULL,NULL,10.0000,0.8000,1,7.2000,0.0000,NULL,NULL,NULL,1,1,'mobile_app','[{\"item_id\":\"8\",\"qty\":\"2\",\"price\":\"2|15 cm\",\"sub_item\":[{\"subcat_id\":3,\"value\":\"6|1|Ensalada de repollo\",\"qty\":\"4\"}],\"cooking_ref\":[],\"ingredients\":[{\"value\":\"Cebolla\"}],\"order_notes\":\"\",\"discount\":\"\"}]'),(57,11,1,'[{\"item_id\":\"8\",\"merchant_id\":\"11\",\"discount\":\"\",\"price\":\"2|15 cm\",\"qty\":\"4\",\"two_flavors\":\"0\",\"cooking_ref\":\"\",\"ingredients\":[\"Tomate\"],\"notes\":\"\",\"order_notes\":\"\",\"sub_item\":{\"3\":[\"6|1|Ensalada de repollo|\"]},\"addon_qty\":{\"3\":[\"1\"]},\"addon_ids\":[\"6\"],\"non_taxable\":\"1\"}]','pickup','pyp',9.0000,0.1300,1.1700,10.1700,'initial_order',0,1,0.0000,'2017-01-13','11:58 AM','','',NULL,NULL,NULL,NULL,'2017-01-12 14:18:54',NULL,'45.55.31.240',0.0000,NULL,NULL,NULL,10.0000,0.9000,1,8.1000,0.0000,NULL,NULL,NULL,1,1,'mobile_app','[{\"item_id\":\"8\",\"qty\":\"4\",\"price\":\"2|15 cm\",\"sub_item\":[{\"subcat_id\":3,\"value\":\"6|1|Ensalada de repollo\",\"qty\":\"1\"}],\"cooking_ref\":[],\"ingredients\":[{\"value\":\"Tomate\"}],\"order_notes\":\"\",\"discount\":\"\"}]'),(58,11,1,'[{\"item_id\":\"8\",\"merchant_id\":\"11\",\"discount\":\"\",\"price\":\"2|15 cm\",\"qty\":\"4\",\"two_flavors\":\"0\",\"cooking_ref\":\"\",\"ingredients\":[\"Tomate\"],\"notes\":\"\",\"order_notes\":\"\",\"sub_item\":{\"3\":[\"6|1|Ensalada de repollo|\"]},\"addon_qty\":{\"3\":[\"1\"]},\"addon_ids\":[\"6\"],\"non_taxable\":\"1\"}]','pickup','pyp',9.0000,0.1300,1.1700,10.1700,'initial_order',0,1,0.0000,'2017-01-13','11:58 AM','','',NULL,NULL,NULL,NULL,'2017-01-12 14:21:46',NULL,'45.55.31.240',0.0000,NULL,NULL,NULL,10.0000,0.9000,1,8.1000,0.0000,NULL,NULL,NULL,1,1,'mobile_app','[{\"item_id\":\"8\",\"qty\":\"4\",\"price\":\"2|15 cm\",\"sub_item\":[{\"subcat_id\":3,\"value\":\"6|1|Ensalada de repollo\",\"qty\":\"1\"}],\"cooking_ref\":[],\"ingredients\":[{\"value\":\"Tomate\"}],\"order_notes\":\"\",\"discount\":\"\"}]'),(59,1,1,'[{\"item_id\":\"3\",\"row\":\"\",\"merchant_id\":\"1\",\"discount\":\"\",\"currentController\":\"store\",\"price\":\"6|Grande\",\"qty\":\"1\",\"notes\":\"\",\"require_addon_4\":\"\",\"two_flavors\":\"\",\"non_taxable\":\"1\",\"sub_item\":\"\"}]','delivery','pyp',6.0000,0.1300,0.7800,8.7800,'initial_order',NULL,1,2.0000,'2017-01-12','','','',NULL,NULL,NULL,0,'2017-01-12 14:33:08',NULL,'192.80.138.17',0.0000,'',NULL,NULL,10.0000,0.6000,1,5.4000,NULL,0.0000,0.0000,NULL,2,1,'web',NULL),(60,1,1,'[{\"item_id\":\"3\",\"row\":\"\",\"merchant_id\":\"1\",\"discount\":\"\",\"currentController\":\"store\",\"price\":\"6|Grande\",\"qty\":\"1\",\"notes\":\"\",\"require_addon_4\":\"\",\"two_flavors\":\"\",\"non_taxable\":\"1\",\"sub_item\":\"\"}]','delivery','pyp',6.0000,0.1300,0.7800,8.7800,'initial_order',NULL,1,2.0000,'2017-01-12','','','',NULL,NULL,NULL,0,'2017-01-12 14:33:32',NULL,'192.80.138.17',0.0000,'',NULL,NULL,10.0000,0.6000,1,5.4000,NULL,0.0000,0.0000,NULL,2,1,'web',NULL),(61,11,3,'[{\"item_id\":\"8\",\"merchant_id\":\"11\",\"discount\":\"\",\"price\":\"2|15 cm\",\"qty\":\"1\",\"two_flavors\":\"0\",\"cooking_ref\":\"\",\"ingredients\":[\"Cebolla\"],\"notes\":\"\",\"order_notes\":\"\",\"sub_item\":{\"3\":[\"5|1|Papas fritas|\"]},\"addon_qty\":{\"3\":[\"1\"]},\"addon_ids\":[\"5\"],\"non_taxable\":\"1\"}]','delivery','pyp',3.0000,0.1300,0.6500,5.6500,'Esperando aprobación de Express',0,2,2.0000,'2017-01-13','','1','',NULL,NULL,NULL,NULL,'2017-01-13 11:17:22','2017-01-17 20:19:36','186.176.135.203',0.0000,NULL,NULL,NULL,10.0000,0.3000,1,2.7000,0.0000,NULL,NULL,NULL,1,1,'mobile_app','[{\"item_id\":\"8\",\"qty\":\"1\",\"price\":\"2|15 cm\",\"sub_item\":[{\"subcat_id\":3,\"value\":\"5|1|Papas fritas\",\"qty\":\"1\"}],\"cooking_ref\":[],\"ingredients\":[{\"value\":\"Cebolla\"}],\"order_notes\":\"\",\"discount\":\"\"}]'),(62,1,1,'[{\"item_id\":\"3\",\"merchant_id\":\"1\",\"discount\":\"\",\"price\":\"6|Grande\",\"qty\":\"2\",\"two_flavors\":\"0\",\"cooking_ref\":\"\",\"ingredients\":\"\",\"notes\":\"\",\"order_notes\":\"\",\"sub_item\":\"\",\"addon_qty\":\"\",\"addon_ids\":\"\",\"non_taxable\":\"1\"}]','delivery','pyp',12.0000,0.1300,1.5600,15.5600,'initial_order',0,1,2.0000,'2017-01-14','','','',NULL,NULL,NULL,NULL,'2017-01-14 15:51:47',NULL,'95.85.4.45',0.0000,NULL,NULL,NULL,10.0000,1.2000,1,10.8000,0.0000,NULL,NULL,NULL,2,1,'mobile_app','[{\"item_id\":\"3\",\"qty\":\"2\",\"price\":\"6|Grande\",\"sub_item\":[],\"cooking_ref\":[],\"ingredients\":[],\"order_notes\":\"\",\"discount\":\"\"}]'),(63,11,1,'[{\"item_id\":\"8\",\"merchant_id\":\"11\",\"discount\":\"\",\"price\":\"2|15 cm\",\"qty\":\"2\",\"two_flavors\":\"0\",\"cooking_ref\":\"\",\"ingredients\":[\"Tomate\"],\"notes\":\"\",\"order_notes\":\"\",\"sub_item\":{\"3\":[\"6|1|Ensalada de repollo|\"]},\"addon_qty\":{\"3\":[\"1\"]},\"addon_ids\":[\"6\"],\"non_taxable\":\"1\"}]','delivery','pyp',5.0000,0.1300,0.9100,7.9100,'initial_order',0,1,2.0000,'2017-01-16','05:16 PM','','',NULL,NULL,NULL,NULL,'2017-01-15 13:11:05',NULL,'95.85.4.45',0.0000,NULL,NULL,NULL,10.0000,0.5000,1,4.5000,0.0000,NULL,NULL,NULL,1,1,'mobile_app','[{\"item_id\":\"8\",\"qty\":\"2\",\"price\":\"2|15 cm\",\"sub_item\":[{\"subcat_id\":3,\"value\":\"6|1|Ensalada de repollo\",\"qty\":\"1\"}],\"cooking_ref\":[],\"ingredients\":[{\"value\":\"Tomate\"}],\"order_notes\":\"\",\"discount\":\"\"}]'),(64,1,7,'[{\"item_id\":\"4\",\"merchant_id\":\"1\",\"discount\":\"\",\"price\":\"5|Regular\",\"qty\":\"1\",\"two_flavors\":\"0\",\"cooking_ref\":\"\",\"ingredients\":\"\",\"notes\":\"\",\"order_notes\":\"\",\"sub_item\":\"\",\"addon_qty\":\"\",\"addon_ids\":\"\",\"non_taxable\":\"1\"}]','pickup','pyp',5.0000,0.1300,0.6500,5.6500,'Pagado',0,1,0.0000,'2017-01-15','01:15 PM','','',NULL,NULL,NULL,NULL,'2017-01-15 13:15:00',NULL,'201.191.198.178',0.0000,NULL,NULL,NULL,10.0000,0.5000,1,4.5000,0.0000,NULL,NULL,NULL,2,1,'mobile_app','[{\"item_id\":\"4\",\"qty\":\"1\",\"price\":\"5|Regular\",\"sub_item\":[],\"cooking_ref\":[],\"ingredients\":[],\"order_notes\":\"\",\"discount\":\"\"}]'),(65,11,1,'[{\"item_id\":\"9\",\"merchant_id\":\"11\",\"discount\":\"\",\"price\":\"3|15 cm\",\"qty\":\"3\",\"two_flavors\":\"0\",\"cooking_ref\":\"\",\"ingredients\":\"\",\"notes\":\"\",\"order_notes\":\"\",\"sub_item\":{\"3\":[\"6|1|Ensalada de repollo|\"]},\"addon_qty\":{\"3\":[\"1\"]},\"addon_ids\":[\"6\"],\"non_taxable\":\"1\"}]','delivery','pyp',10.0000,0.1300,2.6000,22.6000,'initial_order',0,1,10.0000,'2017-01-17','','','',NULL,NULL,NULL,NULL,'2017-01-17 11:26:11',NULL,'138.197.201.153',0.0000,NULL,NULL,NULL,10.0000,1.0000,1,9.0000,0.0000,NULL,NULL,NULL,1,1,'mobile_app','[{\"item_id\":\"9\",\"qty\":\"3\",\"price\":\"3|15 cm\",\"sub_item\":[{\"subcat_id\":3,\"value\":\"6|1|Ensalada de repollo\",\"qty\":\"1\"}],\"cooking_ref\":[],\"ingredients\":[],\"order_notes\":\"\",\"discount\":\"\"}]'),(66,11,1,'[{\"item_id\":\"9\",\"merchant_id\":\"11\",\"discount\":\"\",\"price\":\"3|15 cm\",\"qty\":\"3\",\"two_flavors\":\"0\",\"cooking_ref\":\"\",\"ingredients\":\"\",\"notes\":\"\",\"order_notes\":\"\",\"sub_item\":{\"3\":[\"6|1|Ensalada de repollo|\"]},\"addon_qty\":{\"3\":[\"1\"]},\"addon_ids\":[\"6\"],\"non_taxable\":\"1\"}]','delivery','pyp',10.0000,0.1300,2.6000,22.6000,'initial_order',0,1,10.0000,'2017-01-17','','','',NULL,NULL,NULL,NULL,'2017-01-17 11:27:43',NULL,'138.197.201.153',0.0000,NULL,NULL,NULL,10.0000,1.0000,1,9.0000,0.0000,NULL,NULL,NULL,1,1,'mobile_app','[{\"item_id\":\"9\",\"qty\":\"3\",\"price\":\"3|15 cm\",\"sub_item\":[{\"subcat_id\":3,\"value\":\"6|1|Ensalada de repollo\",\"qty\":\"1\"}],\"cooking_ref\":[],\"ingredients\":[],\"order_notes\":\"\",\"discount\":\"\"}]'),(67,1,3,'[{\"item_id\":\"4\",\"merchant_id\":\"1\",\"discount\":\"\",\"price\":\"5|Regular\",\"qty\":\"1\",\"two_flavors\":\"0\",\"cooking_ref\":\"\",\"ingredients\":\"\",\"notes\":\"\",\"order_notes\":\"\",\"sub_item\":\"\",\"addon_qty\":\"\",\"addon_ids\":\"\",\"non_taxable\":\"1\"}]','delivery','pyp',5.0000,0.1300,0.6500,7.6500,'initial_order',0,1,2.0000,'2017-01-17','','1','',NULL,NULL,NULL,NULL,'2017-01-17 20:28:34',NULL,'186.64.149.93',0.0000,NULL,NULL,NULL,10.0000,0.5000,1,4.5000,0.0000,NULL,NULL,NULL,2,1,'mobile_app','[{\"item_id\":\"4\",\"qty\":\"1\",\"price\":\"5|Regular\",\"sub_item\":[],\"cooking_ref\":[],\"ingredients\":[],\"order_notes\":\"\",\"discount\":\"\"}]'),(68,1,3,'[{\"item_id\":\"4\",\"merchant_id\":\"1\",\"discount\":\"\",\"price\":\"5|Regular\",\"qty\":\"1\",\"two_flavors\":\"0\",\"cooking_ref\":\"\",\"ingredients\":\"\",\"notes\":\"\",\"order_notes\":\"\",\"sub_item\":\"\",\"addon_qty\":\"\",\"addon_ids\":\"\",\"non_taxable\":\"1\"}]','delivery','pyp',5.0000,0.1300,0.6500,7.6500,'initial_order',0,1,2.0000,'2017-01-17','','1','',NULL,NULL,NULL,NULL,'2017-01-17 20:29:25',NULL,'186.64.149.93',0.0000,NULL,NULL,NULL,10.0000,0.5000,1,4.5000,0.0000,NULL,NULL,NULL,2,1,'mobile_app','[{\"item_id\":\"4\",\"qty\":\"1\",\"price\":\"5|Regular\",\"sub_item\":[],\"cooking_ref\":[],\"ingredients\":[],\"order_notes\":\"\",\"discount\":\"\"}]'),(69,11,3,'[{\"item_id\":\"8\",\"merchant_id\":\"11\",\"discount\":\"\",\"price\":\"2|15 cm\",\"qty\":\"1\",\"two_flavors\":\"0\",\"cooking_ref\":\"\",\"ingredients\":[\"Lechuga\"],\"notes\":\"\",\"order_notes\":\"\",\"sub_item\":{\"3\":[\"5|1|Papas fritas|\"]},\"addon_qty\":{\"3\":[\"1\"]},\"addon_ids\":[\"5\"],\"non_taxable\":\"1\"}]','delivery','pyp',3.0000,0.1300,0.6500,5.6500,'En preparación Artesano de la Comida',0,2,2.0000,'2017-01-17','','1','',NULL,NULL,NULL,NULL,'2017-01-17 20:31:06','2017-01-17 21:00:34','186.64.149.93',0.0000,NULL,NULL,NULL,10.0000,0.3000,1,2.7000,0.0000,NULL,NULL,NULL,1,1,'mobile_app','[{\"item_id\":\"8\",\"qty\":\"1\",\"price\":\"2|15 cm\",\"sub_item\":[{\"subcat_id\":3,\"value\":\"5|1|Papas fritas\",\"qty\":\"1\"}],\"cooking_ref\":[],\"ingredients\":[{\"value\":\"Lechuga\"}],\"order_notes\":\"\",\"discount\":\"\"}]'),(70,11,3,'[{\"item_id\":\"9\",\"row\":\"\",\"merchant_id\":\"11\",\"discount\":\"\",\"currentController\":\"store\",\"price\":\"3|15 cm\",\"qty\":\"1\",\"notes\":\"\",\"ingredients\":[\"Lechuga\"],\"require_addon_3\":\"2\",\"addon_qty\":{\"3\":[\"1\",\"1\",\"1\"]},\"sub_item\":{\"3\":{\"1\":\"6|1|Ensalada de repollo|\"}},\"two_flavors\":\"\",\"non_taxable\":\"1\",\"addon_ids\":[\"6\"]}]','delivery','pyp',4.0000,0.1300,0.7800,6.7800,'Esperando aprobación de Express',NULL,2,2.0000,'2017-01-19','','1','',NULL,NULL,NULL,0,'2017-01-18 14:47:21','2017-01-19 00:00:00','186.176.135.203',0.0000,'',NULL,NULL,10.0000,0.4000,1,3.6000,NULL,0.0000,0.0000,NULL,1,1,'web',NULL),(71,11,3,'[{\"item_id\":\"8\",\"merchant_id\":\"11\",\"discount\":\"\",\"price\":\"2|15 cm\",\"qty\":\"1\",\"two_flavors\":\"0\",\"cooking_ref\":\"\",\"ingredients\":[\"Queso gouda\",\"Cebolla\",\"Tomate\",\"Lechuga\"],\"notes\":\"\",\"order_notes\":\"\",\"sub_item\":{\"3\":[\"6|1|Ensalada de repollo|\"]},\"addon_qty\":{\"3\":[\"1\"]},\"addon_ids\":[\"6\"],\"non_taxable\":\"1\"}]','delivery','pyp',3.0000,0.1300,0.6500,5.6500,'initial_order',0,1,2.0000,'2017-01-18','','1','',NULL,NULL,NULL,NULL,'2017-01-18 20:12:24',NULL,'186.64.149.93',0.0000,NULL,NULL,NULL,10.0000,0.3000,1,2.7000,0.0000,NULL,NULL,NULL,1,1,'mobile_app','[{\"item_id\":\"8\",\"qty\":\"1\",\"price\":\"2|15 cm\",\"sub_item\":[{\"subcat_id\":3,\"value\":\"6|1|Ensalada de repollo\",\"qty\":\"1\"}],\"cooking_ref\":[],\"ingredients\":[{\"value\":\"Queso gouda\"},{\"value\":\"Cebolla\"},{\"value\":\"Tomate\"},{\"value\":\"Lechuga\"}],\"order_notes\":\"\",\"discount\":\"\"}]'),(72,11,3,'[{\"item_id\":\"8\",\"merchant_id\":\"11\",\"discount\":\"\",\"price\":\"2|15 cm\",\"qty\":\"1\",\"two_flavors\":\"0\",\"cooking_ref\":\"\",\"ingredients\":[\"Cebolla\",\"Tomate\",\"Lechuga\"],\"notes\":\"\",\"order_notes\":\"\",\"sub_item\":{\"3\":[\"6|1|Ensalada de repollo|\"]},\"addon_qty\":{\"3\":[\"1\"]},\"addon_ids\":[\"6\"],\"non_taxable\":\"1\"}]','delivery','pyp',3.0000,0.1300,0.6500,5.6500,'En preparación Artesano de la Comida',0,2,2.0000,'2017-01-18','','1','',NULL,NULL,NULL,NULL,'2017-01-18 22:45:26','2017-02-21 00:00:00','186.64.149.93',0.0000,NULL,NULL,NULL,10.0000,0.3000,1,2.7000,0.0000,NULL,NULL,NULL,1,1,'mobile_app','[{\"item_id\":\"8\",\"qty\":\"1\",\"price\":\"2|15 cm\",\"sub_item\":[{\"subcat_id\":3,\"value\":\"6|1|Ensalada de repollo\",\"qty\":\"1\"}],\"cooking_ref\":[],\"ingredients\":[{\"value\":\"Cebolla\"},{\"value\":\"Tomate\"},{\"value\":\"Lechuga\"}],\"order_notes\":\"\",\"discount\":\"\"}]'),(73,1,3,'[{\"item_id\":\"3\",\"merchant_id\":\"1\",\"discount\":\"\",\"price\":\"6|Grande\",\"qty\":\"1\",\"two_flavors\":\"0\",\"cooking_ref\":\"\",\"ingredients\":\"\",\"notes\":\"\",\"order_notes\":\"\",\"sub_item\":\"\",\"addon_qty\":\"\",\"addon_ids\":\"\",\"non_taxable\":\"1\"}]','delivery','pyp',6.0000,0.1300,0.7800,8.7800,'initial_order',0,1,2.0000,'2017-01-24','','1','',NULL,NULL,NULL,NULL,'2017-01-24 18:13:51',NULL,'186.176.135.203',0.0000,NULL,NULL,NULL,10.0000,0.6000,1,5.4000,0.0000,NULL,NULL,NULL,2,1,'mobile_app','[{\"item_id\":\"3\",\"qty\":\"1\",\"price\":\"6|Grande\",\"sub_item\":[],\"cooking_ref\":[],\"ingredients\":[],\"order_notes\":\"\",\"discount\":\"\"}]'),(74,1,9,'[{\"item_id\":\"3\",\"merchant_id\":\"1\",\"discount\":\"\",\"price\":\"6|Grande\",\"qty\":\"1\",\"two_flavors\":\"0\",\"cooking_ref\":\"\",\"ingredients\":\"\",\"notes\":\"\",\"order_notes\":\"\",\"sub_item\":\"\",\"addon_qty\":\"\",\"addon_ids\":\"\",\"non_taxable\":\"1\"}]','delivery','pyp',6.0000,0.1300,0.7800,8.7800,'initial_order',0,1,2.0000,'2017-02-01','','1','Lo más rápido posible ',NULL,NULL,NULL,NULL,'2017-02-01 13:28:41',NULL,'181.194.145.92',0.0000,NULL,NULL,NULL,10.0000,0.6000,1,5.4000,0.0000,NULL,NULL,NULL,2,1,'mobile_app','[{\"item_id\":\"3\",\"qty\":\"1\",\"price\":\"6|Grande\",\"sub_item\":[],\"cooking_ref\":[],\"ingredients\":[],\"order_notes\":\"\",\"discount\":\"\"}]'),(75,1,3,'[{\"item_id\":\"3\",\"merchant_id\":\"1\",\"discount\":\"\",\"price\":\"9|Regular\",\"qty\":\"1\",\"two_flavors\":\"0\",\"cooking_ref\":\"\",\"ingredients\":\"\",\"notes\":\"\",\"order_notes\":\"\",\"sub_item\":{\"4\":[\"8|1|Tostadas de pan tradicional|\"]},\"addon_qty\":{\"4\":[\"1\"]},\"addon_ids\":[\"8\"],\"non_taxable\":\"1\"}]','delivery','pyp',10.0000,0.1300,1.3000,13.3000,'initial_order',0,1,2.0000,'2017-02-01','','1','',NULL,NULL,NULL,NULL,'2017-02-01 21:36:23',NULL,'186.26.115.169',0.0000,NULL,NULL,NULL,10.0000,1.0000,1,9.0000,0.0000,NULL,NULL,NULL,2,1,'mobile_app','[{\"item_id\":\"3\",\"qty\":\"1\",\"price\":\"9|Regular\",\"sub_item\":[{\"subcat_id\":4,\"value\":\"8|1|Tostadas de pan tradicional|\",\"qty\":\"itemqty\"}],\"cooking_ref\":[],\"ingredients\":[],\"order_notes\":\"\",\"discount\":\"\"}]'),(76,1,9,'[{\"item_id\":\"3\",\"merchant_id\":\"1\",\"discount\":\"\",\"price\":\"6|Grande\",\"qty\":\"1\",\"two_flavors\":\"0\",\"cooking_ref\":\"\",\"ingredients\":\"\",\"notes\":\"\",\"order_notes\":\"\",\"sub_item\":\"\",\"addon_qty\":\"\",\"addon_ids\":\"\",\"non_taxable\":\"1\"}]','pickup','pyp',6.0000,0.1300,0.7800,6.7800,'Pagado',0,1,0.0000,'2017-02-02','03:57 PM','','',NULL,NULL,NULL,NULL,'2017-02-02 14:57:44',NULL,'201.191.195.81',0.0000,NULL,NULL,NULL,10.0000,0.6000,1,5.4000,0.0000,NULL,NULL,NULL,2,1,'mobile_app','[{\"item_id\":\"3\",\"qty\":\"1\",\"price\":\"6|Grande\",\"sub_item\":[],\"cooking_ref\":[],\"ingredients\":[],\"order_notes\":\"\",\"discount\":\"\"}]'),(77,12,9,'[{\"item_id\":\"10\",\"row\":\"\",\"merchant_id\":\"12\",\"discount\":\"\",\"currentController\":\"store\",\"price\":\"4|Mediano\",\"qty\":\"2\",\"notes\":\"Sin cebolla\",\"two_flavors\":\"\",\"non_taxable\":\"1\",\"sub_item\":\"\"}]','delivery','pyp',8.0000,0.0000,0.0000,8.0000,'initial_order',NULL,1,0.0000,'2017-02-02','','1','Estoy en starbuxks',NULL,NULL,NULL,0,'2017-02-02 15:54:45',NULL,'186.26.120.30',0.0000,'',NULL,NULL,10.0000,0.8000,1,7.2000,NULL,0.0000,0.0000,NULL,1,1,'web',NULL),(78,12,9,'[{\"item_id\":\"10\",\"row\":\"\",\"merchant_id\":\"12\",\"discount\":\"\",\"currentController\":\"store\",\"price\":\"4|Mediano\",\"qty\":\"2\",\"notes\":\"Sin cebolla\",\"two_flavors\":\"\",\"non_taxable\":\"1\",\"sub_item\":\"\"}]','delivery','pyp',8.0000,0.0000,0.0000,8.0000,'initial_order',NULL,1,0.0000,'2017-02-02','','1','',NULL,NULL,NULL,0,'2017-02-02 15:57:42',NULL,'186.26.120.30',0.0000,'',NULL,NULL,10.0000,0.8000,1,7.2000,NULL,0.0000,0.0000,NULL,1,1,'web',NULL),(79,12,12,'[{\"item_id\":\"10\",\"merchant_id\":\"12\",\"discount\":\"\",\"price\":\"3|Peque\\u00f1o\",\"qty\":\"1\",\"two_flavors\":\"0\",\"cooking_ref\":\"\",\"ingredients\":\"\",\"notes\":\"\",\"order_notes\":\"\",\"sub_item\":\"\",\"addon_qty\":\"\",\"addon_ids\":\"\",\"non_taxable\":\"1\"}]','delivery','pyp',3.0000,0.0000,0.0000,3.0000,'Pagado',0,1,0.0000,'2017-02-05','','1','',NULL,NULL,NULL,NULL,'2017-02-05 09:02:13',NULL,'201.194.87.49',0.0000,NULL,NULL,NULL,10.0000,0.3000,1,2.7000,0.0000,NULL,NULL,NULL,1,1,'mobile_app','[{\"item_id\":\"10\",\"qty\":\"1\",\"price\":\"3|Peque\\u00f1o\",\"sub_item\":[],\"cooking_ref\":[],\"ingredients\":[],\"order_notes\":\"\",\"discount\":\"\"}]'),(80,1,12,'[{\"item_id\":\"3\",\"merchant_id\":\"1\",\"discount\":\"\",\"price\":\"6|Grande\",\"qty\":\"1\",\"two_flavors\":\"0\",\"cooking_ref\":\"\",\"ingredients\":\"\",\"notes\":\"\",\"order_notes\":\"\",\"sub_item\":\"\",\"addon_qty\":\"\",\"addon_ids\":\"\",\"non_taxable\":\"1\"}]','delivery','pyp',6.0000,0.1300,0.7800,8.7800,'Pagado',0,1,2.0000,'2017-02-05','','1','',NULL,NULL,NULL,NULL,'2017-02-05 10:43:40',NULL,'201.194.87.49',0.0000,NULL,NULL,NULL,10.0000,0.6000,1,5.4000,0.0000,NULL,NULL,NULL,2,1,'mobile_app','[{\"item_id\":\"3\",\"qty\":\"1\",\"price\":\"6|Grande\",\"sub_item\":[],\"cooking_ref\":[],\"ingredients\":[],\"order_notes\":\"\",\"discount\":\"\"}]'),(81,1,13,'[{\"item_id\":\"3\",\"merchant_id\":\"1\",\"discount\":\"\",\"price\":\"6|Grande\",\"qty\":\"1\",\"two_flavors\":\"0\",\"cooking_ref\":\"\",\"ingredients\":\"\",\"notes\":\"\",\"order_notes\":\"\",\"sub_item\":\"\",\"addon_qty\":\"\",\"addon_ids\":\"\",\"non_taxable\":\"1\"}]','delivery','pyp',6.0000,0.1300,0.7800,8.7800,'Pagado',0,1,2.0000,'2017-02-05','','','Entrada de viaitas ',NULL,NULL,NULL,NULL,'2017-02-05 11:00:18',NULL,'201.194.87.49',0.0000,NULL,NULL,NULL,10.0000,0.6000,1,5.4000,0.0000,NULL,NULL,NULL,2,1,'mobile_app','[{\"item_id\":\"3\",\"qty\":\"1\",\"price\":\"6|Grande\",\"sub_item\":[],\"cooking_ref\":[],\"ingredients\":[],\"order_notes\":\"\",\"discount\":\"\"}]'),(82,1,16,'[{\"item_id\":\"3\",\"row\":\"\",\"merchant_id\":\"1\",\"discount\":\"\",\"currentController\":\"store\",\"price\":\"6|Grande\",\"qty\":\"10\",\"notes\":\"\",\"require_addon_4\":\"\",\"sub_item\":{\"4\":[\"8|1|Tostadas de pan tradicional|\"]},\"two_flavors\":\"\",\"non_taxable\":\"1\",\"addon_ids\":[\"8\"]}]','delivery','pyp',70.0000,0.1300,9.1000,81.1000,'initial_order',NULL,1,2.0000,'2017-02-21','','','',NULL,NULL,NULL,0,'2017-02-21 03:30:26',NULL,'116.72.51.121',0.0000,'',NULL,NULL,10.0000,7.0000,1,74.1000,NULL,0.0000,0.0000,NULL,2,1,'web',NULL),(83,1,16,'[{\"item_id\":\"3\",\"row\":\"\",\"merchant_id\":\"1\",\"discount\":\"\",\"currentController\":\"store\",\"price\":\"6|Grande\",\"qty\":\"1\",\"notes\":\"\",\"require_addon_4\":\"\",\"sub_item\":{\"4\":[\"8|1|Tostadas de pan tradicional|\"]},\"two_flavors\":\"\",\"non_taxable\":\"1\",\"addon_ids\":[\"8\"]}]','delivery','pyp',7.0000,0.1300,0.9100,9.9100,'paid',NULL,1,2.0000,'2017-02-21','','','',NULL,NULL,NULL,0,'2017-02-21 03:40:41',NULL,'116.72.51.121',0.0000,'',NULL,NULL,10.0000,0.7000,1,9.2100,NULL,0.0000,0.0000,NULL,2,1,'web',NULL),(84,1,16,'[{\"item_id\":\"3\",\"row\":\"\",\"merchant_id\":\"1\",\"discount\":\"\",\"currentController\":\"store\",\"price\":\"6|Grande\",\"qty\":2,\"notes\":\"\",\"require_addon_4\":\"\",\"two_flavors\":\"\",\"non_taxable\":\"1\",\"sub_item\":\"\"},{\"item_id\":\"3\",\"row\":\"\",\"merchant_id\":\"1\",\"discount\":\"\",\"currentController\":\"store\",\"price\":\"6|Grande\",\"qty\":\"1\",\"notes\":\"\",\"require_addon_4\":\"\",\"sub_item\":{\"4\":[\"8|1|Tostadas de pan tradicional|\"]},\"two_flavors\":\"\",\"non_taxable\":\"1\",\"addon_ids\":[\"8\"],\"cooking_ref\":\"\",\"ingredients\":\"\"}]','delivery','pyp',19.0000,0.1300,2.4700,23.4700,'initial_order',NULL,1,2.0000,'2017-02-22','0:35','','',NULL,NULL,NULL,0,'2017-02-21 04:57:32',NULL,'116.72.51.121',0.0000,'',NULL,NULL,10.0000,1.9000,1,21.5700,NULL,0.0000,0.0000,NULL,2,1,'web',NULL),(85,1,16,'{\"1\":{\"item_id\":\"3\",\"row\":\"\",\"merchant_id\":\"1\",\"discount\":\"\",\"currentController\":\"store\",\"price\":\"6|Grande\",\"qty\":\"1\",\"notes\":\"\",\"require_addon_4\":\"\",\"sub_item\":{\"4\":[\"8|1|Tostadas de pan tradicional|\"]},\"two_flavors\":\"\",\"non_taxable\":\"1\",\"addon_ids\":[\"8\"],\"cooking_ref\":\"\",\"ingredients\":\"\"}}','delivery','pyp',7.0000,0.1300,0.9100,9.9100,'paid',NULL,1,2.0000,'2017-02-22','0:35','','',NULL,NULL,NULL,0,'2017-02-21 04:58:28',NULL,'116.72.51.121',0.0000,'',NULL,NULL,10.0000,0.7000,1,9.2100,NULL,0.0000,0.0000,NULL,2,1,'web',NULL),(86,11,16,'[{\"item_id\":\"8\",\"row\":\"\",\"merchant_id\":\"11\",\"discount\":\"\",\"currentController\":\"store\",\"price\":\"2|15 cm\",\"qty\":\"2\",\"notes\":\"\",\"require_addon_3\":\"2\",\"sub_item\":{\"3\":{\"0\":\"5|1|Papas fritas|\",\"2\":\"7|1.5|Ensalada Rusa|\"}},\"addon_qty\":{\"3\":[\"1\",\"1\",\"1\"]},\"two_flavors\":\"\",\"non_taxable\":\"1\",\"addon_ids\":[\"5\",\"7\"]}]','delivery','pyp',6.5000,0.1300,1.1050,9.6050,'paid',NULL,1,2.0000,'2017-02-24','','','',NULL,NULL,NULL,0,'2017-02-24 02:02:58',NULL,'116.72.48.117',0.0000,'',NULL,NULL,10.0000,0.6500,1,8.9550,NULL,0.0000,0.0000,NULL,1,1,'web',NULL),(87,1,16,'[{\"item_id\":\"4\",\"merchant_id\":\"1\",\"discount\":\"\",\"price\":\"5|Regular\",\"qty\":\"1\",\"two_flavors\":\"0\",\"cooking_ref\":\"\",\"ingredients\":\"\",\"notes\":\"\",\"order_notes\":\"\",\"sub_item\":\"\",\"addon_qty\":\"\",\"addon_ids\":\"\",\"non_taxable\":\"1\"}]','delivery','pyp',5.0000,0.1300,0.6500,7.6500,'initial_order',0,1,2.0000,'2017-03-03','','1','Hello this is test',NULL,NULL,NULL,NULL,'2017-03-03 06:13:48',NULL,'116.72.12.193',0.0000,NULL,NULL,NULL,10.0000,0.5000,1,4.5000,0.0000,NULL,NULL,NULL,2,1,'mobile_app','[{\"item_id\":\"4\",\"qty\":\"1\",\"price\":\"5|Regular\",\"sub_item\":[],\"cooking_ref\":[],\"ingredients\":[],\"order_notes\":\"\",\"discount\":\"\"}]'),(88,1,16,'[{\"item_id\":\"3\",\"merchant_id\":\"1\",\"discount\":\"\",\"price\":\"6|Grande\",\"qty\":\"1\",\"two_flavors\":\"0\",\"cooking_ref\":\"\",\"ingredients\":\"\",\"notes\":\"\",\"order_notes\":\"\",\"sub_item\":\"\",\"addon_qty\":\"\",\"addon_ids\":\"\",\"non_taxable\":\"1\"}]','delivery','pyp',6.0000,0.1300,0.7800,8.7800,'initial_order',0,1,2.0000,'2017-03-03','','1','hhhii',NULL,NULL,NULL,NULL,'2017-03-03 06:24:47',NULL,'116.72.12.193',0.0000,NULL,NULL,NULL,10.0000,0.6000,1,5.4000,0.0000,NULL,NULL,NULL,2,1,'mobile_app','[{\"item_id\":\"3\",\"qty\":\"1\",\"price\":\"6|Grande\",\"sub_item\":[],\"cooking_ref\":[],\"ingredients\":[],\"order_notes\":\"\",\"discount\":\"\"}]'),(89,1,16,'[{\"item_id\":\"3\",\"merchant_id\":\"1\",\"discount\":\"\",\"price\":\"6|Grande\",\"qty\":\"1\",\"two_flavors\":\"0\",\"cooking_ref\":\"\",\"ingredients\":\"\",\"notes\":\"\",\"order_notes\":\"\",\"sub_item\":\"\",\"addon_qty\":\"\",\"addon_ids\":\"\",\"non_taxable\":\"1\"},{\"item_id\":\"4\",\"merchant_id\":\"1\",\"discount\":\"\",\"price\":\"5|Regular\",\"qty\":\"1\",\"two_flavors\":\"0\",\"cooking_ref\":\"\",\"ingredients\":\"\",\"notes\":\"\",\"order_notes\":\"\",\"sub_item\":\"\",\"addon_qty\":\"\",\"addon_ids\":\"\",\"non_taxable\":\"1\"}]','delivery','pyp',11.0000,0.1300,1.4300,14.4300,'initial_order',0,1,2.0000,'2017-03-04','','1','',NULL,NULL,NULL,NULL,'2017-03-04 00:37:29',NULL,'116.74.126.8',0.0000,NULL,NULL,NULL,10.0000,1.1000,1,9.9000,0.0000,NULL,NULL,NULL,2,1,'mobile_app','[{\"item_id\":\"3\",\"qty\":\"1\",\"price\":\"6|Grande\",\"sub_item\":[],\"cooking_ref\":[],\"ingredients\":[],\"order_notes\":\"\",\"discount\":\"\"},{\"item_id\":\"4\",\"qty\":\"1\",\"price\":\"5|Regular\",\"sub_item\":[],\"cooking_ref\":[],\"ingredients\":[],\"order_notes\":\"\",\"discount\":\"\"}]'),(90,1,16,'[{\"item_id\":\"4\",\"merchant_id\":\"1\",\"discount\":\"\",\"price\":\"5|Regular\",\"qty\":\"1\",\"two_flavors\":\"0\",\"cooking_ref\":\"\",\"ingredients\":\"\",\"notes\":\"\",\"order_notes\":\"\",\"sub_item\":\"\",\"addon_qty\":\"\",\"addon_ids\":\"\",\"non_taxable\":\"1\"}]','delivery','pyp',5.0000,0.1300,0.6500,7.6500,'paid',0,1,2.0000,'2017-03-04','','1','',NULL,NULL,NULL,NULL,'2017-03-04 00:56:20',NULL,'116.74.126.8',0.0000,NULL,NULL,NULL,10.0000,0.5000,1,4.5000,0.0000,NULL,NULL,NULL,2,1,'mobile_app','[{\"item_id\":\"4\",\"qty\":\"1\",\"price\":\"5|Regular\",\"sub_item\":[],\"cooking_ref\":[],\"ingredients\":[],\"order_notes\":\"\",\"discount\":\"\"}]'),(91,1,16,'[{\"item_id\":\"4\",\"merchant_id\":\"1\",\"discount\":\"\",\"price\":\"5|Regular\",\"qty\":\"1\",\"two_flavors\":\"0\",\"cooking_ref\":\"\",\"ingredients\":\"\",\"notes\":\"\",\"order_notes\":\"\",\"sub_item\":\"\",\"addon_qty\":\"\",\"addon_ids\":\"\",\"non_taxable\":\"1\"}]','delivery','pyp',5.0000,0.1300,0.6500,7.6500,'paid',0,1,2.0000,'2017-03-04','','1','',NULL,NULL,NULL,NULL,'2017-03-04 01:09:00',NULL,'116.74.126.8',0.0000,NULL,NULL,NULL,10.0000,0.5000,1,4.5000,0.0000,NULL,NULL,NULL,2,1,'mobile_app','[{\"item_id\":\"4\",\"qty\":\"1\",\"price\":\"5|Regular\",\"sub_item\":[],\"cooking_ref\":[],\"ingredients\":[],\"order_notes\":\"\",\"discount\":\"\"}]'),(92,1,16,'[{\"item_id\":\"4\",\"merchant_id\":\"1\",\"discount\":\"\",\"price\":\"5|Regular\",\"qty\":\"1\",\"two_flavors\":\"0\",\"cooking_ref\":\"\",\"ingredients\":\"\",\"notes\":\"\",\"order_notes\":\"\",\"sub_item\":\"\",\"addon_qty\":\"\",\"addon_ids\":\"\",\"non_taxable\":\"1\"}]','delivery','pyp',5.0000,0.1300,0.6500,7.6500,'paid',0,1,2.0000,'2017-03-04','','1','',NULL,NULL,NULL,NULL,'2017-03-04 01:17:32',NULL,'116.74.126.8',0.0000,NULL,NULL,NULL,10.0000,0.5000,1,4.5000,0.0000,NULL,NULL,NULL,2,1,'mobile_app','[{\"item_id\":\"4\",\"qty\":\"1\",\"price\":\"5|Regular\",\"sub_item\":[],\"cooking_ref\":[],\"ingredients\":[],\"order_notes\":\"\",\"discount\":\"\"}]'),(93,1,16,'[{\"item_id\":\"3\",\"merchant_id\":\"1\",\"discount\":\"\",\"price\":\"6|Grande\",\"qty\":\"1\",\"two_flavors\":\"0\",\"cooking_ref\":\"\",\"ingredients\":\"\",\"notes\":\"\",\"order_notes\":\"\",\"sub_item\":\"\",\"addon_qty\":\"\",\"addon_ids\":\"\",\"non_taxable\":\"1\"}]','delivery','pyp',6.0000,0.1300,0.7800,8.7800,'paid',0,1,2.0000,'2017-03-04','','1','',NULL,NULL,NULL,NULL,'2017-03-04 01:56:11',NULL,'116.74.126.8',0.0000,NULL,NULL,NULL,10.0000,0.6000,1,5.4000,0.0000,NULL,NULL,NULL,2,1,'mobile_app','[{\"item_id\":\"3\",\"qty\":\"1\",\"price\":\"6|Grande\",\"sub_item\":[],\"cooking_ref\":[],\"ingredients\":[],\"order_notes\":\"\",\"discount\":\"\"}]'),(94,1,16,'[{\"item_id\":\"3\",\"merchant_id\":\"1\",\"discount\":\"\",\"price\":\"6|Grande\",\"qty\":\"1\",\"two_flavors\":\"0\",\"cooking_ref\":\"\",\"ingredients\":\"\",\"notes\":\"\",\"order_notes\":\"\",\"sub_item\":\"\",\"addon_qty\":\"\",\"addon_ids\":\"\",\"non_taxable\":\"1\"},{\"item_id\":\"4\",\"merchant_id\":\"1\",\"discount\":\"\",\"price\":\"5|Regular\",\"qty\":\"1\",\"two_flavors\":\"0\",\"cooking_ref\":\"\",\"ingredients\":\"\",\"notes\":\"\",\"order_notes\":\"\",\"sub_item\":\"\",\"addon_qty\":\"\",\"addon_ids\":\"\",\"non_taxable\":\"1\"}]','delivery','pyp',11.0000,0.1300,1.4300,14.4300,'initial_order',0,1,2.0000,'2017-03-09','','1','',NULL,NULL,NULL,NULL,'2017-03-09 04:48:08',NULL,'60.254.123.182',0.0000,NULL,NULL,NULL,10.0000,1.1000,1,9.9000,0.0000,NULL,NULL,NULL,2,1,'mobile_app','[{\"item_id\":\"3\",\"qty\":\"1\",\"price\":\"6|Grande\",\"sub_item\":[],\"cooking_ref\":[],\"ingredients\":[],\"order_notes\":\"\",\"discount\":\"\"},{\"item_id\":\"4\",\"qty\":\"1\",\"price\":\"5|Regular\",\"sub_item\":[],\"cooking_ref\":[],\"ingredients\":[],\"order_notes\":\"\",\"discount\":\"\"}]');
/*!40000 ALTER TABLE `ka_order` ENABLE KEYS */;
UNLOCK TABLES;

--
-- Table structure for table `ka_order_delivery_address`
--

DROP TABLE IF EXISTS `ka_order_delivery_address`;
/*!40101 SET @saved_cs_client     = @@character_set_client */;
/*!40101 SET character_set_client = utf8 */;
CREATE TABLE `ka_order_delivery_address` (
  `id` int(14) NOT NULL AUTO_INCREMENT,
  `order_id` int(14) DEFAULT NULL,
  `client_id` int(14) DEFAULT NULL,
  `street` varchar(255) DEFAULT NULL,
  `city` varchar(255) DEFAULT NULL,
  `state` varchar(255) DEFAULT NULL,
  `zipcode` varchar(255) DEFAULT NULL,
  `location_name` varchar(255) DEFAULT NULL,
  `country` varchar(255) DEFAULT NULL,
  `date_created` datetime DEFAULT NULL,
  `ip_address` varchar(50) DEFAULT NULL,
  `contact_phone` varchar(100) DEFAULT NULL,
  `formatted_address` text,
  `google_lat` varchar(50) DEFAULT NULL,
  `google_lng` varchar(50) DEFAULT NULL,
  PRIMARY KEY (`id`),
  KEY `order_id` (`order_id`),
  KEY `client_id` (`client_id`)
) ENGINE=InnoDB AUTO_INCREMENT=84 DEFAULT CHARSET=utf8;
/*!40101 SET character_set_client = @saved_cs_client */;

--
-- Dumping data for table `ka_order_delivery_address`
--

LOCK TABLES `ka_order_delivery_address` WRITE;
/*!40000 ALTER TABLE `ka_order_delivery_address` DISABLE KEYS */;
INSERT INTO `ka_order_delivery_address` VALUES (1,1,2,'','','South Caribbean Coast Autonomous Region','','','Nicaragua','2016-11-17 00:52:41','186.64.150.120','+50688931526','','',''),(2,2,2,'Unnamed Road ','','Goiás','','','Brazil','2016-11-17 00:54:35','186.64.150.120','+50688931526','','',''),(3,3,2,'','','State of Amazonas','','','Brazil','2016-11-17 00:54:41','186.64.150.120','+50688931526','','',''),(4,4,2,'Unnamed Road ','','Antioquia','057037','','Colombia','2016-11-17 00:54:47','186.64.150.120','+50688931526','','',''),(5,5,2,'C113 ','Tirrases','Provincia de San José','','','Costa Rica','2016-11-17 00:55:55','186.64.150.120','+50688931526','','',''),(6,6,2,'C113 ','Tirrases','Provincia de San José','','','Costa Rica','2016-11-17 01:22:45','186.64.150.120','+50688931526','','',''),(7,7,3,'221 ','','San José Province','','','Costa Rica','2016-11-19 21:13:43','186.64.150.120','+50688931526','','',''),(8,8,3,'221 ','','San José Province','','','Costa Rica','2016-11-19 21:13:55','186.64.150.120','+50688931526','','',''),(9,9,3,'221 ','','San José Province','','','Costa Rica','2016-11-19 21:15:04','186.64.150.120','+50688931526','','',''),(10,10,3,'221 ','','San José Province','','','Costa Rica','2016-11-19 21:17:51','186.64.150.120','+50688931526','','',''),(11,11,3,'C113 ','Tirrases','Provincia de San José','','','Costa Rica','2016-11-19 21:20:49','186.64.150.120','+50688931526','','',''),(12,12,4,'','San José','Provincia de Alajuela','','Heredia','Costa Rica','2016-11-19 23:36:49','186.64.150.120','+50671402190','Provincia de Alajuela, San José, Costa Rica','10.49797','-84.52562'),(13,13,4,'','San José','Provincia de Alajuela','','Heredia','Costa Rica','2016-11-19 23:39:05','186.64.150.120','+50671402190','Provincia de Alajuela, San José, Costa Rica','10.49797','-84.52562'),(14,14,3,'C113 ','Tirrases','Provincia de San José','10106','Casa','Costa Rica','2016-11-30 23:52:40','186.64.150.120','+50688931526','','',''),(15,15,3,'C113 ','Tirrases','Provincia de San José','10106','Casa','Costa Rica','2016-11-30 23:58:56','186.64.150.120','+50688931526','','',''),(16,16,3,' C113','Tirrases','Provincia de San José','','Casa','Costa Rica','2016-12-05 06:36:26','186.64.150.120','+50688931526','Apartamentos Oneipa, C113, Provincia de San José, Tirrases, Costa Rica','9.9053653','-84.0278537'),(17,17,3,' C113','Tirrases','Provincia de San José','','Casa','Costa Rica','2016-12-05 06:37:31','186.64.150.120','+50688931526','Apartamentos Oneipa, C113, Provincia de San José, Tirrases, Costa Rica','9.9053653','-84.0278537'),(18,18,3,'C113 ','Tirrases','Provincia de San José','10106','Casa','Costa Rica','2016-12-05 06:42:50','186.64.150.120','+50688931526','C113  Tirrases Provincia de San José 10106','',''),(19,19,3,'C113 ','Tirrases','Provincia de San José','10106','Casa','Costa Rica','2016-12-05 06:52:49','186.64.150.120','+50688931526','C113  Tirrases Provincia de San José 10106','',''),(20,20,3,'C113 ','Tirrases','Provincia de San José','10106','Casa','Costa Rica','2016-12-05 07:22:48','186.64.150.120','+50688931526','C113  Tirrases Provincia de San José 10106','',''),(21,21,3,'C113 ','Tirrases','Provincia de San José','10106','Casa','Costa Rica','2016-12-05 07:24:32','186.64.150.120','+50688931526','C113  Tirrases Provincia de San José 10106','',''),(22,22,3,'C113 ','Tirrases','Provincia de San José','10106','Casa','Costa Rica','2016-12-05 07:33:30','186.64.150.120','+50688931526','C113  Tirrases Provincia de San José 10106','',''),(23,23,3,'C113 ','Tirrases','Provincia de San José','10106','Casa','Costa Rica','2016-12-05 08:49:41','186.64.150.120','+50688931526','C113  Tirrases Provincia de San José 10106','',''),(24,24,3,'C113 ','Tirrases','Provincia de San José','10106','Casa','Costa Rica','2016-12-05 08:57:56','186.64.150.120','+50688931526','C113  Tirrases Provincia de San José 10106','',''),(25,25,3,'C113 ','Tirrases','Provincia de San José','10106','Casa','Costa Rica','2016-12-05 09:05:08','186.64.150.120','+50688931526','C113  Tirrases Provincia de San José 10106','',''),(26,26,1,'San José',' Provincia de San José',' Costa Rica','San jose','adasd','Costa Rica','2016-12-05 11:55:12','223.255.204.27','+50612345666','','',''),(27,27,5,'204 ','San José','San José Province','','','Costa Rica','2016-12-05 14:34:08','186.176.135.203','+50689218522','','',''),(28,28,5,'204 ','San José','San José Province','','','Costa Rica','2016-12-05 14:36:15','186.176.135.203','+50689218522','','',''),(29,29,3,'','San José','Provincia de San José','','Casa','Costa Rica','2016-12-05 14:38:24','186.176.135.203','+50688931526','San Francisco de Dos Ríos, Provincia de San José, San José, Costa Rica','9.908091800000001','-84.06167089999997'),(30,30,3,'Avenida 46A','San José','Provincia de San José','','Casa','Costa Rica','2016-12-05 15:00:34','186.176.135.203','+50688931526','Av 46A, Provincia de San José, San José, Costa Rica','9.9131811','-84.0570888'),(31,31,3,'Avenida 46A','San José','Provincia de San José','','Oficina portines grises','Costa Rica','2016-12-06 11:26:13','186.176.135.203','+50688931526','Av 46A, Provincia de San José, San José, Costa Rica','9.91318100757793','-84.05708882957697'),(32,32,1,'Calle 63 ','San Pedro','Provincia de San José','','adasd','Costa Rica','2016-12-07 02:28:40','192.80.138.17','+50612345666','','',''),(33,33,1,'San José',' Provincia de San José',' Costa Rica','San jose','adasd','Costa Rica','2016-12-07 02:31:46','192.80.138.17','+50612345666','','',''),(34,34,1,'San José',' Provincia de San José',' Costa Rica','San jose','adasd','Costa Rica','2016-12-07 03:11:03','192.80.138.17','+50612345666','','',''),(35,35,1,'San José',' Provincia de San José',' Costa Rica','San jose','adasd','Costa Rica','2016-12-07 03:19:30','192.80.138.17','+50612345666','','',''),(36,36,3,'Villas de Ayarco',' Sánchez',' Provincia de San José','','Casa','Costa Rica','2016-12-07 08:11:37','186.64.150.120','+50688931526','','',''),(37,37,1,'San José',' Provincia de San José',' Costa Rica','San jose','adasd','Costa Rica','2016-12-07 08:59:27','192.80.138.17','+50612345666','','',''),(38,38,1,'San José',' Provincia de San José',' Costa Rica','San jose','adasd','Costa Rica','2016-12-10 13:38:30','146.185.149.131','+50612345666','San José  Provincia de San José  Costa Rica San jose','',''),(39,39,1,'San José',' Provincia de San José',' Costa Rica','San jose','adasd','Costa Rica','2016-12-10 13:43:43','146.185.149.131','+50612345666','San José  Provincia de San José  Costa Rica San jose','',''),(40,40,3,'Tirrases',' Provincia de San José',' Costa Rica','','Casa','Costa Rica','2016-12-13 14:10:53','186.64.150.120','+50688931526','','',''),(41,41,3,'C113 ','Tirrases','Provincia de San José','10106','Casa','Costa Rica','2016-12-13 15:05:18','186.15.209.214','+50688931526','','',''),(42,42,3,'204','San José','San José Province','','Oficina','Costa Rica','2016-12-13 16:25:05','186.15.209.214','+50688931526','204, San José Province, San José, Costa Rica','9.912411146442468','-84.05708111822607'),(43,43,6,'Calle Peligro','Santo Domingo','Heredia','','24 laderas nicas','Costa Rica','2016-12-14 18:49:31','201.194.87.49','+50688490336','Calle Peligro, Heredia, Santo Domingo, Costa Rica','9.979433469419567','-84.0797484666109'),(44,44,3,'Calle Peligro ','Santo Domingo','Heredia','','Casa','Costa Rica','2016-12-14 19:45:45','201.194.87.49','+50688931526','','',''),(45,45,1,'San José',' Provincia de San José',' Costa Rica','San jose','adasd','Costa Rica','2016-12-19 07:24:02','192.80.138.13','+50612345666','','',''),(46,46,1,'San José',' Provincia de San José',' Costa Rica','San jose','adasd','Costa Rica','2016-12-19 07:47:06','192.80.138.13','+50612345666','','',''),(47,47,1,'San José',' Provincia de San José',' Costa Rica','San jose','adasd','Costa Rica','2016-12-19 07:47:52','192.80.138.13','+50612345666','','',''),(48,54,3,'204','San José','San José Province','','Oficina','Costa Rica','2017-01-12 12:08:02','186.176.135.203','+50688931526','','',''),(49,55,3,'C113 ','Tirrases','Provincia de San José','10106','Casa','Costa Rica','2017-01-12 12:11:05','186.176.135.203','+50688931526','','',''),(50,59,1,'San José',' Provincia de San José',' Costa Rica','San jose','adasd','Costa Rica','2017-01-12 00:00:00','192.80.138.17','+50612345666',NULL,NULL,NULL),(51,60,1,'San José',' Provincia de San José',' Costa Rica','San jose','adasd','Costa Rica','2017-01-12 00:00:00','192.80.138.17','+50612345666',NULL,NULL,NULL),(52,61,3,'C113 ','Tirrases','Provincia de San José','10106','Casa','Costa Rica','2017-01-13 11:17:22','186.176.135.203','+50688931526','','',''),(53,62,1,'','San José','San José Province','','adasd','Costa Rica','2017-01-14 15:51:47','95.85.4.45','+50612345666','San José Province, San José, Costa Rica','9.9280694','-84.09072459999999'),(54,63,1,'San José',' Provincia de San José',' Costa Rica','San jose','adasd','Costa Rica','2017-01-15 13:11:05','95.85.4.45','+50612345666','','',''),(55,65,1,'Calle 2','San Ramón','Provincia de Alajuela','','adasd','Costa Rica','2017-01-17 11:26:11','138.197.201.153','+50612345666','Calle 2, Provincia de Alajuela, San Ramón, Costa Rica','10.091031607524824','-84.47039343416691'),(56,66,1,'Calle 2','San Ramón','Provincia de Alajuela','','adasd','Costa Rica','2017-01-17 11:27:43','138.197.201.153','+50612345666','Calle 2, Provincia de Alajuela, San Ramón, Costa Rica','10.091031607524824','-84.47039343416691'),(57,67,3,' C113','Tirrases','Provincia de San José','','Casa','Costa Rica','2017-01-17 20:28:34','186.64.149.93','+50688931526','Apartamentos Oneipa, C113, Provincia de San José, Tirrases, Costa Rica','9.9053653','-84.0278537'),(58,68,3,' C113','Tirrases','Provincia de San José','','Casa','Costa Rica','2017-01-17 20:29:25','186.64.149.93','+50688931526','Apartamentos Oneipa, C113, Provincia de San José, Tirrases, Costa Rica','9.9053653','-84.0278537'),(59,69,3,' C113','Tirrases','Provincia de San José','','Casa','Costa Rica','2017-01-17 20:31:06','186.64.149.93','+50688931526','Apartamentos Oneipa, C113, Provincia de San José, Tirrases, Costa Rica','9.9053653','-84.0278537'),(60,70,3,'C111A ','Curridabat','Provincia de San José','','Casa','Costa Rica','2017-01-18 00:00:00','186.176.135.203','+50688931526',NULL,NULL,NULL),(61,71,3,' C113','Tirrases','Provincia de San José','','Casa','Costa Rica','2017-01-18 20:12:24','186.64.149.93','+50688931526','Apartamentos Oneipa, C113, Provincia de San José, Tirrases, Costa Rica','9.9053653','-84.0278537'),(62,72,3,'C113 ','Tirrases','Provincia de San José','10106','Casa','Costa Rica','2017-01-18 22:45:26','186.64.149.93','+50688931526','','',''),(63,73,3,'204','San José','San José Province','','','Costa Rica','2017-01-24 18:13:51','186.176.135.203','+50688931526','204, San José Province, San José, Costa Rica','9.913023138183451','-84.05691211651093'),(64,74,9,'Avenida 12A','San José','San José','','Sabana Sur. Del Tennis Club 100 este 100 Sur 100 este 100 norte y 50 oeste . Aparta #5','Costa Rica','2017-02-01 13:28:41','181.194.145.92','+50683403959','Av 12A, San José, Costa Rica','9.931498800065466','-84.09933459447556'),(65,75,3,' C113','Tirrases','Provincia de San José','','Casa','Costa Rica','2017-02-01 21:36:23','186.26.115.169','+50688931526','Apartamentos Oneipa, C113, Provincia de San José, Tirrases, Costa Rica','9.90534789167024','-84.02785141021013'),(66,77,9,'Avenida 2 ','San Pedro','San José','11501','','Costa Rica','2017-02-02 00:00:00','186.26.120.30','+50683403959',NULL,NULL,NULL),(67,78,9,'Avenida 2 ','San Pedro','San José','11501','','Costa Rica','2017-02-02 00:00:00','186.26.120.30','+50683403959',NULL,NULL,NULL),(68,79,12,'Calle Peligro','Santo Domingo','Heredia','','Casa cafe','Costa Rica','2017-02-05 09:02:13','201.194.87.49','+50688490236','Calle Peligro, Heredia, Santo Domingo, Costa Rica','9.979607486568113','-84.0797484666109'),(69,80,12,'Calle Peligro','Santo Domingo','Heredia','','Casa cafe','Costa Rica','2017-02-05 10:43:40','201.194.87.49','+50688490236','','',''),(70,81,13,'Flores','Heredia','Heredia','','Casa 70 Avisenia norte ','Costa Rica','2017-02-05 11:00:18','201.194.87.49','+50672743210','','',''),(71,82,16,'shiva','san José','san José','394210','san José','Costa Rica','2017-02-21 00:00:00','116.72.51.121','+918000366525',NULL,NULL,NULL),(72,83,16,'san José','san José','san José','','san José','Costa Rica','2017-02-21 00:00:00','116.72.51.121','+918000366525',NULL,NULL,NULL),(73,84,16,'san José','san José','san José','','san José','Costa Rica','2017-02-21 00:00:00','116.72.51.121','+918000366525',NULL,NULL,NULL),(74,85,16,'san José','san José','san José','','san José','Costa Rica','2017-02-21 00:00:00','116.72.51.121','+918000366525',NULL,NULL,NULL),(75,86,16,'san José','san José','san José','','san José','Costa Rica','2017-02-24 00:00:00','116.72.48.117','+918000366525',NULL,NULL,NULL),(76,87,16,'san José','san José','san José','','san José','Costa Rica','2017-03-03 06:13:48','116.72.12.193','+918000366525','san José san José san José ','',''),(77,88,16,'san José','san José','san José','','san José','Costa Rica','2017-03-03 06:24:47','116.72.12.193','+918000366525','san José san José san José ','',''),(78,89,16,'san José','san José','san José','','san José','Costa Rica','2017-03-04 00:37:29','116.74.126.8','+918000366525','san José san José san José ','',''),(79,90,16,'san José','san José','san José','','san José','Costa Rica','2017-03-04 00:56:20','116.74.126.8','+918000366525','san José san José san José ','',''),(80,91,16,'san José','san José','san José','','san José','Costa Rica','2017-03-04 01:09:00','116.74.126.8','+918000366525','san José san José san José ','',''),(81,92,16,'san José','san José','san José','','san José','Costa Rica','2017-03-04 01:17:32','116.74.126.8','+918000366525','san José san José san José ','',''),(82,93,16,'san José','san José','san José','','san José','Costa Rica','2017-03-04 01:56:11','116.74.126.8','+918000366525','san José san José san José ','',''),(83,94,16,'san José','san José','san José','','san José','Costa Rica','2017-03-09 04:48:08','60.254.123.182','+918000366525','san José san José san José ','','');
/*!40000 ALTER TABLE `ka_order_delivery_address` ENABLE KEYS */;
UNLOCK TABLES;

--
-- Table structure for table `ka_order_details`
--

DROP TABLE IF EXISTS `ka_order_details`;
/*!40101 SET @saved_cs_client     = @@character_set_client */;
/*!40101 SET character_set_client = utf8 */;
CREATE TABLE `ka_order_details` (
  `id` int(14) NOT NULL AUTO_INCREMENT,
  `order_id` int(14) DEFAULT NULL,
  `client_id` int(14) DEFAULT NULL,
  `item_id` int(14) DEFAULT NULL,
  `item_name` varchar(255) DEFAULT NULL,
  `order_notes` text,
  `normal_price` float(14,4) DEFAULT NULL,
  `discounted_price` float(14,4) DEFAULT NULL,
  `size` varchar(255) DEFAULT NULL,
  `qty` int(14) DEFAULT NULL,
  `cooking_ref` varchar(255) DEFAULT NULL,
  `addon` text,
  `ingredients` text,
  `non_taxable` int(1) NOT NULL DEFAULT '1',
  PRIMARY KEY (`id`)
) ENGINE=InnoDB AUTO_INCREMENT=103 DEFAULT CHARSET=utf8;
/*!40101 SET character_set_client = @saved_cs_client */;

--
-- Dumping data for table `ka_order_details`
--

LOCK TABLES `ka_order_details` WRITE;
/*!40000 ALTER TABLE `ka_order_details` DISABLE KEYS */;
INSERT INTO `ka_order_details` VALUES (1,1,2,3,'De alambre','',5.0000,5.0000,'Regular',1,'','','\"\"',1),(2,5,2,3,'De alambre','',5.0000,5.0000,'Regular',1,'','','\"\"',1),(3,6,2,3,'De alambre','',5.0000,5.0000,'Regular',1,'','','\"\"',1),(4,11,3,5,'Tacos','',1500.0000,1500.0000,'Mediano',1,'','','\"\"',1),(5,12,4,6,'Pollo frito','',3500.0000,3500.0000,'Grande',1,'Bien cocido','[{\"addon_name\":\"Yuca frita\",\"addon_category\":\"Acompa\\u00f1amientos\",\"addon_qty\":\"1\",\"addon_price\":\"450\"}]','\"\"',1),(6,13,4,6,'Pollo frito','',3500.0000,3500.0000,'Grande',1,'Bien cocido','[{\"addon_name\":\"Yuca frita\",\"addon_category\":\"Acompa\\u00f1amientos\",\"addon_qty\":\"1\",\"addon_price\":\"450\"}]','\"\"',1),(7,14,3,7,'Casado con...','',2500.0000,2500.0000,'Mediano',1,'Bien cocido','[{\"addon_name\":\"Pezcado empanizado\",\"addon_category\":\"Carnes de casado\",\"addon_qty\":\"1\",\"addon_price\":\"300\"}]','\"\"',1),(8,15,3,7,'Casado con...','',2500.0000,2500.0000,'Mediano',1,'Bien cocido','[{\"addon_name\":\"Pezcado empanizado\",\"addon_category\":\"Carnes de casado\",\"addon_qty\":\"1\",\"addon_price\":\"300\"}]','\"\"',1),(9,16,3,9,'Club sandwich','',4.0000,4.0000,'30 cm',1,'','[{\"addon_name\":\"Ensalada de repollo\",\"addon_category\":\"Acompa\\u00f1amientos\",\"addon_qty\":\"1\",\"addon_price\":\"1\"}]','[\"Pan oregano parmesano\"]',1),(10,16,3,8,'Sandwich cubano','',2.0000,2.0000,'15 cm',1,'','[{\"addon_name\":\"Ensalada de repollo\",\"addon_category\":\"Acompa\\u00f1amientos\",\"addon_qty\":\"1\",\"addon_price\":\"1\"}]','[\"Pan Integral\"]',1),(11,17,3,9,'Club sandwich','',4.0000,4.0000,'30 cm',1,'','[{\"addon_name\":\"Ensalada de repollo\",\"addon_category\":\"Acompa\\u00f1amientos\",\"addon_qty\":\"1\",\"addon_price\":\"1\"}]','[\"Pan oregano parmesano\"]',1),(12,17,3,8,'Sandwich cubano','',2.0000,2.0000,'15 cm',1,'','[{\"addon_name\":\"Ensalada de repollo\",\"addon_category\":\"Acompa\\u00f1amientos\",\"addon_qty\":\"1\",\"addon_price\":\"1\"}]','[\"Pan Integral\"]',1),(13,18,3,8,'Sandwich cubano','',2.0000,2.0000,'15 cm',1,'','[{\"addon_name\":\"Papas fritas\",\"addon_category\":\"Acompa\\u00f1amientos\",\"addon_qty\":\"1\",\"addon_price\":\"1\"}]','\"\"',1),(14,18,3,8,'Sandwich cubano','',2.0000,2.0000,'15 cm',1,'','[{\"addon_name\":\"Papas fritas\",\"addon_category\":\"Acompa\\u00f1amientos\",\"addon_qty\":\"1\",\"addon_price\":\"1\"}]','[\"Pan ciabatta\"]',1),(15,19,3,8,'Sandwich cubano','',2.0000,2.0000,'15 cm',1,'','[{\"addon_name\":\"Papas fritas\",\"addon_category\":\"Acompa\\u00f1amientos\",\"addon_qty\":\"1\",\"addon_price\":\"1\"}]','\"\"',1),(16,19,3,8,'Sandwich cubano','',2.0000,2.0000,'15 cm',1,'','[{\"addon_name\":\"Papas fritas\",\"addon_category\":\"Acompa\\u00f1amientos\",\"addon_qty\":\"1\",\"addon_price\":\"1\"}]','[\"Pan ciabatta\"]',1),(17,20,3,8,'Sandwich cubano','',2.0000,2.0000,'15 cm',1,'','[{\"addon_name\":\"Papas fritas\",\"addon_category\":\"Acompa\\u00f1amientos\",\"addon_qty\":\"1\",\"addon_price\":\"1\"}]','\"\"',1),(18,20,3,8,'Sandwich cubano','',2.0000,2.0000,'15 cm',1,'','[{\"addon_name\":\"Papas fritas\",\"addon_category\":\"Acompa\\u00f1amientos\",\"addon_qty\":\"1\",\"addon_price\":\"1\"}]','[\"Pan ciabatta\"]',1),(19,21,3,8,'Sandwich cubano','',2.0000,2.0000,'15 cm',1,'','[{\"addon_name\":\"Papas fritas\",\"addon_category\":\"Acompa\\u00f1amientos\",\"addon_qty\":\"1\",\"addon_price\":\"1\"}]','\"\"',1),(20,21,3,8,'Sandwich cubano','',2.0000,2.0000,'15 cm',1,'','[{\"addon_name\":\"Papas fritas\",\"addon_category\":\"Acompa\\u00f1amientos\",\"addon_qty\":\"1\",\"addon_price\":\"1\"}]','[\"Pan ciabatta\"]',1),(21,22,3,8,'Sandwich cubano','',2.0000,2.0000,'15 cm',1,'','[{\"addon_name\":\"Papas fritas\",\"addon_category\":\"Acompa\\u00f1amientos\",\"addon_qty\":\"1\",\"addon_price\":\"1\"}]','\"\"',1),(22,22,3,8,'Sandwich cubano','',2.0000,2.0000,'15 cm',1,'','[{\"addon_name\":\"Papas fritas\",\"addon_category\":\"Acompa\\u00f1amientos\",\"addon_qty\":\"1\",\"addon_price\":\"1\"}]','[\"Pan ciabatta\"]',1),(23,23,3,8,'Sandwich cubano','',2.0000,2.0000,'15 cm',1,'','[{\"addon_name\":\"Papas fritas\",\"addon_category\":\"Acompa\\u00f1amientos\",\"addon_qty\":\"1\",\"addon_price\":\"1\"}]','\"\"',1),(24,23,3,8,'Sandwich cubano','',2.0000,2.0000,'15 cm',1,'','[{\"addon_name\":\"Papas fritas\",\"addon_category\":\"Acompa\\u00f1amientos\",\"addon_qty\":\"1\",\"addon_price\":\"1\"}]','[\"Pan ciabatta\"]',1),(25,24,3,9,'Club sandwich','',3.0000,3.0000,'15 cm',1,'','[{\"addon_name\":\"Ensalada de repollo\",\"addon_category\":\"Acompa\\u00f1amientos\",\"addon_qty\":\"1\",\"addon_price\":\"1\"}]','[\"Pan oregano parmesano\"]',1),(26,25,3,9,'Club sandwich','',3.0000,3.0000,'15 cm',1,'','[{\"addon_name\":\"Ensalada de repollo\",\"addon_category\":\"Acompa\\u00f1amientos\",\"addon_qty\":\"1\",\"addon_price\":\"1\"}]','[\"Pan oregano parmesano\"]',1),(27,26,1,3,'De alambre','',5.0000,5.0000,'Regular',1,'','','\"\"',1),(28,27,5,8,'Sandwich cubano','',2.0000,2.0000,'15 cm',1,'','[{\"addon_name\":\"Ensalada de repollo\",\"addon_category\":\"Acompa\\u00f1amientos\",\"addon_qty\":\"1\",\"addon_price\":\"1\"}]','[\"Pan oregano parmesano\"]',1),(29,28,5,8,'Sandwich cubano','',2.0000,2.0000,'15 cm',1,'','[{\"addon_name\":\"Ensalada de repollo\",\"addon_category\":\"Acompa\\u00f1amientos\",\"addon_qty\":\"1\",\"addon_price\":\"1\"}]','[\"Pan oregano parmesano\"]',1),(30,29,3,8,'Sandwich cubano','',3.5000,3.5000,'30 cm',1,'','[{\"addon_name\":\"Papas fritas\",\"addon_category\":\"Acompa\\u00f1amientos\",\"addon_qty\":\"1\",\"addon_price\":\"1\"}]','[\"Pan oregano parmesano\"]',1),(31,30,3,8,'Sandwich cubano','',2.0000,2.0000,'15 cm',1,'','[{\"addon_name\":\"Ensalada de repollo\",\"addon_category\":\"Acompa\\u00f1amientos\",\"addon_qty\":\"1\",\"addon_price\":\"1\"}]','[\"Pan ciabatta\"]',1),(32,31,3,9,'Club sandwich','',3.0000,3.0000,'15 cm',1,'','[{\"addon_name\":\"Papas fritas\",\"addon_category\":\"Acompa\\u00f1amientos\",\"addon_qty\":\"1\",\"addon_price\":\"1\"}]','[\"Pan Blanco\"]',1),(33,32,1,3,'De alambre','',5.0000,5.0000,'Regular',1,'','','\"\"',1),(34,33,1,3,'De alambre','',5.0000,5.0000,'Regular',1,'','','\"\"',1),(35,34,1,7,'Casado con...','',2500.0000,2500.0000,'Mediano',2,'Bien cocido','[{\"addon_name\":\"Pezcado empanizado\",\"addon_category\":\"Carnes de casado\",\"addon_qty\":\"2\",\"addon_price\":\"300\"}]','\"\"',1),(36,35,1,7,'Casado con...','',2500.0000,2500.0000,'Mediano',2,'Bien cocido','[{\"addon_name\":\"Pezcado empanizado\",\"addon_category\":\"Carnes de casado\",\"addon_qty\":\"2\",\"addon_price\":\"300\"}]','\"\"',1),(37,36,3,8,'Sandwich cubano','',4.0000,3.5000,'30 cm',1,'','[{\"addon_name\":\"Papas fritas\",\"addon_category\":\"Acompa\\u00f1amientos\",\"addon_qty\":\"1\",\"addon_price\":\"1\"}]','[\"Pan ciabatta\"]',1),(38,37,1,3,'De alambre','',5.0000,5.0000,'Regular',2,'','','\"\"',1),(39,38,1,5,'Tacos','',1500.0000,1500.0000,'Mediano',1,'','\"\"','\"\"',1),(40,38,1,5,'Tacos','',1500.0000,1500.0000,'Mediano',2,'','\"\"','\"\"',1),(41,38,1,6,'Pollo frito','',3500.0000,3500.0000,'Grande',3,'','[{\"addon_name\":\"Papas fritas\",\"addon_category\":\"Acompa\\u00f1amientos\",\"addon_qty\":\"3\",\"addon_price\":\"500\"}]','\"\"',1),(42,39,1,5,'Tacos','',1500.0000,1500.0000,'Mediano',1,'','\"\"','\"\"',1),(43,39,1,5,'Tacos','',1500.0000,1500.0000,'Mediano',2,'','\"\"','\"\"',1),(44,39,1,6,'Pollo frito','',3500.0000,3500.0000,'Grande',3,'','[{\"addon_name\":\"Papas fritas\",\"addon_category\":\"Acompa\\u00f1amientos\",\"addon_qty\":\"3\",\"addon_price\":\"500\"}]','\"\"',1),(45,40,3,3,'Jalea de manzana','',6.0000,6.0000,'Grande',1,'','','\"\"',1),(46,41,3,8,'Sandwich de champiñones y mozzarella','Bien tostado',2.0000,2.0000,'15 cm',1,'','[{\"addon_name\":\"Papas fritas\",\"addon_category\":\"Acompa\\u00f1amientos\",\"addon_qty\":\"1\",\"addon_price\":\"1\"}]','[\"Queso gouda\"]',1),(47,42,3,8,'Sandwich de champiñones y mozzarella','Bien tostado',2.0000,2.0000,'15 cm',1,'','[{\"addon_name\":\"Papas fritas\",\"addon_category\":\"Acompa\\u00f1amientos\",\"addon_qty\":\"1\",\"addon_price\":\"1\"}]','[\"Queso gouda\"]',1),(48,43,6,8,'Sandwich de champiñones y mozzarella','',3.5000,3.5000,'30 cm',2,'','[{\"addon_name\":\"Papas fritas\",\"addon_category\":\"Acompa\\u00f1amientos\",\"addon_qty\":\"1\",\"addon_price\":\"1\"}]','[\"Queso gouda\",\"Cebolla\",\"Tomate\",\"Lechuga\"]',1),(49,44,3,3,'Jalea de manzana','asjasdj',9.0000,9.0000,'Regular',1,'','[{\"addon_name\":\"Tostadas de pan tradicional\",\"addon_category\":\"Acompa\\u00f1amientos:\",\"addon_qty\":\"1\",\"addon_price\":\"1\"}]','\"\"',1),(50,45,1,3,'Jalea de manzana','',6.0000,6.0000,'Grande',2,'','','\"\"',1),(51,46,1,3,'Jalea de manzana','',6.0000,6.0000,'Grande',2,'','','\"\"',1),(52,47,1,3,'Jalea de manzana','',6.0000,6.0000,'Grande',2,'','','\"\"',1),(53,48,1,8,'Sandwich de champiñones y mozzarella','',2.0000,2.0000,'15 cm',1,'','[{\"addon_name\":\"Papas fritas\",\"addon_category\":\"Acompa\\u00f1amientos\",\"addon_qty\":\"1\",\"addon_price\":\"1\"}]','\"\"',1),(54,49,1,8,'Sandwich de champiñones y mozzarella','',2.0000,2.0000,'15 cm',1,'','[{\"addon_name\":\"Papas fritas\",\"addon_category\":\"Acompa\\u00f1amientos\",\"addon_qty\":\"1\",\"addon_price\":\"1\"}]','\"\"',1),(55,50,1,8,'Sandwich de champiñones y mozzarella','',2.0000,2.0000,'15 cm',1,'','[{\"addon_name\":\"Papas fritas\",\"addon_category\":\"Acompa\\u00f1amientos\",\"addon_qty\":\"1\",\"addon_price\":\"1\"}]','\"\"',1),(56,51,1,8,'Sandwich de champiñones y mozzarella','',2.0000,2.0000,'15 cm',1,'','[{\"addon_name\":\"Papas fritas\",\"addon_category\":\"Acompa\\u00f1amientos\",\"addon_qty\":\"1\",\"addon_price\":\"1\"}]','\"\"',1),(57,52,1,8,'Sandwich de champiñones y mozzarella','',2.0000,2.0000,'15 cm',1,'','[{\"addon_name\":\"Papas fritas\",\"addon_category\":\"Acompa\\u00f1amientos\",\"addon_qty\":\"1\",\"addon_price\":\"1\"}]','\"\"',1),(58,53,1,8,'Sandwich de champiñones y mozzarella','',2.0000,2.0000,'15 cm',1,'','[{\"addon_name\":\"Papas fritas\",\"addon_category\":\"Acompa\\u00f1amientos\",\"addon_qty\":\"1\",\"addon_price\":\"1\"}]','\"\"',1),(59,54,3,3,'Jalea de manzana','',6.0000,6.0000,'Grande',1,'','\"\"','\"\"',1),(60,55,3,3,'Jalea de manzana','',6.0000,6.0000,'Grande',1,'','\"\"','\"\"',1),(61,56,1,8,'Sandwich de champiñones y mozzarella','',2.0000,2.0000,'15 cm',2,'','[{\"addon_name\":\"Ensalada de repollo\",\"addon_category\":\"Acompa\\u00f1amientos\",\"addon_qty\":\"4\",\"addon_price\":\"1\"}]','[\"Cebolla\"]',1),(62,57,1,8,'Sandwich de champiñones y mozzarella','',2.0000,2.0000,'15 cm',4,'','[{\"addon_name\":\"Ensalada de repollo\",\"addon_category\":\"Acompa\\u00f1amientos\",\"addon_qty\":\"1\",\"addon_price\":\"1\"}]','[\"Tomate\"]',1),(63,58,1,8,'Sandwich de champiñones y mozzarella','',2.0000,2.0000,'15 cm',4,'','[{\"addon_name\":\"Ensalada de repollo\",\"addon_category\":\"Acompa\\u00f1amientos\",\"addon_qty\":\"1\",\"addon_price\":\"1\"}]','[\"Tomate\"]',1),(64,59,1,3,'Jalea de manzana','',6.0000,6.0000,'Grande',1,'','','\"\"',1),(65,60,1,3,'Jalea de manzana','',6.0000,6.0000,'Grande',1,'','','\"\"',1),(66,61,3,8,'Sandwich de champiñones y mozzarella','',2.0000,2.0000,'15 cm',1,'','[{\"addon_name\":\"Papas fritas\",\"addon_category\":\"Acompa\\u00f1amientos\",\"addon_qty\":\"1\",\"addon_price\":\"1\"}]','[\"Cebolla\"]',1),(67,62,1,3,'Jalea de manzana','',6.0000,6.0000,'Grande',2,'','\"\"','\"\"',1),(68,63,1,8,'Sandwich de champiñones y mozzarella','',2.0000,2.0000,'15 cm',2,'','[{\"addon_name\":\"Ensalada de repollo\",\"addon_category\":\"Acompa\\u00f1amientos\",\"addon_qty\":\"1\",\"addon_price\":\"1\"}]','[\"Tomate\"]',1),(69,64,7,4,'Jalea de mora','',5.0000,5.0000,'Regular',1,'','\"\"','\"\"',1),(70,65,1,9,'Sandwich Club','',3.0000,3.0000,'15 cm',3,'','[{\"addon_name\":\"Ensalada de repollo\",\"addon_category\":\"Acompa\\u00f1amientos\",\"addon_qty\":\"1\",\"addon_price\":\"1\"}]','\"\"',1),(71,66,1,9,'Sandwich Club','',3.0000,3.0000,'15 cm',3,'','[{\"addon_name\":\"Ensalada de repollo\",\"addon_category\":\"Acompa\\u00f1amientos\",\"addon_qty\":\"1\",\"addon_price\":\"1\"}]','\"\"',1),(72,67,3,4,'Jalea de mora','',5.0000,5.0000,'Regular',1,'','\"\"','\"\"',1),(73,68,3,4,'Jalea de mora','',5.0000,5.0000,'Regular',1,'','\"\"','\"\"',1),(74,69,3,8,'Sandwich de champiñones y mozzarella','',2.0000,2.0000,'15 cm',1,'','[{\"addon_name\":\"Papas fritas\",\"addon_category\":\"Acompa\\u00f1amientos\",\"addon_qty\":\"1\",\"addon_price\":\"1\"}]','[\"Lechuga\"]',1),(75,70,3,9,'Sandwich Club','',3.0000,3.0000,'15 cm',1,'','[{\"addon_name\":\"Ensalada de repollo\",\"addon_category\":\"Acompa\\u00f1amientos\",\"addon_qty\":\"1\",\"addon_price\":\"1\"}]','[\"Lechuga\"]',1),(76,71,3,8,'Sandwich de champiñones y mozzarella','',2.0000,2.0000,'15 cm',1,'','[{\"addon_name\":\"Ensalada de repollo\",\"addon_category\":\"Adicionales\",\"addon_qty\":\"1\",\"addon_price\":\"1\"}]','[\"Queso gouda\",\"Cebolla\",\"Tomate\",\"Lechuga\"]',1),(77,72,3,8,'Sandwich de champiñones y mozzarella','',2.0000,2.0000,'15 cm',1,'','[{\"addon_name\":\"Ensalada de repollo\",\"addon_category\":\"Adicionales\",\"addon_qty\":\"1\",\"addon_price\":\"1\"}]','[\"Cebolla\",\"Tomate\",\"Lechuga\"]',1),(78,73,3,3,'Jalea de manzana','',6.0000,6.0000,'Grande',1,'','\"\"','\"\"',1),(79,74,9,3,'Jalea de manzana','',6.0000,6.0000,'Grande',1,'','\"\"','\"\"',1),(80,75,3,3,'Jalea de manzana','',9.0000,9.0000,'Regular',1,'','[{\"addon_name\":\"Tostadas de pan tradicional\",\"addon_category\":\"Acompa\\u00f1amientos:\",\"addon_qty\":\"1\",\"addon_price\":\"1\"}]','\"\"',1),(81,76,9,3,'Jalea de manzana','',6.0000,6.0000,'Grande',1,'','\"\"','\"\"',1),(82,77,9,10,'Pupusa Salvadoreña','Sin cebolla',4.0000,4.0000,'Mediano',2,'','','\"\"',1),(83,78,9,10,'Pupusa Salvadoreña','Sin cebolla',4.0000,4.0000,'Mediano',2,'','','\"\"',1),(84,79,12,10,'Pupusa Salvadoreña','',3.0000,3.0000,'Pequeño',1,'','\"\"','\"\"',1),(85,80,12,3,'Jalea de manzana','',6.0000,6.0000,'Grande',1,'','\"\"','\"\"',1),(86,81,13,3,'Jalea de manzana','',6.0000,6.0000,'Grande',1,'','\"\"','\"\"',1),(87,82,16,3,'Jalea de manzana','',6.0000,6.0000,'Grande',10,'','[{\"addon_name\":\"Tostadas de pan tradicional\",\"addon_category\":\"Acompa\\u00f1amientos:\",\"addon_qty\":\"10\",\"addon_price\":\"1\"}]','\"\"',1),(88,83,16,3,'Jalea de manzana','',6.0000,6.0000,'Grande',1,'','[{\"addon_name\":\"Tostadas de pan tradicional\",\"addon_category\":\"Acompa\\u00f1amientos:\",\"addon_qty\":\"1\",\"addon_price\":\"1\"}]','\"\"',1),(89,84,16,3,'Jalea de manzana','',6.0000,6.0000,'Grande',2,'','','\"\"',1),(90,84,16,3,'Jalea de manzana','',6.0000,6.0000,'Grande',1,'','[{\"addon_name\":\"Tostadas de pan tradicional\",\"addon_category\":\"Acompa\\u00f1amientos:\",\"addon_qty\":\"1\",\"addon_price\":\"1\"}]','\"\"',1),(91,85,16,3,'Jalea de manzana','',6.0000,6.0000,'Grande',1,'','[{\"addon_name\":\"Tostadas de pan tradicional\",\"addon_category\":\"Acompa\\u00f1amientos:\",\"addon_qty\":\"1\",\"addon_price\":\"1\"}]','\"\"',1),(92,86,16,8,'Sandwich de champiñones y mozzarella','',2.0000,2.0000,'15 cm',2,'','[{\"addon_name\":\"Papas fritas\",\"addon_category\":\"Adicionales\",\"addon_qty\":\"1\",\"addon_price\":\"1\"},{\"addon_name\":\"Ensalada Rusa\",\"addon_category\":\"Adicionales\",\"addon_qty\":\"1\",\"addon_price\":\"1.5\"}]','\"\"',1),(93,87,16,4,'Jalea de mora','',5.0000,5.0000,'Regular',1,'','\"\"','\"\"',1),(94,88,16,3,'Jalea de manzana','',6.0000,6.0000,'Grande',1,'','\"\"','\"\"',1),(95,89,16,3,'Jalea de manzana','',6.0000,6.0000,'Grande',1,'','\"\"','\"\"',1),(96,89,16,4,'Jalea de mora','',5.0000,5.0000,'Regular',1,'','\"\"','\"\"',1),(97,90,16,4,'Jalea de mora','',5.0000,5.0000,'Regular',1,'','\"\"','\"\"',1),(98,91,16,4,'Jalea de mora','',5.0000,5.0000,'Regular',1,'','\"\"','\"\"',1),(99,92,16,4,'Jalea de mora','',5.0000,5.0000,'Regular',1,'','\"\"','\"\"',1),(100,93,16,3,'Jalea de manzana','',6.0000,6.0000,'Grande',1,'','\"\"','\"\"',1),(101,94,16,3,'Jalea de manzana','',6.0000,6.0000,'Grande',1,'','\"\"','\"\"',1),(102,94,16,4,'Jalea de mora','',5.0000,5.0000,'Regular',1,'','\"\"','\"\"',1);
/*!40000 ALTER TABLE `ka_order_details` ENABLE KEYS */;
UNLOCK TABLES;

--
-- Table structure for table `ka_order_history`
--

DROP TABLE IF EXISTS `ka_order_history`;
/*!40101 SET @saved_cs_client     = @@character_set_client */;
/*!40101 SET character_set_client = utf8 */;
CREATE TABLE `ka_order_history` (
  `id` int(14) NOT NULL AUTO_INCREMENT,
  `order_id` int(14) DEFAULT NULL,
  `status` varchar(255) DEFAULT NULL,
  `remarks` text,
  `date_created` datetime DEFAULT NULL,
  `ip_address` varchar(50) DEFAULT NULL,
  `task_id` int(14) DEFAULT NULL,
  `reason` text,
  `customer_signature` varchar(255) DEFAULT NULL,
  `notification_viewed` int(1) NOT NULL DEFAULT '2',
  `driver_id` int(14) DEFAULT NULL,
  `driver_location_lat` varchar(50) DEFAULT NULL,
  `driver_location_lng` varchar(50) DEFAULT NULL,
  `remarks2` varchar(255) DEFAULT NULL,
  `remarks_args` varchar(255) DEFAULT NULL,
  PRIMARY KEY (`id`),
  KEY `order_id` (`order_id`)
) ENGINE=InnoDB AUTO_INCREMENT=181 DEFAULT CHARSET=utf8;
/*!40101 SET character_set_client = @saved_cs_client */;

--
-- Dumping data for table `ka_order_history`
--

LOCK TABLES `ka_order_history` WRITE;
/*!40000 ALTER TABLE `ka_order_history` DISABLE KEYS */;
INSERT INTO `ka_order_history` VALUES (1,5,'accepted','Gracias por tu pedido, estamos felices de trabajar para vos','2016-11-17 01:02:06','186.64.150.120',0,'','',2,0,'','','',''),(7,5,'paid','','2016-11-17 11:51:12','186.64.150.120',0,'','',2,0,'','','',''),(8,12,'initial_order','','2016-11-19 23:36:49','186.64.150.120',0,'','',2,0,'','','',''),(9,13,'pending','','2016-11-19 23:39:05','186.64.150.120',0,'','',2,0,'','','',''),(10,15,'accepted','Gracias!! Super tuanis','2016-12-01 00:07:40','186.15.209.214',0,'','',2,0,'','','',''),(11,15,'Aceptado','','2016-12-01 00:10:41','186.15.209.214',0,'','',2,0,'','','',''),(12,15,'1. Pendiente','','2016-12-01 00:13:08','186.15.209.214',0,'','',2,0,'','','',''),(13,15,'Pagado','','2016-12-01 19:20:01','186.64.150.120',0,'','',2,0,'','','',''),(14,13,'Pagado','','2016-12-01 19:23:31','186.64.150.120',0,'','',2,0,'','','',''),(15,15,'Entregado','','2016-12-01 19:24:27','186.64.150.120',0,'','',2,0,'','','',''),(16,13,'Entregado','','2016-12-01 19:24:32','186.64.150.120',0,'','',2,0,'','','',''),(17,16,'initial_order','','2016-12-05 06:36:26','186.64.150.120',0,'','',2,0,'','','',''),(18,17,'initial_order','','2016-12-05 06:37:31','186.64.150.120',0,'','',2,0,'','','',''),(19,18,'initial_order','','2016-12-05 06:42:50','186.64.150.120',0,'','',2,0,'','','',''),(20,19,'initial_order','','2016-12-05 06:52:49','186.64.150.120',0,'','',2,0,'','','',''),(21,19,'paid','','2016-12-05 06:53:53','186.64.150.120',0,'','',2,0,'','','',''),(22,19,'En preparación Artesano de la Comida','Estamos trabajando en tu deliciosa comida.','2016-12-05 07:00:44','186.64.150.120',0,'','',2,0,'','','',''),(23,20,'En preparación Artesano de la Comida','','2016-12-05 07:22:48','186.64.150.120',0,'','',2,0,'','','',''),(24,21,'En preparación Artesano de la Comida','','2016-12-05 07:24:32','186.64.150.120',0,'','',2,0,'','','',''),(25,21,'paid','','2016-12-05 07:24:59','186.64.150.120',0,'','',2,0,'','','',''),(26,22,'initial_order','','2016-12-05 07:33:30','186.64.150.120',0,'','',2,0,'','','',''),(27,21,'En preparación Artesano de la Comida','','2016-12-05 07:36:38','186.64.150.120',0,'','',2,0,'','','',''),(28,21,'Esperando aprobación Artesano de la Comida','1','2016-12-05 08:12:44','186.64.150.120',0,'','',2,0,'','','',''),(29,21,'Cancelado Artesano de la Comida','','2016-12-05 08:13:16','186.64.150.120',0,'','',2,0,'','','',''),(30,21,'Entregado','','2016-12-05 08:13:31','186.64.150.120',0,'','',2,0,'','','',''),(31,21,'Cancelado por Express','','2016-12-05 08:13:40','186.64.150.120',0,'','',2,0,'','','',''),(32,21,'En preparación Artesano de la Comida','','2016-12-05 08:13:49','186.64.150.120',0,'','',2,0,'','','',''),(33,21,'Esperando aprobación de Express','','2016-12-05 08:13:55','186.64.150.120',0,'','',2,0,'','','',''),(34,21,'Pagado','','2016-12-05 08:15:12','186.64.150.120',0,'','',2,0,'','','',''),(35,21,'Esperando aprobación Artesano de la Comida','','2016-12-05 08:15:21','186.64.150.120',0,'','',2,0,'','','',''),(36,21,'Cancelado Artesano de la Comida','','2016-12-05 08:15:27','186.64.150.120',0,'','',2,0,'','','',''),(37,23,'initial_order','','2016-12-05 08:49:41','186.64.150.120',0,'','',2,0,'','','',''),(38,23,'paid','','2016-12-05 08:49:59','186.64.150.120',0,'','',2,0,'','','',''),(39,23,'received','','2016-12-05 08:50:58','186.64.150.120',0,'','',2,0,'','','',''),(40,24,'initial_order','','2016-12-05 08:57:56','186.64.150.120',0,'','',2,0,'','','',''),(41,24,'paid','','2016-12-05 08:58:15','186.64.150.120',0,'','',2,0,'','','',''),(42,24,'received','','2016-12-05 08:58:30','186.64.150.120',0,'','',2,0,'','','',''),(43,24,'De camino Express','','2016-12-05 09:00:39','186.64.150.120',0,'','',2,0,'','','',''),(44,25,'initial_order','','2016-12-05 09:05:08','186.64.150.120',0,'','',2,0,'','','',''),(45,25,'paid','','2016-12-05 09:05:25','186.64.150.120',0,'','',2,0,'','','',''),(46,25,'received','','2016-12-05 09:07:01','186.64.150.120',0,'','',2,0,'','','',''),(47,25,'Esperando aprobación de Express','Vamos a ver si nos ayudan en el express','2016-12-05 09:08:24','186.64.150.120',0,'','',2,0,'','','',''),(48,25,'Esperando aprobación Artesano de la Comida','','2016-12-05 09:09:08','186.64.150.120',0,'','',2,0,'','','',''),(49,25,'Esperando aprobación de Express','','2016-12-05 09:09:15','186.64.150.120',0,'','',2,0,'','','',''),(55,25,'Pagado','','2016-12-05 11:36:35','186.176.135.203',0,'','',2,0,'','','',''),(56,25,'Paid','','2016-12-05 11:40:58','186.176.135.203',0,'','',2,0,'','','',''),(57,20,'Paid','','2016-12-05 12:25:11','186.176.135.203',0,'','',2,0,'','','',''),(58,29,'initial_order','','2016-12-05 14:38:24','186.176.135.203',0,'','',2,0,'','','',''),(59,29,'paid','','2016-12-05 14:39:21','186.176.135.203',0,'','',2,0,'','','',''),(60,29,'received','','2016-12-05 14:40:28','186.176.135.203',0,'','',2,0,'','','',''),(61,29,'En preparación Artesano de la Comida','','2016-12-05 14:41:51','186.176.135.203',0,'','',2,0,'','','',''),(62,29,'Esperando aprobación de Express','','2016-12-05 14:42:09','186.176.135.203',0,'','',2,0,'','','',''),(68,29,'Paid','','2016-12-05 14:50:28','186.176.135.203',0,'','',2,0,'','','',''),(69,30,'initial_order','','2016-12-05 15:00:34','186.176.135.203',0,'','',2,0,'','','',''),(70,30,'paid','','2016-12-05 15:01:27','186.176.135.203',0,'','',2,0,'','','',''),(71,30,'received','','2016-12-05 15:02:33','186.176.135.203',0,'','',2,0,'','','',''),(72,31,'initial_order','','2016-12-06 11:26:13','186.176.135.203',0,'','',2,0,'','','',''),(73,38,'initial_order','','2016-12-10 13:38:30','146.185.149.131',0,'','',2,0,'','','',''),(74,39,'initial_order','','2016-12-10 13:43:43','146.185.149.131',0,'','',2,0,'','','',''),(75,15,'Paid','','2016-12-13 13:07:35','186.64.150.120',0,'','',2,0,'','','',''),(76,13,'Paid','','2016-12-13 13:07:40','186.64.150.120',0,'','',2,0,'','','',''),(80,15,'Cancelado Artesano de la Comida','','2016-12-13 13:14:22','186.64.150.120',0,'','',2,0,'','','',''),(81,41,'initial_order','','2016-12-13 15:05:18','186.15.209.214',0,'','',2,0,'','','',''),(82,41,'paid','','2016-12-13 15:06:53','186.15.209.214',0,'','',2,0,'','','',''),(83,41,'received','','2016-12-13 15:19:14','186.64.150.120',0,'','',2,0,'','','',''),(84,41,'En preparación Artesano de la Comida','','2016-12-13 15:19:59','186.64.150.120',0,'','',2,0,'','','',''),(85,41,'Esperando aprobación de Express','Listo para que lo recojan porfa.','2016-12-13 15:24:21','186.64.150.120',0,'','',2,0,'','','',''),(88,42,'initial_order','','2016-12-13 16:25:05','186.15.209.214',0,'','',2,0,'','','',''),(89,42,'paid','','2016-12-13 16:25:19','186.15.209.214',0,'','',2,0,'','','',''),(90,42,'received','','2016-12-13 16:29:21','186.64.150.120',0,'','',2,0,'','','',''),(91,42,'En preparación Artesano de la Comida','','2016-12-13 16:29:44','186.64.150.120',0,'','',2,0,'','','',''),(92,42,'Esperando aprobación de Express','','2016-12-13 16:29:50','186.64.150.120',0,'','',2,0,'','','',''),(93,42,'acknowledged','Test driver accepted the task','2016-12-13 16:39:05','186.15.209.214',100008,'','',1,1,'9.9053653','-84.0278537','{driver_name} accepted the task','{\"{driver_name}\":\"Test driver\"}'),(94,42,'started','Test driver started this task','2016-12-13 17:08:40','186.15.209.214',100008,'','',1,1,'9.9053653','-84.0278537','{driver_name} started this task','{\"{driver_name}\":\"Test driver\"}'),(95,42,'inprogress','Test driver reached the destination','2016-12-13 17:10:12','186.15.209.214',100008,'','',1,1,'9.9053653','-84.0278537','{driver_name} reached the destination','{\"{driver_name}\":\"Test driver\"}'),(96,42,'successful','Test driver Completed the task successfully','2016-12-13 17:11:39','186.15.209.214',100008,'','',1,1,'9.9053653','-84.0278537','{driver_name} Completed the task successfully','{\"{driver_name}\":\"Test driver\"}'),(97,42,'Paid','Finalizado y entregado','2016-12-13 17:13:38','186.64.150.120',0,'','',2,0,'','','',''),(98,43,'initial_order','','2016-12-14 18:49:31','201.194.87.49',0,'','',2,0,'','','',''),(99,43,'paid','','2016-12-14 18:51:31','201.194.87.49',0,'','',2,0,'','','',''),(100,43,'received','','2016-12-14 18:53:55','201.194.87.49',0,'','',2,0,'','','',''),(101,43,'En preparación Artesano de la Comida','','2016-12-14 19:07:28','201.194.87.49',0,'','',2,0,'','','',''),(102,43,'Esperando aprobación de Express','','2016-12-14 19:13:32','201.194.87.49',0,'','',2,0,'','','',''),(103,43,'acknowledged','Test driver accepted the task','2016-12-14 19:17:28','201.194.87.49',100009,'','',1,1,'9.9800625','-84.0797046','{driver_name} accepted the task','{\"{driver_name}\":\"Test driver\"}'),(104,43,'started','Test driver started this task','2016-12-14 19:17:31','201.194.87.49',100009,'','',1,1,'9.9851116','-84.0799694','{driver_name} started this task','{\"{driver_name}\":\"Test driver\"}'),(105,43,'inprogress','Test driver reached the destination','2016-12-14 19:17:59','201.194.87.49',100009,'','',1,1,'9.9792989','-84.08034','{driver_name} reached the destination','{\"{driver_name}\":\"Test driver\"}'),(106,43,'successful','Test driver Completed the task successfully','2016-12-14 19:22:26','201.194.87.49',100009,'','',1,1,'9.979439','-84.0797787','{driver_name} Completed the task successfully','{\"{driver_name}\":\"Test driver\"}'),(107,43,'Paid','','2016-12-14 19:33:24','201.194.87.49',0,'','',2,0,'','','',''),(108,49,'initial_order',NULL,'2017-01-12 12:03:19','192.80.138.18',NULL,NULL,NULL,2,NULL,NULL,NULL,NULL,NULL),(109,50,'initial_order',NULL,'2017-01-12 12:05:32','192.80.138.18',NULL,NULL,NULL,2,NULL,NULL,NULL,NULL,NULL),(110,51,'initial_order',NULL,'2017-01-12 12:05:59','192.80.138.18',NULL,NULL,NULL,2,NULL,NULL,NULL,NULL,NULL),(111,52,'initial_order',NULL,'2017-01-12 12:06:05','192.80.138.18',NULL,NULL,NULL,2,NULL,NULL,NULL,NULL,NULL),(112,53,'initial_order',NULL,'2017-01-12 12:06:16','192.80.138.18',NULL,NULL,NULL,2,NULL,NULL,NULL,NULL,NULL),(113,54,'initial_order',NULL,'2017-01-12 12:08:02','186.176.135.203',NULL,NULL,NULL,2,NULL,NULL,NULL,NULL,NULL),(114,54,'paid',NULL,'2017-01-12 12:09:13','186.176.135.203',NULL,NULL,NULL,2,NULL,NULL,NULL,NULL,NULL),(115,55,'initial_order',NULL,'2017-01-12 12:11:05','186.176.135.203',NULL,NULL,NULL,2,NULL,NULL,NULL,NULL,NULL),(116,55,'paid',NULL,'2017-01-12 12:11:14','186.176.135.203',NULL,NULL,NULL,2,NULL,NULL,NULL,NULL,NULL),(117,56,'initial_order',NULL,'2017-01-12 12:15:17','192.80.138.18',NULL,NULL,NULL,2,NULL,NULL,NULL,NULL,NULL),(118,57,'initial_order',NULL,'2017-01-12 14:18:54','45.55.31.240',NULL,NULL,NULL,2,NULL,NULL,NULL,NULL,NULL),(119,58,'initial_order',NULL,'2017-01-12 14:21:46','45.55.31.240',NULL,NULL,NULL,2,NULL,NULL,NULL,NULL,NULL),(120,61,'initial_order',NULL,'2017-01-13 11:17:22','186.176.135.203',NULL,NULL,NULL,2,NULL,NULL,NULL,NULL,NULL),(121,61,'paid',NULL,'2017-01-13 11:18:21','186.176.135.203',NULL,NULL,NULL,2,NULL,NULL,NULL,NULL,NULL),(122,61,'Cancelado Artesano de la Comida','','2017-01-13 11:32:27','186.176.135.203',NULL,NULL,NULL,2,NULL,NULL,NULL,NULL,NULL),(123,62,'initial_order',NULL,'2017-01-14 15:51:47','95.85.4.45',NULL,NULL,NULL,2,NULL,NULL,NULL,NULL,NULL),(124,63,'initial_order',NULL,'2017-01-15 13:11:05','95.85.4.45',NULL,NULL,NULL,2,NULL,NULL,NULL,NULL,NULL),(125,64,'initial_order',NULL,'2017-01-15 13:15:00','201.191.198.178',NULL,NULL,NULL,2,NULL,NULL,NULL,NULL,NULL),(126,64,'paid',NULL,'2017-01-15 13:16:26','201.191.198.178',NULL,NULL,NULL,2,NULL,NULL,NULL,NULL,NULL),(127,65,'initial_order',NULL,'2017-01-17 11:26:11','138.197.201.153',NULL,NULL,NULL,2,NULL,NULL,NULL,NULL,NULL),(128,66,'initial_order',NULL,'2017-01-17 11:27:43','138.197.201.153',NULL,NULL,NULL,2,NULL,NULL,NULL,NULL,NULL),(129,61,'En preparación Artesano de la Comida','','2017-01-17 19:32:12','186.64.149.93',NULL,NULL,NULL,2,NULL,NULL,NULL,NULL,NULL),(130,61,'Esperando aprobación de Express','','2017-01-17 20:19:36','186.64.149.93',NULL,NULL,NULL,2,NULL,NULL,NULL,NULL,NULL),(131,67,'initial_order',NULL,'2017-01-17 20:28:34','186.64.149.93',NULL,NULL,NULL,2,NULL,NULL,NULL,NULL,NULL),(132,68,'initial_order',NULL,'2017-01-17 20:29:25','186.64.149.93',NULL,NULL,NULL,2,NULL,NULL,NULL,NULL,NULL),(133,69,'initial_order',NULL,'2017-01-17 20:31:06','186.64.149.93',NULL,NULL,NULL,2,NULL,NULL,NULL,NULL,NULL),(134,69,'paid',NULL,'2017-01-17 20:34:25','186.64.149.93',NULL,NULL,NULL,2,NULL,NULL,NULL,NULL,NULL),(135,69,'En preparación Artesano de la Comida','','2017-01-17 20:43:01','186.64.149.93',NULL,NULL,NULL,2,NULL,NULL,NULL,NULL,NULL),(136,69,'Esperando aprobación de Express','','2017-01-17 20:44:20','186.64.149.93',NULL,NULL,NULL,2,NULL,NULL,NULL,NULL,NULL),(137,69,'Paid','','2017-01-17 20:49:26','186.64.149.93',NULL,NULL,NULL,2,NULL,NULL,NULL,NULL,NULL),(138,69,'En preparación Artesano de la Comida','','2017-01-17 20:49:43','186.64.149.93',NULL,NULL,NULL,2,NULL,NULL,NULL,NULL,NULL),(139,69,'Cancelado por Express','','2017-01-17 20:52:18','186.64.149.93',NULL,NULL,NULL,2,NULL,NULL,NULL,NULL,NULL),(140,69,'En preparación Artesano de la Comida','','2017-01-17 20:52:28','186.64.149.93',NULL,NULL,NULL,2,NULL,NULL,NULL,NULL,NULL),(141,69,'Esperando aprobación de Express','','2017-01-17 20:57:15','186.64.149.93',NULL,NULL,NULL,2,NULL,NULL,NULL,NULL,NULL),(142,69,'En preparación Artesano de la Comida','','2017-01-17 21:00:34','186.64.149.93',NULL,NULL,NULL,2,NULL,NULL,NULL,NULL,NULL),(143,71,'initial_order',NULL,'2017-01-18 20:12:24','186.64.149.93',NULL,NULL,NULL,2,NULL,NULL,NULL,NULL,NULL),(144,72,'initial_order',NULL,'2017-01-18 22:45:26','186.64.149.93',NULL,NULL,NULL,2,NULL,NULL,NULL,NULL,NULL),(145,72,'paid',NULL,'2017-01-18 22:45:36','186.64.149.93',NULL,NULL,NULL,2,NULL,NULL,NULL,NULL,NULL),(146,72,'received','','2017-01-18 22:46:10','186.64.149.93',NULL,NULL,NULL,2,NULL,NULL,NULL,NULL,NULL),(147,72,'En preparación Artesano de la Comida','','2017-01-18 00:00:00','186.64.149.93',NULL,NULL,NULL,2,NULL,NULL,NULL,NULL,NULL),(148,72,'Esperando aprobación de Express','','2017-01-18 00:00:00','186.64.149.93',NULL,NULL,NULL,2,NULL,NULL,NULL,NULL,NULL),(149,70,'En preparación Artesano de la Comida','','2017-01-19 00:00:00','186.64.149.93',NULL,NULL,NULL,2,NULL,NULL,NULL,NULL,NULL),(150,70,'Esperando aprobación de Express','','2017-01-19 00:00:00','186.64.149.93',NULL,NULL,NULL,2,NULL,NULL,NULL,NULL,NULL),(151,72,'assigned','Status updated from assigned to assigned','2017-01-19 00:09:04','186.64.149.93',100012,NULL,NULL,2,NULL,NULL,NULL,'Status updated from {from} to {to}','{\"{from}\":\"assigned\",\"{to}\":\"assigned\"}'),(152,72,'acknowledged','Andrés Martín accepted the task','2017-01-19 00:09:25','186.64.149.93',100012,NULL,NULL,1,3,'9.9055443','-84.0276662','{driver_name} accepted the task','{\"{driver_name}\":\"Andr\\u00e9s Mart\\u00edn\"}'),(153,72,'started','Andrés Martín started this task','2017-01-19 00:09:28','186.64.149.93',100012,NULL,NULL,1,3,'9.9055443','-84.0276662','{driver_name} started this task','{\"{driver_name}\":\"Andr\\u00e9s Mart\\u00edn\"}'),(154,72,'inprogress','Andrés Martín reached the destination','2017-01-19 00:09:31','186.64.149.93',100012,NULL,NULL,1,3,'9.9055443','-84.0276662','{driver_name} reached the destination','{\"{driver_name}\":\"Andr\\u00e9s Mart\\u00edn\"}'),(155,72,'successful','Andrés Martín Completed the task successfully','2017-01-19 00:09:58','186.64.149.93',100012,NULL,NULL,1,3,'9.9053653','-84.0278537','{driver_name} Completed the task successfully','{\"{driver_name}\":\"Andr\\u00e9s Mart\\u00edn\"}'),(156,73,'initial_order',NULL,'2017-01-24 18:13:51','186.176.135.203',NULL,NULL,NULL,2,NULL,NULL,NULL,NULL,NULL),(157,74,'initial_order',NULL,'2017-02-01 13:28:41','181.194.145.92',NULL,NULL,NULL,2,NULL,NULL,NULL,NULL,NULL),(158,75,'initial_order',NULL,'2017-02-01 21:36:23','186.26.115.169',NULL,NULL,NULL,2,NULL,NULL,NULL,NULL,NULL),(159,76,'initial_order',NULL,'2017-02-02 14:57:44','201.191.195.81',NULL,NULL,NULL,2,NULL,NULL,NULL,NULL,NULL),(160,76,'paid',NULL,'2017-02-02 14:58:39','201.191.195.81',NULL,NULL,NULL,2,NULL,NULL,NULL,NULL,NULL),(161,72,'Cancelado Artesano de la Comida','','2017-02-02 00:00:00','186.26.120.30',NULL,NULL,NULL,2,NULL,NULL,NULL,NULL,NULL),(162,79,'initial_order',NULL,'2017-02-05 09:02:13','201.194.87.49',NULL,NULL,NULL,2,NULL,NULL,NULL,NULL,NULL),(163,79,'paid',NULL,'2017-02-05 09:04:25','201.194.87.49',NULL,NULL,NULL,2,NULL,NULL,NULL,NULL,NULL),(164,80,'initial_order',NULL,'2017-02-05 10:43:40','201.194.87.49',NULL,NULL,NULL,2,NULL,NULL,NULL,NULL,NULL),(165,80,'paid',NULL,'2017-02-05 10:43:53','201.194.87.49',NULL,NULL,NULL,2,NULL,NULL,NULL,NULL,NULL),(166,81,'initial_order',NULL,'2017-02-05 11:00:18','201.194.87.49',NULL,NULL,NULL,2,NULL,NULL,NULL,NULL,NULL),(167,81,'paid',NULL,'2017-02-05 11:03:21','201.194.87.49',NULL,NULL,NULL,2,NULL,NULL,NULL,NULL,NULL),(168,72,'En preparación Artesano de la Comida','','2017-02-21 00:00:00','186.176.135.203',NULL,NULL,NULL,2,NULL,NULL,NULL,NULL,NULL),(169,87,'initial_order',NULL,'2017-03-03 06:13:48','116.72.12.193',NULL,NULL,NULL,2,NULL,NULL,NULL,NULL,NULL),(170,88,'initial_order',NULL,'2017-03-03 06:24:47','116.72.12.193',NULL,NULL,NULL,2,NULL,NULL,NULL,NULL,NULL),(171,89,'initial_order',NULL,'2017-03-04 00:37:29','116.74.126.8',NULL,NULL,NULL,2,NULL,NULL,NULL,NULL,NULL),(172,90,'initial_order',NULL,'2017-03-04 00:56:20','116.74.126.8',NULL,NULL,NULL,2,NULL,NULL,NULL,NULL,NULL),(173,90,'paid',NULL,'2017-03-04 00:58:22','116.74.126.8',NULL,NULL,NULL,2,NULL,NULL,NULL,NULL,NULL),(174,91,'initial_order',NULL,'2017-03-04 01:09:00','116.74.126.8',NULL,NULL,NULL,2,NULL,NULL,NULL,NULL,NULL),(175,91,'paid',NULL,'2017-03-04 01:09:27','116.74.126.8',NULL,NULL,NULL,2,NULL,NULL,NULL,NULL,NULL),(176,92,'initial_order',NULL,'2017-03-04 01:17:32','116.74.126.8',NULL,NULL,NULL,2,NULL,NULL,NULL,NULL,NULL),(177,92,'paid',NULL,'2017-03-04 01:17:59','116.74.126.8',NULL,NULL,NULL,2,NULL,NULL,NULL,NULL,NULL),(178,93,'initial_order',NULL,'2017-03-04 01:56:11','116.74.126.8',NULL,NULL,NULL,2,NULL,NULL,NULL,NULL,NULL),(179,93,'paid',NULL,'2017-03-04 01:56:50','116.74.126.8',NULL,NULL,NULL,2,NULL,NULL,NULL,NULL,NULL),(180,94,'initial_order',NULL,'2017-03-09 04:48:08','60.254.123.182',NULL,NULL,NULL,2,NULL,NULL,NULL,NULL,NULL);
/*!40000 ALTER TABLE `ka_order_history` ENABLE KEYS */;
UNLOCK TABLES;

--
-- Table structure for table `ka_order_sms`
--

DROP TABLE IF EXISTS `ka_order_sms`;
/*!40101 SET @saved_cs_client     = @@character_set_client */;
/*!40101 SET character_set_client = utf8 */;
CREATE TABLE `ka_order_sms` (
  `id` int(14) NOT NULL AUTO_INCREMENT,
  `mobile` varchar(50) DEFAULT NULL,
  `code` int(4) DEFAULT NULL,
  `session` varchar(255) DEFAULT NULL,
  `date_created` datetime DEFAULT NULL,
  `ip_address` varchar(50) DEFAULT NULL,
  PRIMARY KEY (`id`),
  KEY `session` (`session`),
  KEY `code` (`code`)
) ENGINE=InnoDB DEFAULT CHARSET=utf8;
/*!40101 SET character_set_client = @saved_cs_client */;

--
-- Dumping data for table `ka_order_sms`
--

LOCK TABLES `ka_order_sms` WRITE;
/*!40000 ALTER TABLE `ka_order_sms` DISABLE KEYS */;
/*!40000 ALTER TABLE `ka_order_sms` ENABLE KEYS */;
UNLOCK TABLES;

--
-- Table structure for table `ka_order_status`
--

DROP TABLE IF EXISTS `ka_order_status`;
/*!40101 SET @saved_cs_client     = @@character_set_client */;
/*!40101 SET character_set_client = utf8 */;
CREATE TABLE `ka_order_status` (
  `stats_id` int(14) NOT NULL AUTO_INCREMENT,
  `merchant_id` int(14) DEFAULT NULL,
  `description` varchar(200) DEFAULT NULL,
  `date_created` date DEFAULT NULL,
  `date_modified` date DEFAULT NULL,
  `ip_address` varchar(50) DEFAULT NULL,
  PRIMARY KEY (`stats_id`)
) ENGINE=InnoDB AUTO_INCREMENT=11 DEFAULT CHARSET=utf8;
/*!40101 SET character_set_client = @saved_cs_client */;

--
-- Dumping data for table `ka_order_status`
--

LOCK TABLES `ka_order_status` WRITE;
/*!40000 ALTER TABLE `ka_order_status` DISABLE KEYS */;
INSERT INTO `ka_order_status` VALUES (2,0,'Cancelado Artesano de la Comida','2016-11-02','2016-12-01','186.64.150.120'),(4,0,'Paid','2016-11-02','2016-12-05','186.176.135.203'),(5,0,'Cancelado por Express','2016-11-04','2016-12-01','186.64.150.120'),(6,0,'En preparación Artesano de la Comida','2016-11-04','2016-12-01','186.64.150.120'),(7,0,'Esperando aprobación de Express','2016-12-01','0000-00-00','186.64.150.120'),(8,0,'De camino Express','2016-12-01','0000-00-00','186.64.150.120'),(9,NULL,'decline','2017-01-18',NULL,'47.88.240.41'),(10,NULL,'accepted','2017-01-18',NULL,'47.88.240.41');
/*!40000 ALTER TABLE `ka_order_status` ENABLE KEYS */;
UNLOCK TABLES;

--
-- Table structure for table `ka_package_trans`
--

DROP TABLE IF EXISTS `ka_package_trans`;
/*!40101 SET @saved_cs_client     = @@character_set_client */;
/*!40101 SET character_set_client = utf8 */;
CREATE TABLE `ka_package_trans` (
  `id` int(14) NOT NULL AUTO_INCREMENT,
  `package_id` int(14) DEFAULT NULL,
  `merchant_id` int(14) DEFAULT NULL,
  `price` float(14,4) DEFAULT NULL,
  `payment_type` varchar(100) DEFAULT NULL,
  `mt_id` int(14) DEFAULT NULL,
  `TOKEN` varchar(255) DEFAULT NULL,
  `membership_expired` date DEFAULT NULL,
  `TRANSACTIONID` varchar(255) DEFAULT NULL,
  `TRANSACTIONTYPE` varchar(100) DEFAULT NULL,
  `PAYMENTSTATUS` varchar(100) DEFAULT NULL,
  `PAYPALFULLRESPONSE` text,
  `status` varchar(100) NOT NULL DEFAULT 'pending',
  `date_created` datetime DEFAULT NULL,
  `ip_address` varchar(50) DEFAULT NULL,
  `fee` float(14,4) DEFAULT NULL,
  PRIMARY KEY (`id`)
) ENGINE=InnoDB AUTO_INCREMENT=2 DEFAULT CHARSET=utf8;
/*!40101 SET character_set_client = @saved_cs_client */;

--
-- Dumping data for table `ka_package_trans`
--

LOCK TABLES `ka_package_trans` WRITE;
/*!40000 ALTER TABLE `ka_package_trans` DISABLE KEYS */;
INSERT INTO `ka_package_trans` VALUES (1,1,3,2.0000,'pyp',0,'EC-1JG38210TW3592206','2019-11-15','6KL450072J5247219','expresscheckout','Completed','{\"TOKEN\":\"EC-1JG38210TW3592206\",\"SUCCESSPAGEREDIRECTREQUESTED\":\"false\",\"TIMESTAMP\":\"2016-11-15T17:23:12Z\",\"CORRELATIONID\":\"a0e0a19e82fa1\",\"ACK\":\"Success\",\"VERSION\":\"61.0\",\"BUILD\":\"26966875\",\"TRANSACTIONID\":\"6KL450072J5247219\",\"TRANSACTIONTYPE\":\"expresscheckout\",\"PAYMENTTYPE\":\"instant\",\"ORDERTIME\":\"2016-11-15T17:23:11Z\",\"AMT\":\"2.00\",\"FEEAMT\":\"0.38\",\"TAXAMT\":\"0.00\",\"CURRENCYCODE\":\"USD\",\"PAYMENTSTATUS\":\"Completed\",\"PENDINGREASON\":\"None\",\"REASONCODE\":\"None\",\"PROTECTIONELIGIBILITY\":\"Ineligible\",\"INSURANCEOPTIONSELECTED\":\"false\",\"SHIPPINGOPTIONISDEFAULT\":\"false\"}','paid','2016-11-15 11:23:12','186.176.135.203',0.0000);
/*!40000 ALTER TABLE `ka_package_trans` ENABLE KEYS */;
UNLOCK TABLES;

--
-- Table structure for table `ka_packages`
--

DROP TABLE IF EXISTS `ka_packages`;
/*!40101 SET @saved_cs_client     = @@character_set_client */;
/*!40101 SET character_set_client = utf8 */;
CREATE TABLE `ka_packages` (
  `package_id` int(14) NOT NULL AUTO_INCREMENT,
  `title` varchar(255) DEFAULT NULL,
  `description` text,
  `price` float(14,4) DEFAULT NULL,
  `promo_price` float(14,4) DEFAULT NULL,
  `expiration` int(14) DEFAULT NULL,
  `expiration_type` varchar(50) NOT NULL DEFAULT 'days',
  `unlimited_post` int(1) NOT NULL DEFAULT '2',
  `post_limit` int(14) DEFAULT NULL,
  `sequence` int(14) DEFAULT NULL,
  `status` varchar(100) DEFAULT NULL,
  `date_created` datetime DEFAULT NULL,
  `date_modified` datetime DEFAULT NULL,
  `ip_address` varchar(50) DEFAULT NULL,
  `sell_limit` int(14) DEFAULT NULL,
  PRIMARY KEY (`package_id`)
) ENGINE=InnoDB AUTO_INCREMENT=2 DEFAULT CHARSET=utf8;
/*!40101 SET character_set_client = @saved_cs_client */;

--
-- Dumping data for table `ka_packages`
--

LOCK TABLES `ka_packages` WRITE;
/*!40000 ALTER TABLE `ka_packages` DISABLE KEYS */;
INSERT INTO `ka_packages` VALUES (1,'test package','test pkg description',500.0000,450.0000,100,'days',2,5,NULL,'publish','2017-02-17 00:00:00',NULL,'116.72.14.44',50);
/*!40000 ALTER TABLE `ka_packages` ENABLE KEYS */;
UNLOCK TABLES;

--
-- Table structure for table `ka_payment_order`
--

DROP TABLE IF EXISTS `ka_payment_order`;
/*!40101 SET @saved_cs_client     = @@character_set_client */;
/*!40101 SET character_set_client = utf8 */;
CREATE TABLE `ka_payment_order` (
  `id` int(14) NOT NULL AUTO_INCREMENT,
  `payment_type` varchar(10) CHARACTER SET utf8 DEFAULT NULL,
  `payment_reference` varchar(255) CHARACTER SET utf8 DEFAULT NULL,
  `order_id` int(14) DEFAULT NULL,
  `raw_response` text CHARACTER SET utf8,
  `date_created` datetime DEFAULT NULL,
  `ip_address` varchar(100) CHARACTER SET utf8 DEFAULT NULL,
  PRIMARY KEY (`id`)
) ENGINE=InnoDB AUTO_INCREMENT=25 DEFAULT CHARSET=latin1;
/*!40101 SET character_set_client = @saved_cs_client */;

--
-- Dumping data for table `ka_payment_order`
--

LOCK TABLES `ka_payment_order` WRITE;
/*!40000 ALTER TABLE `ka_payment_order` DISABLE KEYS */;
INSERT INTO `ka_payment_order` VALUES (1,'pyp','PAY-50M24632NF674554VLBCWGVY',19,'{    \"client\": {        \"environment\": \"sandbox\",        \"paypal_sdk_version\": \"2.14.6\",        \"platform\": \"Android\",        \"product_name\": \"PayPal-Android-SDK\"    },    \"response\": {        \"create_time\": \"2016-12-05T12:53:43Z\",        \"id\": \"PAY-50M24632NF674554VLBCWGVY\",        \"intent\": \"sale\",        \"state\": \"approved\"    },    \"response_type\": \"payment\"}','2016-12-05 06:53:53','186.64.150.120'),(2,'pyp','PAY-1WK68559EW508374VLBCWVIY',21,'{    \"client\": {        \"environment\": \"sandbox\",        \"paypal_sdk_version\": \"2.14.6\",        \"platform\": \"Android\",        \"product_name\": \"PayPal-Android-SDK\"    },    \"response\": {        \"create_time\": \"2016-12-05T13:24:51Z\",        \"id\": \"PAY-1WK68559EW508374VLBCWVIY\",        \"intent\": \"sale\",        \"state\": \"approved\"    },    \"response_type\": \"payment\"}','2016-12-05 07:24:59','186.64.150.120'),(3,'pyp','PAY-94V46557K6482471TLBCX5CY',23,'{    \"client\": {        \"environment\": \"sandbox\",        \"paypal_sdk_version\": \"2.14.6\",        \"platform\": \"Android\",        \"product_name\": \"PayPal-Android-SDK\"    },    \"response\": {        \"create_time\": \"2016-12-05T14:49:47Z\",        \"id\": \"PAY-94V46557K6482471TLBCX5CY\",        \"intent\": \"sale\",        \"state\": \"approved\"    },    \"response_type\": \"payment\"}','2016-12-05 08:49:59','186.64.150.120'),(4,'pyp','PAY-1T611857LB192942BLBCYA6Q',24,'{    \"client\": {        \"environment\": \"sandbox\",        \"paypal_sdk_version\": \"2.14.6\",        \"platform\": \"Android\",        \"product_name\": \"PayPal-Android-SDK\"    },    \"response\": {        \"create_time\": \"2016-12-05T14:58:02Z\",        \"id\": \"PAY-1T611857LB192942BLBCYA6Q\",        \"intent\": \"sale\",        \"state\": \"approved\"    },    \"response_type\": \"payment\"}','2016-12-05 08:58:15','186.64.150.120'),(5,'pyp','PAY-6KE24756N72888017LBCYELY',25,'{    \"client\": {        \"environment\": \"sandbox\",        \"paypal_sdk_version\": \"2.14.6\",        \"platform\": \"Android\",        \"product_name\": \"PayPal-Android-SDK\"    },    \"response\": {        \"create_time\": \"2016-12-05T15:05:19Z\",        \"id\": \"PAY-6KE24756N72888017LBCYELY\",        \"intent\": \"sale\",        \"state\": \"approved\"    },    \"response_type\": \"payment\"}','2016-12-05 09:05:25','186.64.150.120'),(6,'pyp','PAY-99P34104G7413303KLBC5A4I',29,'{    \"client\": {        \"environment\": \"sandbox\",        \"paypal_sdk_version\": \"2.14.6\",        \"platform\": \"Android\",        \"product_name\": \"PayPal-Android-SDK\"    },    \"response\": {        \"create_time\": \"2016-12-05T20:39:13Z\",        \"id\": \"PAY-99P34104G7413303KLBC5A4I\",        \"intent\": \"sale\",        \"state\": \"approved\"    },    \"response_type\": \"payment\"}','2016-12-05 14:39:21','186.176.135.203'),(7,'pyp','PAY-6G642638CX361541ULBC5LII',30,'{    \"client\": {        \"environment\": \"sandbox\",        \"paypal_sdk_version\": \"2.14.6\",        \"platform\": \"Android\",        \"product_name\": \"PayPal-Android-SDK\"    },    \"response\": {        \"create_time\": \"2016-12-05T21:01:21Z\",        \"id\": \"PAY-6G642638CX361541ULBC5LII\",        \"intent\": \"sale\",        \"state\": \"approved\"    },    \"response_type\": \"payment\"}','2016-12-05 15:01:27','186.176.135.203'),(8,'pyp','PAY-8JV38802A37552635LBIGFZY',41,'{    \"client\": {        \"environment\": \"sandbox\",        \"paypal_sdk_version\": \"2.14.6\",        \"platform\": \"Android\",        \"product_name\": \"PayPal-Android-SDK\"    },    \"response\": {        \"create_time\": \"2016-12-13T21:06:47Z\",        \"id\": \"PAY-8JV38802A37552635LBIGFZY\",        \"intent\": \"sale\",        \"state\": \"approved\"    },    \"response_type\": \"payment\"}','2016-12-13 15:06:53','186.15.209.214'),(9,'pyp','PAY-2B033112D2536622XLBIHKSI',42,'{    \"client\": {        \"environment\": \"sandbox\",        \"paypal_sdk_version\": \"2.14.6\",        \"platform\": \"Android\",        \"product_name\": \"PayPal-Android-SDK\"    },    \"response\": {        \"create_time\": \"2016-12-13T22:25:13Z\",        \"id\": \"PAY-2B033112D2536622XLBIHKSI\",        \"intent\": \"sale\",        \"state\": \"approved\"    },    \"response_type\": \"payment\"}','2016-12-13 16:25:19','186.15.209.214'),(10,'pyp','PAY-51P80177132993445LBI6SCA',43,'{    \"client\": {        \"environment\": \"sandbox\",        \"paypal_sdk_version\": \"2.14.6\",        \"platform\": \"Android\",        \"product_name\": \"PayPal-Android-SDK\"    },    \"response\": {        \"create_time\": \"2016-12-15T00:51:20Z\",        \"id\": \"PAY-51P80177132993445LBI6SCA\",        \"intent\": \"sale\",        \"state\": \"approved\"    },    \"response_type\": \"payment\"}','2016-12-14 18:51:31','201.194.87.49'),(11,'pyp','PAY-55U86915P46761545LB34MRA',54,'{    \"client\": {        \"environment\": \"sandbox\",        \"paypal_sdk_version\": \"2.14.6\",        \"platform\": \"Android\",        \"product_name\": \"PayPal-Android-SDK\"    },    \"response\": {        \"create_time\": \"2017-01-12T18:09:08Z\",        \"id\": \"PAY-55U86915P46761545LB34MRA\",        \"intent\": \"sale\",        \"state\": \"approved\"    },    \"response_type\": \"payment\"}','2017-01-12 12:09:13','186.176.135.203'),(12,'pyp','PAY-0T4148003G460193XLB34NPQ',55,'{    \"client\": {        \"environment\": \"sandbox\",        \"paypal_sdk_version\": \"2.14.6\",        \"platform\": \"Android\",        \"product_name\": \"PayPal-Android-SDK\"    },    \"response\": {        \"create_time\": \"2017-01-12T18:11:10Z\",        \"id\": \"PAY-0T4148003G460193XLB34NPQ\",        \"intent\": \"sale\",        \"state\": \"approved\"    },    \"response_type\": \"payment\"}','2017-01-12 12:11:14','186.176.135.203'),(13,'pyp','PAY-36W3230416205894GLB4QXWA',61,'{    \"client\": {        \"environment\": \"sandbox\",        \"paypal_sdk_version\": \"2.14.6\",        \"platform\": \"Android\",        \"product_name\": \"PayPal-Android-SDK\"    },    \"response\": {        \"create_time\": \"2017-01-13T17:18:16Z\",        \"id\": \"PAY-36W3230416205894GLB4QXWA\",        \"intent\": \"sale\",        \"state\": \"approved\"    },    \"response_type\": \"payment\"}','2017-01-13 11:18:21','186.176.135.203'),(14,'pyp','PAY-79M60231HN8531205LB54VAY',64,'{    \"client\": {        \"environment\": \"sandbox\",        \"paypal_sdk_version\": \"2.14.6\",        \"platform\": \"Android\",        \"product_name\": \"PayPal-Android-SDK\"    },    \"response\": {        \"create_time\": \"2017-01-15T19:16:19Z\",        \"id\": \"PAY-79M60231HN8531205LB54VAY\",        \"intent\": \"sale\",        \"state\": \"approved\"    },    \"response_type\": \"payment\"}','2017-01-15 13:16:26','201.191.198.178'),(15,'pyp','PAY-0JJ74340UC673862YLB7NIKY',69,'{    \"client\": {        \"environment\": \"sandbox\",        \"paypal_sdk_version\": \"2.14.6\",        \"platform\": \"Android\",        \"product_name\": \"PayPal-Android-SDK\"    },    \"response\": {        \"create_time\": \"2017-01-18T02:34:19Z\",        \"id\": \"PAY-0JJ74340UC673862YLB7NIKY\",        \"intent\": \"sale\",        \"state\": \"approved\"    },    \"response_type\": \"payment\"}','2017-01-17 20:34:25','186.64.149.93'),(16,'pyp','PAY-5B819390BM192810ELCAEI2Y',72,'{    \"client\": {        \"environment\": \"sandbox\",        \"paypal_sdk_version\": \"2.14.6\",        \"platform\": \"Android\",        \"product_name\": \"PayPal-Android-SDK\"    },    \"response\": {        \"create_time\": \"2017-01-19T04:45:31Z\",        \"id\": \"PAY-5B819390BM192810ELCAEI2Y\",        \"intent\": \"sale\",        \"state\": \"approved\"    },    \"response_type\": \"payment\"}','2017-01-18 22:45:36','186.64.149.93'),(17,'pyp','PAY-8XV13488RW034534WLCJZ26Q',76,'{    \"client\": {        \"environment\": \"sandbox\",        \"product_name\": \"PayPal iOS SDK\",        \"paypal_sdk_version\": \"2.15.1\",        \"platform\": \"iOS\"    },    \"response_type\": \"payment\",    \"response\": {        \"id\": \"PAY-8XV13488RW034534WLCJZ26Q\",        \"state\": \"approved\",        \"create_time\": \"2017-02-02T20:58:34Z\",        \"intent\": \"sale\"    }}','2017-02-02 14:58:39','201.191.195.81'),(18,'pyp','PAY-3DS26403V21411815LCLT54Y',79,'{    \"client\": {        \"environment\": \"sandbox\",        \"paypal_sdk_version\": \"2.14.6\",        \"platform\": \"Android\",        \"product_name\": \"PayPal-Android-SDK\"    },    \"response\": {        \"create_time\": \"2017-02-05T15:04:19Z\",        \"id\": \"PAY-3DS26403V21411815LCLT54Y\",        \"intent\": \"sale\",        \"state\": \"approved\"    },    \"response_type\": \"payment\"}','2017-02-05 09:04:25','201.194.87.49'),(19,'pyp','PAY-64952589BC366740TLCLVMRI',80,'{    \"client\": {        \"environment\": \"sandbox\",        \"paypal_sdk_version\": \"2.14.6\",        \"platform\": \"Android\",        \"product_name\": \"PayPal-Android-SDK\"    },    \"response\": {        \"create_time\": \"2017-02-05T16:43:49Z\",        \"id\": \"PAY-64952589BC366740TLCLVMRI\",        \"intent\": \"sale\",        \"state\": \"approved\"    },    \"response_type\": \"payment\"}','2017-02-05 10:43:53','201.194.87.49'),(20,'pyp','PAY-1PH59048TK3668706LCLVVUQ',81,'{    \"client\": {        \"environment\": \"sandbox\",        \"paypal_sdk_version\": \"2.14.6\",        \"platform\": \"Android\",        \"product_name\": \"PayPal-Android-SDK\"    },    \"response\": {        \"create_time\": \"2017-02-05T17:03:14Z\",        \"id\": \"PAY-1PH59048TK3668706LCLVVUQ\",        \"intent\": \"sale\",        \"state\": \"approved\"    },    \"response_type\": \"payment\"}','2017-02-05 11:03:21','201.194.87.49'),(21,'pyp','PAY-38V609416G2172708LC5GLAI',90,'{    \"client\": {        \"environment\": \"sandbox\",        \"paypal_sdk_version\": \"2.15.3\",        \"platform\": \"Android\",        \"product_name\": \"PayPal-Android-SDK\"    },    \"response\": {        \"create_time\": \"2017-03-04T06:58:21Z\",        \"id\": \"PAY-38V609416G2172708LC5GLAI\",        \"intent\": \"sale\",        \"state\": \"approved\"    },    \"response_type\": \"payment\"}','2017-03-04 00:58:22','116.74.126.8'),(22,'pyp','PAY-1GV34152YP8784142LC5GQHQ',91,'{    \"client\": {        \"environment\": \"sandbox\",        \"paypal_sdk_version\": \"2.15.3\",        \"platform\": \"Android\",        \"product_name\": \"PayPal-Android-SDK\"    },    \"response\": {        \"create_time\": \"2017-03-04T07:09:26Z\",        \"id\": \"PAY-1GV34152YP8784142LC5GQHQ\",        \"intent\": \"sale\",        \"state\": \"approved\"    },    \"response_type\": \"payment\"}','2017-03-04 01:09:27','116.74.126.8'),(23,'pyp','PAY-3DS66357XH627072SLC5GUHY',92,'{    \"client\": {        \"environment\": \"sandbox\",        \"paypal_sdk_version\": \"2.15.3\",        \"platform\": \"Android\",        \"product_name\": \"PayPal-Android-SDK\"    },    \"response\": {        \"create_time\": \"2017-03-04T07:17:59Z\",        \"id\": \"PAY-3DS66357XH627072SLC5GUHY\",        \"intent\": \"sale\",        \"state\": \"approved\"    },    \"response_type\": \"payment\"}','2017-03-04 01:17:59','116.74.126.8'),(24,'pyp','PAY-4FU245226M2955313LC5HGOQ',93,'{    \"client\": {        \"environment\": \"sandbox\",        \"paypal_sdk_version\": \"2.15.3\",        \"platform\": \"Android\",        \"product_name\": \"PayPal-Android-SDK\"    },    \"response\": {        \"create_time\": \"2017-03-04T07:56:49Z\",        \"id\": \"PAY-4FU245226M2955313LC5HGOQ\",        \"intent\": \"sale\",        \"state\": \"approved\"    },    \"response_type\": \"payment\"}','2017-03-04 01:56:50','116.74.126.8');
/*!40000 ALTER TABLE `ka_payment_order` ENABLE KEYS */;
UNLOCK TABLES;

--
-- Table structure for table `ka_payment_provider`
--

DROP TABLE IF EXISTS `ka_payment_provider`;
/*!40101 SET @saved_cs_client     = @@character_set_client */;
/*!40101 SET character_set_client = utf8 */;
CREATE TABLE `ka_payment_provider` (
  `id` int(14) NOT NULL AUTO_INCREMENT,
  `payment_name` varchar(255) DEFAULT NULL,
  `payment_logo` varchar(255) DEFAULT NULL,
  `sequence` int(14) DEFAULT NULL,
  `status` varchar(255) NOT NULL DEFAULT 'publish',
  `date_created` datetime DEFAULT NULL,
  `date_modified` datetime DEFAULT NULL,
  `ip_address` varchar(50) DEFAULT NULL,
  PRIMARY KEY (`id`)
) ENGINE=InnoDB DEFAULT CHARSET=utf8;
/*!40101 SET character_set_client = @saved_cs_client */;

--
-- Dumping data for table `ka_payment_provider`
--

LOCK TABLES `ka_payment_provider` WRITE;
/*!40000 ALTER TABLE `ka_payment_provider` DISABLE KEYS */;
/*!40000 ALTER TABLE `ka_payment_provider` ENABLE KEYS */;
UNLOCK TABLES;

--
-- Table structure for table `ka_paypal_checkout`
--

DROP TABLE IF EXISTS `ka_paypal_checkout`;
/*!40101 SET @saved_cs_client     = @@character_set_client */;
/*!40101 SET character_set_client = utf8 */;
CREATE TABLE `ka_paypal_checkout` (
  `id` int(14) NOT NULL AUTO_INCREMENT,
  `order_id` int(14) DEFAULT NULL,
  `token` varchar(255) DEFAULT NULL,
  `paypal_request` text,
  `paypal_response` text,
  `status` varchar(255) NOT NULL DEFAULT 'checkout',
  `date_created` datetime DEFAULT NULL,
  `ip_address` varchar(100) DEFAULT NULL,
  PRIMARY KEY (`id`)
) ENGINE=InnoDB AUTO_INCREMENT=26 DEFAULT CHARSET=utf8;
/*!40101 SET character_set_client = @saved_cs_client */;

--
-- Dumping data for table `ka_paypal_checkout`
--

LOCK TABLES `ka_paypal_checkout` WRITE;
/*!40000 ALTER TABLE `ka_paypal_checkout` DISABLE KEYS */;
INSERT INTO `ka_paypal_checkout` VALUES (1,1,'EC-21G78767XL513033D','{\"L_NAME0\":\"De alambre\",\"L_NUMBER0\":\"3\",\"L_DESC0\":\"\",\"L_AMT0\":\"5.00\",\"L_QTY0\":\"1\",\"L_NAME1\":\"TAX\",\"L_AMT1\":\"0.65\",\"L_QTY1\":1,\"AMT\":6.65,\"RETURNURL\":\"http:\\/\\/www.fmarket.org\\/store\\/paypalVerify\",\"CANCELURL\":\"http:\\/\\/www.fmarket.org\\/store\\/PaymentOption\",\"NOSHIPPING\":\"1\",\"LANDINGPAGE\":\"Billing\",\"SOLUTIONTYPE\":\"Sole\",\"CURRENCYCODE\":\"USD\",\"L_NAME2\":\"Card Fee\",\"L_DESC2\":\"Card Fee\",\"L_AMT2\":\"1.00\",\"L_QTY2\":1,\"METHOD\":\"SetExpressCheckout\",\"PAYMENTACTION\":\"Sale\",\"USER\":\"andres_api1.buzz.cr\",\"PWD\":\"E49JDGFYMRNDTN47\",\"SIGNATURE\":\"AFcWxV21C7fd0v3bYYYRCpSSRl31Atkmazb.acLHjUiTDzV6zcPuuWpx\",\"VERSION\":\"61.0\"}','{\"TOKEN\":\"EC-21G78767XL513033D\",\"TIMESTAMP\":\"2016-11-17T06:52:42Z\",\"CORRELATIONID\":\"4d0123b528920\",\"ACK\":\"Success\",\"VERSION\":\"61.0\",\"BUILD\":\"000000\"}','checkout','2016-11-17 00:52:42','56474'),(2,5,'EC-23H0996718265903D','{\"L_NAME0\":\"De alambre\",\"L_NUMBER0\":\"3\",\"L_DESC0\":\"\",\"L_AMT0\":\"5.00\",\"L_QTY0\":\"1\",\"L_NAME1\":\"TAX\",\"L_AMT1\":\"0.65\",\"L_QTY1\":1,\"AMT\":6.65,\"RETURNURL\":\"http:\\/\\/www.fmarket.org\\/store\\/paypalVerify\",\"CANCELURL\":\"http:\\/\\/www.fmarket.org\\/store\\/PaymentOption\",\"NOSHIPPING\":\"1\",\"LANDINGPAGE\":\"Billing\",\"SOLUTIONTYPE\":\"Sole\",\"CURRENCYCODE\":\"USD\",\"L_NAME2\":\"Card Fee\",\"L_DESC2\":\"Card Fee\",\"L_AMT2\":\"1.00\",\"L_QTY2\":1,\"METHOD\":\"SetExpressCheckout\",\"PAYMENTACTION\":\"Sale\",\"USER\":\"andres_api1.buzz.cr\",\"PWD\":\"E49JDGFYMRNDTN47\",\"SIGNATURE\":\"AFcWxV21C7fd0v3bYYYRCpSSRl31Atkmazb.acLHjUiTDzV6zcPuuWpx\",\"VERSION\":\"61.0\"}','{\"TOKEN\":\"EC-23H0996718265903D\",\"TIMESTAMP\":\"2016-11-17T06:55:56Z\",\"CORRELATIONID\":\"8bf7481db177\",\"ACK\":\"Success\",\"VERSION\":\"61.0\",\"BUILD\":\"000000\"}','Success','2016-11-17 00:55:56','56794'),(3,11,'EC-5GK81733K6172614G','{\"L_NAME0\":\"Tacos\",\"L_NUMBER0\":\"5\",\"L_DESC0\":\"\",\"L_AMT0\":\"1500.00\",\"L_QTY0\":\"1\",\"AMT\":1750,\"RETURNURL\":\"http:\\/\\/www.fmarket.org\\/store\\/paypalVerify\",\"CANCELURL\":\"http:\\/\\/www.fmarket.org\\/store\\/PaymentOption\",\"NOSHIPPING\":\"1\",\"LANDINGPAGE\":\"Billing\",\"SOLUTIONTYPE\":\"Sole\",\"CURRENCYCODE\":\"USD\",\"L_NAME2\":\"Cargo de procesamiento tarjeta\",\"L_DESC2\":\"Cargo de procesamiento tarjeta\",\"L_AMT2\":\"250.00\",\"L_QTY2\":1,\"METHOD\":\"SetExpressCheckout\",\"PAYMENTACTION\":\"Sale\",\"USER\":\"andres_api1.buzz.cr\",\"PWD\":\"E49JDGFYMRNDTN47\",\"SIGNATURE\":\"AFcWxV21C7fd0v3bYYYRCpSSRl31Atkmazb.acLHjUiTDzV6zcPuuWpx\",\"VERSION\":\"61.0\"}','{\"TOKEN\":\"EC-5GK81733K6172614G\",\"TIMESTAMP\":\"2016-11-20T03:20:50Z\",\"CORRELATIONID\":\"bbc25220b32d1\",\"ACK\":\"Success\",\"VERSION\":\"61.0\",\"BUILD\":\"000000\"}','checkout','2016-11-19 21:20:50','53300'),(4,14,'EC-9LK87388T36976313','{\"L_NAME0\":\"Casado con...\",\"L_NUMBER0\":\"7\",\"L_DESC0\":\"\",\"L_AMT0\":\"2500.00\",\"L_QTY0\":\"1\",\"L_NAME1\":\"Pezcado empanizado\",\"L_NUMBER1\":\"\",\"L_DESC1\":\"\",\"L_AMT1\":\"300.00\",\"L_QTY1\":\"1\",\"L_NAME2\":\"TAX\",\"L_AMT2\":\"364.00\",\"L_QTY2\":1,\"AMT\":3414,\"RETURNURL\":\"http:\\/\\/www.fmarket.org\\/store\\/paypalVerify\",\"CANCELURL\":\"http:\\/\\/www.fmarket.org\\/store\\/PaymentOption\",\"NOSHIPPING\":\"1\",\"LANDINGPAGE\":\"Billing\",\"SOLUTIONTYPE\":\"Sole\",\"CURRENCYCODE\":\"USD\",\"L_NAME3\":\"Cargo de procesamiento tarjeta\",\"L_DESC3\":\"Cargo de procesamiento tarjeta\",\"L_AMT3\":\"250.00\",\"L_QTY3\":1,\"METHOD\":\"SetExpressCheckout\",\"PAYMENTACTION\":\"Sale\",\"USER\":\"andres_api1.buzz.cr\",\"PWD\":\"E49JDGFYMRNDTN47\",\"SIGNATURE\":\"AFcWxV21C7fd0v3bYYYRCpSSRl31Atkmazb.acLHjUiTDzV6zcPuuWpx\",\"VERSION\":\"61.0\"}','{\"TOKEN\":\"EC-9LK87388T36976313\",\"TIMESTAMP\":\"2016-12-01T05:52:41Z\",\"CORRELATIONID\":\"9ce14ae1c300b\",\"ACK\":\"Success\",\"VERSION\":\"61.0\",\"BUILD\":\"000000\"}','checkout','2016-11-30 23:52:41','64595'),(5,26,'EC-5L2924276L0538635','{\"L_NAME0\":\"De alambre\",\"L_NUMBER0\":\"3\",\"L_DESC0\":\"\",\"L_AMT0\":\"5.00\",\"L_QTY0\":\"1\",\"L_NAME1\":\"TAX\",\"L_AMT1\":\"0.65\",\"L_QTY1\":1,\"AMT\":\"5.65\",\"RETURNURL\":\"http:\\/\\/www.fmarket.org\\/store\\/paypalVerify\",\"CANCELURL\":\"http:\\/\\/www.fmarket.org\\/store\\/PaymentOption\",\"NOSHIPPING\":\"1\",\"LANDINGPAGE\":\"Billing\",\"SOLUTIONTYPE\":\"Sole\",\"CURRENCYCODE\":\"USD\",\"METHOD\":\"SetExpressCheckout\",\"PAYMENTACTION\":\"Sale\",\"USER\":\"andres_api1.buzz.cr\",\"PWD\":\"E49JDGFYMRNDTN47\",\"SIGNATURE\":\"AFcWxV21C7fd0v3bYYYRCpSSRl31Atkmazb.acLHjUiTDzV6zcPuuWpx\",\"VERSION\":\"61.0\"}','{\"TOKEN\":\"EC-5L2924276L0538635\",\"TIMESTAMP\":\"2016-12-05T17:55:12Z\",\"CORRELATIONID\":\"b02e646180017\",\"ACK\":\"Success\",\"VERSION\":\"61.0\",\"BUILD\":\"000000\"}','checkout','2016-12-05 11:55:12','60127'),(6,27,'EC-49396647TM596211X','{\"L_NAME0\":\"Sandwich cubano\",\"L_NUMBER0\":\"8\",\"L_DESC0\":\"\",\"L_AMT0\":\"2.00\",\"L_QTY0\":\"1\",\"L_NAME1\":\"Ensalada de repollo\",\"L_NUMBER1\":\"\",\"L_DESC1\":\"\",\"L_AMT1\":\"1.00\",\"L_QTY1\":\"1\",\"L_NAME2\":\"TAX\",\"L_AMT2\":\"0.39\",\"L_QTY2\":1,\"AMT\":\"3.39\",\"RETURNURL\":\"http:\\/\\/www.fmarket.org\\/store\\/paypalVerify\",\"CANCELURL\":\"http:\\/\\/www.fmarket.org\\/store\\/PaymentOption\",\"NOSHIPPING\":\"1\",\"LANDINGPAGE\":\"Billing\",\"SOLUTIONTYPE\":\"Sole\",\"CURRENCYCODE\":\"USD\",\"METHOD\":\"SetExpressCheckout\",\"PAYMENTACTION\":\"Sale\",\"USER\":\"andres_api1.buzz.cr\",\"PWD\":\"E49JDGFYMRNDTN47\",\"SIGNATURE\":\"AFcWxV21C7fd0v3bYYYRCpSSRl31Atkmazb.acLHjUiTDzV6zcPuuWpx\",\"VERSION\":\"61.0\"}','{\"TOKEN\":\"EC-49396647TM596211X\",\"TIMESTAMP\":\"2016-12-05T20:34:09Z\",\"CORRELATIONID\":\"608d26fec3b1\",\"ACK\":\"Success\",\"VERSION\":\"61.0\",\"BUILD\":\"000000\"}','checkout','2016-12-05 14:34:09','58507'),(7,28,'EC-5VD08505V1171722K','{\"L_NAME0\":\"Sandwich cubano\",\"L_NUMBER0\":\"8\",\"L_DESC0\":\"\",\"L_AMT0\":\"2.00\",\"L_QTY0\":\"1\",\"L_NAME1\":\"Ensalada de repollo\",\"L_NUMBER1\":\"\",\"L_DESC1\":\"\",\"L_AMT1\":\"1.00\",\"L_QTY1\":\"1\",\"L_NAME2\":\"TAX\",\"L_AMT2\":\"0.39\",\"L_QTY2\":1,\"AMT\":\"3.39\",\"RETURNURL\":\"http:\\/\\/www.fmarket.org\\/store\\/paypalVerify\",\"CANCELURL\":\"http:\\/\\/www.fmarket.org\\/store\\/PaymentOption\",\"NOSHIPPING\":\"1\",\"LANDINGPAGE\":\"Billing\",\"SOLUTIONTYPE\":\"Sole\",\"CURRENCYCODE\":\"USD\",\"METHOD\":\"SetExpressCheckout\",\"PAYMENTACTION\":\"Sale\",\"USER\":\"andres_api1.buzz.cr\",\"PWD\":\"E49JDGFYMRNDTN47\",\"SIGNATURE\":\"AFcWxV21C7fd0v3bYYYRCpSSRl31Atkmazb.acLHjUiTDzV6zcPuuWpx\",\"VERSION\":\"61.0\"}','{\"TOKEN\":\"EC-5VD08505V1171722K\",\"TIMESTAMP\":\"2016-12-05T20:36:15Z\",\"CORRELATIONID\":\"76b34c00909a6\",\"ACK\":\"Success\",\"VERSION\":\"61.0\",\"BUILD\":\"000000\"}','checkout','2016-12-05 14:36:15','58672'),(8,32,'EC-0B463331WR176153M','{\"L_NAME0\":\"De alambre\",\"L_NUMBER0\":\"3\",\"L_DESC0\":\"\",\"L_AMT0\":\"5.00\",\"L_QTY0\":\"1\",\"L_NAME1\":\"TAX\",\"L_AMT1\":\"0.65\",\"L_QTY1\":1,\"AMT\":\"5.65\",\"RETURNURL\":\"http:\\/\\/www.fmarket.org\\/store\\/paypalVerify\",\"CANCELURL\":\"http:\\/\\/www.fmarket.org\\/store\\/PaymentOption\",\"NOSHIPPING\":\"1\",\"LANDINGPAGE\":\"Billing\",\"SOLUTIONTYPE\":\"Sole\",\"CURRENCYCODE\":\"USD\",\"METHOD\":\"SetExpressCheckout\",\"PAYMENTACTION\":\"Sale\",\"USER\":\"andres_api1.buzz.cr\",\"PWD\":\"E49JDGFYMRNDTN47\",\"SIGNATURE\":\"AFcWxV21C7fd0v3bYYYRCpSSRl31Atkmazb.acLHjUiTDzV6zcPuuWpx\",\"VERSION\":\"61.0\"}','{\"TOKEN\":\"EC-0B463331WR176153M\",\"TIMESTAMP\":\"2016-12-07T08:28:41Z\",\"CORRELATIONID\":\"26ce32f6a3ffb\",\"ACK\":\"Success\",\"VERSION\":\"61.0\",\"BUILD\":\"000000\"}','checkout','2016-12-07 02:28:41','65524'),(9,33,'EC-8B435157RW102231J','{\"L_NAME0\":\"De alambre\",\"L_NUMBER0\":\"3\",\"L_DESC0\":\"\",\"L_AMT0\":\"5.00\",\"L_QTY0\":\"1\",\"L_NAME1\":\"TAX\",\"L_AMT1\":\"0.65\",\"L_QTY1\":1,\"AMT\":\"5.65\",\"RETURNURL\":\"http:\\/\\/www.fmarket.org\\/store\\/paypalVerify\",\"CANCELURL\":\"http:\\/\\/www.fmarket.org\\/store\\/PaymentOption\",\"NOSHIPPING\":\"1\",\"LANDINGPAGE\":\"Billing\",\"SOLUTIONTYPE\":\"Sole\",\"CURRENCYCODE\":\"USD\",\"METHOD\":\"SetExpressCheckout\",\"PAYMENTACTION\":\"Sale\",\"USER\":\"andres_api1.buzz.cr\",\"PWD\":\"E49JDGFYMRNDTN47\",\"SIGNATURE\":\"AFcWxV21C7fd0v3bYYYRCpSSRl31Atkmazb.acLHjUiTDzV6zcPuuWpx\",\"VERSION\":\"61.0\"}','{\"TOKEN\":\"EC-8B435157RW102231J\",\"TIMESTAMP\":\"2016-12-07T08:31:48Z\",\"CORRELATIONID\":\"d369f602904e9\",\"ACK\":\"Success\",\"VERSION\":\"61.0\",\"BUILD\":\"000000\"}','checkout','2016-12-07 02:31:48','49332'),(10,34,'EC-5HL21438PB545791W','{\"L_NAME0\":\"Casado con...\",\"L_NUMBER0\":\"7\",\"L_DESC0\":\"\",\"L_AMT0\":\"2500.00\",\"L_QTY0\":\"2\",\"L_NAME1\":\"Pezcado empanizado\",\"L_NUMBER1\":\"\",\"L_DESC1\":\"\",\"L_AMT1\":\"300.00\",\"L_QTY1\":\"2\",\"L_NAME2\":\"TAX\",\"L_AMT2\":\"728.00\",\"L_QTY2\":1,\"AMT\":\"6328.00\",\"RETURNURL\":\"http:\\/\\/www.fmarket.org\\/store\\/paypalVerify\",\"CANCELURL\":\"http:\\/\\/www.fmarket.org\\/store\\/PaymentOption\",\"NOSHIPPING\":\"1\",\"LANDINGPAGE\":\"Billing\",\"SOLUTIONTYPE\":\"Sole\",\"CURRENCYCODE\":\"USD\",\"METHOD\":\"SetExpressCheckout\",\"PAYMENTACTION\":\"Sale\",\"USER\":\"andres_api1.buzz.cr\",\"PWD\":\"E49JDGFYMRNDTN47\",\"SIGNATURE\":\"AFcWxV21C7fd0v3bYYYRCpSSRl31Atkmazb.acLHjUiTDzV6zcPuuWpx\",\"VERSION\":\"61.0\"}','{\"TOKEN\":\"EC-5HL21438PB545791W\",\"TIMESTAMP\":\"2016-12-07T09:11:04Z\",\"CORRELATIONID\":\"680ddeea16ece\",\"ACK\":\"Success\",\"VERSION\":\"61.0\",\"BUILD\":\"000000\"}','checkout','2016-12-07 03:11:04','63761'),(11,35,'EC-28F52984BN965254X','{\"L_NAME0\":\"Casado con...\",\"L_NUMBER0\":\"7\",\"L_DESC0\":\"\",\"L_AMT0\":\"2500.00\",\"L_QTY0\":\"2\",\"L_NAME1\":\"Pezcado empanizado\",\"L_NUMBER1\":\"\",\"L_DESC1\":\"\",\"L_AMT1\":\"300.00\",\"L_QTY1\":\"2\",\"L_NAME2\":\"TAX\",\"L_AMT2\":\"728.00\",\"L_QTY2\":1,\"AMT\":\"6328.00\",\"RETURNURL\":\"http:\\/\\/www.fmarket.org\\/store\\/paypalVerify\",\"CANCELURL\":\"http:\\/\\/www.fmarket.org\\/store\\/PaymentOption\",\"NOSHIPPING\":\"1\",\"LANDINGPAGE\":\"Billing\",\"SOLUTIONTYPE\":\"Sole\",\"CURRENCYCODE\":\"USD\",\"METHOD\":\"SetExpressCheckout\",\"PAYMENTACTION\":\"Sale\",\"USER\":\"andres_api1.buzz.cr\",\"PWD\":\"E49JDGFYMRNDTN47\",\"SIGNATURE\":\"AFcWxV21C7fd0v3bYYYRCpSSRl31Atkmazb.acLHjUiTDzV6zcPuuWpx\",\"VERSION\":\"61.0\"}','{\"TOKEN\":\"EC-28F52984BN965254X\",\"TIMESTAMP\":\"2016-12-07T09:32:17Z\",\"CORRELATIONID\":\"59194ba2ee6f2\",\"ACK\":\"Success\",\"VERSION\":\"61.0\",\"BUILD\":\"000000\"}','checkout','2016-12-07 03:32:17','64406'),(12,40,'EC-8KP50491D81212617','{\"L_NAME0\":\"Jalea de manzana\",\"L_NUMBER0\":\"3\",\"L_DESC0\":\"\",\"L_AMT0\":\"6.00\",\"L_QTY0\":\"1\",\"L_NAME1\":\"Gastos de env\\u00edo\",\"L_AMT1\":\"2.00\",\"L_QTY1\":1,\"L_NAME2\":\"TAX\",\"L_AMT2\":\"0.78\",\"L_QTY2\":1,\"AMT\":\"8.78\",\"RETURNURL\":\"http:\\/\\/www.fmarket.org\\/store\\/paypalVerify\",\"CANCELURL\":\"http:\\/\\/www.fmarket.org\\/store\\/PaymentOption\",\"NOSHIPPING\":\"1\",\"LANDINGPAGE\":\"Billing\",\"SOLUTIONTYPE\":\"Sole\",\"CURRENCYCODE\":\"USD\",\"METHOD\":\"SetExpressCheckout\",\"PAYMENTACTION\":\"Sale\",\"USER\":\"andres_api1.buzz.cr\",\"PWD\":\"E49JDGFYMRNDTN47\",\"SIGNATURE\":\"AFcWxV21C7fd0v3bYYYRCpSSRl31Atkmazb.acLHjUiTDzV6zcPuuWpx\",\"VERSION\":\"61.0\"}','{\"TOKEN\":\"EC-8KP50491D81212617\",\"TIMESTAMP\":\"2016-12-13T20:10:54Z\",\"CORRELATIONID\":\"cb3886f9e2664\",\"ACK\":\"Success\",\"VERSION\":\"61.0\",\"BUILD\":\"000000\"}','checkout','2016-12-13 14:10:54','54957'),(13,44,'EC-00J55474LF251842T','{\"L_NAME0\":\"Jalea de manzana\",\"L_NUMBER0\":\"3\",\"L_DESC0\":\"\",\"L_AMT0\":\"9.00\",\"L_QTY0\":\"1\",\"L_NAME1\":\"Tostadas de pan tradicional\",\"L_NUMBER1\":\"\",\"L_DESC1\":\"\",\"L_AMT1\":\"1.00\",\"L_QTY1\":\"1\",\"L_NAME2\":\"Gastos de env\\u00edo\",\"L_AMT2\":\"2.00\",\"L_QTY2\":1,\"L_NAME3\":\"TAX\",\"L_AMT3\":\"1.30\",\"L_QTY3\":1,\"AMT\":\"13.30\",\"RETURNURL\":\"http:\\/\\/www.fmarket.org\\/store\\/paypalVerify\",\"CANCELURL\":\"http:\\/\\/www.fmarket.org\\/store\\/PaymentOption\",\"NOSHIPPING\":\"1\",\"LANDINGPAGE\":\"Billing\",\"SOLUTIONTYPE\":\"Sole\",\"CURRENCYCODE\":\"USD\",\"METHOD\":\"SetExpressCheckout\",\"PAYMENTACTION\":\"Sale\",\"USER\":\"andres_api1.buzz.cr\",\"PWD\":\"E49JDGFYMRNDTN47\",\"SIGNATURE\":\"AFcWxV21C7fd0v3bYYYRCpSSRl31Atkmazb.acLHjUiTDzV6zcPuuWpx\",\"VERSION\":\"61.0\"}','{\"TOKEN\":\"EC-00J55474LF251842T\",\"TIMESTAMP\":\"2016-12-15T01:45:46Z\",\"CORRELATIONID\":\"22e5f7702d051\",\"ACK\":\"Success\",\"VERSION\":\"61.0\",\"BUILD\":\"000000\"}','checkout','2016-12-14 19:45:46','54997'),(14,45,'EC-34K204373P7892236','{\"L_NAME0\":\"Jalea de manzana\",\"L_NUMBER0\":\"3\",\"L_DESC0\":\"\",\"L_AMT0\":\"6.00\",\"L_QTY0\":\"2\",\"L_NAME1\":\"Gastos de env\\u00edo\",\"L_AMT1\":\"2.00\",\"L_QTY1\":1,\"L_NAME2\":\"TAX\",\"L_AMT2\":\"1.56\",\"L_QTY2\":1,\"AMT\":\"15.56\",\"RETURNURL\":\"http:\\/\\/www.fmarket.org\\/store\\/paypalVerify\",\"CANCELURL\":\"http:\\/\\/www.fmarket.org\\/store\\/PaymentOption\",\"NOSHIPPING\":\"1\",\"LANDINGPAGE\":\"Billing\",\"SOLUTIONTYPE\":\"Sole\",\"CURRENCYCODE\":\"USD\",\"METHOD\":\"SetExpressCheckout\",\"PAYMENTACTION\":\"Sale\",\"USER\":\"andres_api1.buzz.cr\",\"PWD\":\"E49JDGFYMRNDTN47\",\"SIGNATURE\":\"AFcWxV21C7fd0v3bYYYRCpSSRl31Atkmazb.acLHjUiTDzV6zcPuuWpx\",\"VERSION\":\"61.0\"}','{\"TOKEN\":\"EC-34K204373P7892236\",\"TIMESTAMP\":\"2016-12-19T13:24:06Z\",\"CORRELATIONID\":\"9fd58b44f075\",\"ACK\":\"Success\",\"VERSION\":\"61.0\",\"BUILD\":\"000000\"}','checkout','2016-12-19 07:24:06','49173'),(15,46,'EC-3WJ46277SM4352624','{\"L_NAME0\":\"Jalea de manzana\",\"L_NUMBER0\":\"3\",\"L_DESC0\":\"\",\"L_AMT0\":\"6.00\",\"L_QTY0\":\"2\",\"L_NAME1\":\"Gastos de env\\u00edo\",\"L_AMT1\":\"2.00\",\"L_QTY1\":1,\"L_NAME2\":\"TAX\",\"L_AMT2\":\"1.56\",\"L_QTY2\":1,\"AMT\":\"15.56\",\"RETURNURL\":\"http:\\/\\/www.fmarket.org\\/store\\/paypalVerify\",\"CANCELURL\":\"http:\\/\\/www.fmarket.org\\/store\\/PaymentOption\",\"NOSHIPPING\":\"1\",\"LANDINGPAGE\":\"Billing\",\"SOLUTIONTYPE\":\"Sole\",\"CURRENCYCODE\":\"USD\",\"METHOD\":\"SetExpressCheckout\",\"PAYMENTACTION\":\"Sale\",\"USER\":\"andres_api1.buzz.cr\",\"PWD\":\"E49JDGFYMRNDTN47\",\"SIGNATURE\":\"AFcWxV21C7fd0v3bYYYRCpSSRl31Atkmazb.acLHjUiTDzV6zcPuuWpx\",\"VERSION\":\"61.0\"}','{\"TOKEN\":\"EC-3WJ46277SM4352624\",\"TIMESTAMP\":\"2016-12-19T13:47:07Z\",\"CORRELATIONID\":\"e9599b8fdaaa0\",\"ACK\":\"Success\",\"VERSION\":\"61.0\",\"BUILD\":\"000000\"}','checkout','2016-12-19 07:47:07','50781'),(16,47,'EC-4W557857MB104163P','{\"L_NAME0\":\"Jalea de manzana\",\"L_NUMBER0\":\"3\",\"L_DESC0\":\"\",\"L_AMT0\":\"6.00\",\"L_QTY0\":\"2\",\"L_NAME1\":\"Gastos de env\\u00edo\",\"L_AMT1\":\"2.00\",\"L_QTY1\":1,\"L_NAME2\":\"TAX\",\"L_AMT2\":\"1.56\",\"L_QTY2\":1,\"AMT\":\"15.56\",\"RETURNURL\":\"http:\\/\\/www.fmarket.org\\/store\\/paypalVerify\",\"CANCELURL\":\"http:\\/\\/www.fmarket.org\\/store\\/PaymentOption\",\"NOSHIPPING\":\"1\",\"LANDINGPAGE\":\"Billing\",\"SOLUTIONTYPE\":\"Sole\",\"CURRENCYCODE\":\"USD\",\"METHOD\":\"SetExpressCheckout\",\"PAYMENTACTION\":\"Sale\",\"USER\":\"andres_api1.buzz.cr\",\"PWD\":\"E49JDGFYMRNDTN47\",\"SIGNATURE\":\"AFcWxV21C7fd0v3bYYYRCpSSRl31Atkmazb.acLHjUiTDzV6zcPuuWpx\",\"VERSION\":\"61.0\"}','{\"TOKEN\":\"EC-4W557857MB104163P\",\"TIMESTAMP\":\"2016-12-19T13:48:35Z\",\"CORRELATIONID\":\"f8100b1118d17\",\"ACK\":\"Success\",\"VERSION\":\"61.0\",\"BUILD\":\"000000\"}','checkout','2016-12-19 07:48:35','50958'),(17,60,'EC-9M829004AB2104734','{\"L_NAME0\":\"Jalea de manzana\",\"L_NUMBER0\":\"3\",\"L_DESC0\":\"\",\"L_AMT0\":\"6.00\",\"L_QTY0\":\"1\",\"L_NAME1\":\"Gastos de env\\u00edo\",\"L_AMT1\":\"2.00\",\"L_QTY1\":1,\"L_NAME2\":\"TAX\",\"L_AMT2\":\"0.78\",\"L_QTY2\":1,\"AMT\":\"8.78\",\"RETURNURL\":\"http:\\/\\/www.fmarket.org\\/store\\/paypalVerify\",\"CANCELURL\":\"http:\\/\\/www.fmarket.org\\/store\\/PaymentOption\",\"NOSHIPPING\":\"1\",\"LANDINGPAGE\":\"Billing\",\"SOLUTIONTYPE\":\"Sole\",\"CURRENCYCODE\":\"USD\",\"METHOD\":\"SetExpressCheckout\",\"PAYMENTACTION\":\"Sale\",\"USER\":\"andres_api1.buzz.cr\",\"PWD\":\"E49JDGFYMRNDTN47\",\"SIGNATURE\":\"AFcWxV21C7fd0v3bYYYRCpSSRl31Atkmazb.acLHjUiTDzV6zcPuuWpx\",\"VERSION\":\"61.0\"}','{\"TOKEN\":\"EC-9M829004AB2104734\",\"TIMESTAMP\":\"2017-01-12T20:34:34Z\",\"CORRELATIONID\":\"a082cbfaaa4de\",\"ACK\":\"Success\",\"VERSION\":\"61.0\",\"BUILD\":\"28806785\"}','checkout','2017-01-12 14:34:34','51931'),(18,70,'EC-4NG75735153069421','{\"L_NAME0\":\"Sandwich Club\",\"L_NUMBER0\":\"9\",\"L_DESC0\":\"\",\"L_AMT0\":\"3.00\",\"L_QTY0\":\"1\",\"L_NAME1\":\"Ensalada de repollo\",\"L_NUMBER1\":\"\",\"L_DESC1\":\"\",\"L_AMT1\":\"1.00\",\"L_QTY1\":\"1\",\"L_NAME2\":\"Gastos de env\\u00edo\",\"L_AMT2\":\"2.00\",\"L_QTY2\":1,\"L_NAME3\":\"TAX\",\"L_AMT3\":\"0.78\",\"L_QTY3\":1,\"AMT\":\"6.78\",\"RETURNURL\":\"http:\\/\\/www.fmarket.org\\/store\\/paypalVerify\",\"CANCELURL\":\"http:\\/\\/www.fmarket.org\\/store\\/PaymentOption\",\"NOSHIPPING\":\"1\",\"LANDINGPAGE\":\"Billing\",\"SOLUTIONTYPE\":\"Sole\",\"CURRENCYCODE\":\"USD\",\"METHOD\":\"SetExpressCheckout\",\"PAYMENTACTION\":\"Sale\",\"USER\":\"andres_api1.buzz.cr\",\"PWD\":\"E49JDGFYMRNDTN47\",\"SIGNATURE\":\"AFcWxV21C7fd0v3bYYYRCpSSRl31Atkmazb.acLHjUiTDzV6zcPuuWpx\",\"VERSION\":\"61.0\"}','{\"TOKEN\":\"EC-4NG75735153069421\",\"TIMESTAMP\":\"2017-01-18T20:47:22Z\",\"CORRELATIONID\":\"a636dac289416\",\"ACK\":\"Success\",\"VERSION\":\"61.0\",\"BUILD\":\"28806785\"}','Success','2017-01-18 14:47:22','60947'),(19,77,'EC-5S735677WY0812132','{\"L_NAME0\":\"Pupusa Salvadore\\u00f1a\",\"L_NUMBER0\":\"10\",\"L_DESC0\":\"\",\"L_AMT0\":\"4.00\",\"L_QTY0\":\"2\",\"AMT\":\"8.00\",\"RETURNURL\":\"http:\\/\\/www.fmarket.org\\/store\\/paypalVerify\",\"CANCELURL\":\"http:\\/\\/www.fmarket.org\\/store\\/PaymentOption\",\"NOSHIPPING\":\"1\",\"LANDINGPAGE\":\"Billing\",\"SOLUTIONTYPE\":\"Sole\",\"CURRENCYCODE\":\"USD\",\"METHOD\":\"SetExpressCheckout\",\"PAYMENTACTION\":\"Sale\",\"USER\":\"andres_api1.buzz.cr\",\"PWD\":\"E49JDGFYMRNDTN47\",\"SIGNATURE\":\"AFcWxV21C7fd0v3bYYYRCpSSRl31Atkmazb.acLHjUiTDzV6zcPuuWpx\",\"VERSION\":\"61.0\"}','{\"TOKEN\":\"EC-5S735677WY0812132\",\"TIMESTAMP\":\"2017-02-02T21:54:46Z\",\"CORRELATIONID\":\"e0f863a9ab654\",\"ACK\":\"Success\",\"VERSION\":\"61.0\",\"BUILD\":\"28806785\"}','checkout','2017-02-02 15:54:46','52916'),(20,78,'EC-1P681748U1165780L','{\"L_NAME0\":\"Pupusa Salvadore\\u00f1a\",\"L_NUMBER0\":\"10\",\"L_DESC0\":\"\",\"L_AMT0\":\"4.00\",\"L_QTY0\":\"2\",\"AMT\":\"8.00\",\"RETURNURL\":\"http:\\/\\/www.fmarket.org\\/store\\/paypalVerify\",\"CANCELURL\":\"http:\\/\\/www.fmarket.org\\/store\\/PaymentOption\",\"NOSHIPPING\":\"1\",\"LANDINGPAGE\":\"Billing\",\"SOLUTIONTYPE\":\"Sole\",\"CURRENCYCODE\":\"USD\",\"METHOD\":\"SetExpressCheckout\",\"PAYMENTACTION\":\"Sale\",\"USER\":\"andres_api1.buzz.cr\",\"PWD\":\"E49JDGFYMRNDTN47\",\"SIGNATURE\":\"AFcWxV21C7fd0v3bYYYRCpSSRl31Atkmazb.acLHjUiTDzV6zcPuuWpx\",\"VERSION\":\"61.0\"}','{\"TOKEN\":\"EC-1P681748U1165780L\",\"TIMESTAMP\":\"2017-02-02T21:57:43Z\",\"CORRELATIONID\":\"69c4c958c14c5\",\"ACK\":\"Success\",\"VERSION\":\"61.0\",\"BUILD\":\"28806785\"}','checkout','2017-02-02 15:57:43','53008'),(21,82,'EC-24W041383X163442K','{\"L_NAME0\":\"Jalea de manzana\",\"L_NUMBER0\":\"3\",\"L_DESC0\":\"\",\"L_AMT0\":\"6.00\",\"L_QTY0\":\"10\",\"L_NAME1\":\"Tostadas de pan tradicional\",\"L_NUMBER1\":\"\",\"L_DESC1\":\"\",\"L_AMT1\":\"1.00\",\"L_QTY1\":\"10\",\"L_NAME2\":\"Gastos de env\\u00edo\",\"L_AMT2\":\"2.00\",\"L_QTY2\":1,\"L_NAME3\":\"TAX\",\"L_AMT3\":\"9.10\",\"L_QTY3\":1,\"AMT\":\"81.10\",\"RETURNURL\":\"http:\\/\\/ec2-52-26-78-199.us-west-2.compute.amazonaws.com\\/store\\/paypalVerify\",\"CANCELURL\":\"http:\\/\\/ec2-52-26-78-199.us-west-2.compute.amazonaws.com\\/store\\/PaymentOption\",\"NOSHIPPING\":\"1\",\"LANDINGPAGE\":\"Billing\",\"SOLUTIONTYPE\":\"Sole\",\"CURRENCYCODE\":\"USD\",\"METHOD\":\"SetExpressCheckout\",\"PAYMENTACTION\":\"Sale\",\"USER\":\"andres_api1.buzz.cr\",\"PWD\":\"E49JDGFYMRNDTN47\",\"SIGNATURE\":\"AFcWxV21C7fd0v3bYYYRCpSSRl31Atkmazb.acLHjUiTDzV6zcPuuWpx\",\"VERSION\":\"61.0\"}','{\"TOKEN\":\"EC-24W041383X163442K\",\"TIMESTAMP\":\"2017-02-21T09:30:27Z\",\"CORRELATIONID\":\"db96b6ca2f9bd\",\"ACK\":\"Success\",\"VERSION\":\"61.0\",\"BUILD\":\"30029726\"}','checkout','2017-02-21 03:30:27','58313'),(22,83,'EC-99W017048G913873M','{\"L_NAME0\":\"Jalea de manzana\",\"L_NUMBER0\":\"3\",\"L_DESC0\":\"\",\"L_AMT0\":\"6.00\",\"L_QTY0\":\"1\",\"L_NAME1\":\"Tostadas de pan tradicional\",\"L_NUMBER1\":\"\",\"L_DESC1\":\"\",\"L_AMT1\":\"1.00\",\"L_QTY1\":\"1\",\"L_NAME2\":\"Gastos de env\\u00edo\",\"L_AMT2\":\"2.00\",\"L_QTY2\":1,\"L_NAME3\":\"TAX\",\"L_AMT3\":\"0.91\",\"L_QTY3\":1,\"AMT\":\"9.91\",\"RETURNURL\":\"http:\\/\\/ec2-52-26-78-199.us-west-2.compute.amazonaws.com\\/store\\/paypalVerify\",\"CANCELURL\":\"http:\\/\\/ec2-52-26-78-199.us-west-2.compute.amazonaws.com\\/store\\/PaymentOption\",\"NOSHIPPING\":\"1\",\"LANDINGPAGE\":\"Billing\",\"SOLUTIONTYPE\":\"Sole\",\"CURRENCYCODE\":\"USD\",\"METHOD\":\"SetExpressCheckout\",\"PAYMENTACTION\":\"Sale\",\"USER\":\"andres_api1.buzz.cr\",\"PWD\":\"E49JDGFYMRNDTN47\",\"SIGNATURE\":\"AFcWxV21C7fd0v3bYYYRCpSSRl31Atkmazb.acLHjUiTDzV6zcPuuWpx\",\"VERSION\":\"61.0\"}','{\"TOKEN\":\"EC-99W017048G913873M\",\"TIMESTAMP\":\"2017-02-21T09:40:42Z\",\"CORRELATIONID\":\"bc5e029e93b5a\",\"ACK\":\"Success\",\"VERSION\":\"61.0\",\"BUILD\":\"30029726\"}','Success','2017-02-21 03:40:42','58836'),(23,84,'EC-62M35981KL7038749','{\"L_NAME0\":\"Jalea de manzana\",\"L_NUMBER0\":\"3\",\"L_DESC0\":\"\",\"L_AMT0\":\"6.00\",\"L_QTY0\":2,\"L_NAME1\":\"Jalea de manzana\",\"L_NUMBER1\":\"3\",\"L_DESC1\":\"\",\"L_AMT1\":\"6.00\",\"L_QTY1\":\"1\",\"L_NAME2\":\"Tostadas de pan tradicional\",\"L_NUMBER2\":\"\",\"L_DESC2\":\"\",\"L_AMT2\":\"1.00\",\"L_QTY2\":\"1\",\"L_NAME3\":\"Gastos de env\\u00edo\",\"L_AMT3\":\"2.00\",\"L_QTY3\":1,\"L_NAME4\":\"TAX\",\"L_AMT4\":\"2.47\",\"L_QTY4\":1,\"AMT\":\"23.47\",\"RETURNURL\":\"http:\\/\\/ec2-52-26-78-199.us-west-2.compute.amazonaws.com\\/store\\/paypalVerify\",\"CANCELURL\":\"http:\\/\\/ec2-52-26-78-199.us-west-2.compute.amazonaws.com\\/store\\/PaymentOption\",\"NOSHIPPING\":\"1\",\"LANDINGPAGE\":\"Billing\",\"SOLUTIONTYPE\":\"Sole\",\"CURRENCYCODE\":\"USD\",\"METHOD\":\"SetExpressCheckout\",\"PAYMENTACTION\":\"Sale\",\"USER\":\"andres_api1.buzz.cr\",\"PWD\":\"E49JDGFYMRNDTN47\",\"SIGNATURE\":\"AFcWxV21C7fd0v3bYYYRCpSSRl31Atkmazb.acLHjUiTDzV6zcPuuWpx\",\"VERSION\":\"61.0\"}','{\"TOKEN\":\"EC-62M35981KL7038749\",\"TIMESTAMP\":\"2017-02-21T10:57:33Z\",\"CORRELATIONID\":\"7c4eef5fd5a3f\",\"ACK\":\"Success\",\"VERSION\":\"61.0\",\"BUILD\":\"30029726\"}','checkout','2017-02-21 04:57:33','60819'),(24,85,'EC-86D48090BM142170E','{\"L_NAME0\":\"Jalea de manzana\",\"L_NUMBER0\":\"3\",\"L_DESC0\":\"\",\"L_AMT0\":\"6.00\",\"L_QTY0\":\"1\",\"L_NAME1\":\"Tostadas de pan tradicional\",\"L_NUMBER1\":\"\",\"L_DESC1\":\"\",\"L_AMT1\":\"1.00\",\"L_QTY1\":\"1\",\"L_NAME2\":\"Gastos de env\\u00edo\",\"L_AMT2\":\"2.00\",\"L_QTY2\":1,\"L_NAME3\":\"TAX\",\"L_AMT3\":\"0.91\",\"L_QTY3\":1,\"AMT\":\"9.91\",\"RETURNURL\":\"http:\\/\\/ec2-52-26-78-199.us-west-2.compute.amazonaws.com\\/store\\/paypalVerify\",\"CANCELURL\":\"http:\\/\\/ec2-52-26-78-199.us-west-2.compute.amazonaws.com\\/store\\/PaymentOption\",\"NOSHIPPING\":\"1\",\"LANDINGPAGE\":\"Billing\",\"SOLUTIONTYPE\":\"Sole\",\"CURRENCYCODE\":\"USD\",\"METHOD\":\"SetExpressCheckout\",\"PAYMENTACTION\":\"Sale\",\"USER\":\"andres_api1.buzz.cr\",\"PWD\":\"E49JDGFYMRNDTN47\",\"SIGNATURE\":\"AFcWxV21C7fd0v3bYYYRCpSSRl31Atkmazb.acLHjUiTDzV6zcPuuWpx\",\"VERSION\":\"61.0\"}','{\"TOKEN\":\"EC-86D48090BM142170E\",\"TIMESTAMP\":\"2017-02-21T10:58:29Z\",\"CORRELATIONID\":\"a3bfc05f98960\",\"ACK\":\"Success\",\"VERSION\":\"61.0\",\"BUILD\":\"30029726\"}','Success','2017-02-21 04:58:29','41821'),(25,86,'EC-06R527925X7820335','{\"L_NAME0\":\"Sandwich de champi\\u00f1ones y mozzarella\",\"L_NUMBER0\":\"8\",\"L_DESC0\":\"\",\"L_AMT0\":\"2.00\",\"L_QTY0\":\"2\",\"L_NAME1\":\"Papas fritas\",\"L_NUMBER1\":\"\",\"L_DESC1\":\"\",\"L_AMT1\":\"1.00\",\"L_QTY1\":\"1\",\"L_NAME2\":\"Ensalada Rusa\",\"L_NUMBER2\":\"\",\"L_DESC2\":\"\",\"L_AMT2\":\"1.50\",\"L_QTY2\":\"1\",\"L_NAME3\":\"Gastos de env\\u00edo\",\"L_AMT3\":\"2.00\",\"L_QTY3\":1,\"L_NAME4\":\"TAX\",\"L_AMT4\":\"1.11\",\"L_QTY4\":1,\"AMT\":\"9.61\",\"RETURNURL\":\"http:\\/\\/ec2-52-26-78-199.us-west-2.compute.amazonaws.com\\/store\\/paypalVerify\",\"CANCELURL\":\"http:\\/\\/ec2-52-26-78-199.us-west-2.compute.amazonaws.com\\/store\\/PaymentOption\",\"NOSHIPPING\":\"1\",\"LANDINGPAGE\":\"Billing\",\"SOLUTIONTYPE\":\"Sole\",\"CURRENCYCODE\":\"USD\",\"METHOD\":\"SetExpressCheckout\",\"PAYMENTACTION\":\"Sale\",\"USER\":\"andres_api1.buzz.cr\",\"PWD\":\"E49JDGFYMRNDTN47\",\"SIGNATURE\":\"AFcWxV21C7fd0v3bYYYRCpSSRl31Atkmazb.acLHjUiTDzV6zcPuuWpx\",\"VERSION\":\"61.0\"}','{\"TOKEN\":\"EC-06R527925X7820335\",\"TIMESTAMP\":\"2017-02-24T08:02:59Z\",\"CORRELATIONID\":\"2885d4382bd1f\",\"ACK\":\"Success\",\"VERSION\":\"61.0\",\"BUILD\":\"30029726\"}','Success','2017-02-24 02:02:59','60066');
/*!40000 ALTER TABLE `ka_paypal_checkout` ENABLE KEYS */;
UNLOCK TABLES;

--
-- Table structure for table `ka_paypal_payment`
--

DROP TABLE IF EXISTS `ka_paypal_payment`;
/*!40101 SET @saved_cs_client     = @@character_set_client */;
/*!40101 SET character_set_client = utf8 */;
CREATE TABLE `ka_paypal_payment` (
  `id` int(14) NOT NULL AUTO_INCREMENT,
  `order_id` int(14) DEFAULT NULL,
  `TOKEN` varchar(255) DEFAULT NULL,
  `TRANSACTIONID` varchar(100) DEFAULT NULL,
  `TRANSACTIONTYPE` varchar(100) DEFAULT NULL,
  `PAYMENTTYPE` varchar(100) DEFAULT NULL,
  `ORDERTIME` varchar(100) DEFAULT NULL,
  `AMT` varchar(14) DEFAULT NULL,
  `FEEAMT` varchar(14) DEFAULT NULL,
  `TAXAMT` varchar(14) DEFAULT NULL,
  `CURRENCYCODE` varchar(3) DEFAULT NULL,
  `PAYMENTSTATUS` varchar(100) DEFAULT NULL,
  `CORRELATIONID` varchar(100) DEFAULT NULL,
  `TIMESTAMP` varchar(100) DEFAULT NULL,
  `json_details` text,
  `date_created` varchar(50) DEFAULT NULL,
  `ip_address` varchar(100) DEFAULT NULL,
  PRIMARY KEY (`id`)
) ENGINE=InnoDB AUTO_INCREMENT=6 DEFAULT CHARSET=utf8;
/*!40101 SET character_set_client = @saved_cs_client */;

--
-- Dumping data for table `ka_paypal_payment`
--

LOCK TABLES `ka_paypal_payment` WRITE;
/*!40000 ALTER TABLE `ka_paypal_payment` DISABLE KEYS */;
INSERT INTO `ka_paypal_payment` VALUES (1,5,'EC-23H0996718265903D','55K46534CM917102L','expresscheckout','instant','2016-11-17T07:00:07Z','6.65','0.56','0.00','USD','Completed','ad7167d51a9ec','2016-11-17T07:00:08Z','{\"TOKEN\":\"EC-23H0996718265903D\",\"SUCCESSPAGEREDIRECTREQUESTED\":\"false\",\"TIMESTAMP\":\"2016-11-17T07:00:08Z\",\"CORRELATIONID\":\"ad7167d51a9ec\",\"ACK\":\"Success\",\"VERSION\":\"61.0\",\"BUILD\":\"000000\",\"TRANSACTIONID\":\"55K46534CM917102L\",\"RECEIPTID\":\"3478240865092877\",\"TRANSACTIONTYPE\":\"expresscheckout\",\"PAYMENTTYPE\":\"instant\",\"ORDERTIME\":\"2016-11-17T07:00:07Z\",\"AMT\":\"6.65\",\"FEEAMT\":\"0.56\",\"TAXAMT\":\"0.00\",\"CURRENCYCODE\":\"USD\",\"PAYMENTSTATUS\":\"Completed\",\"PENDINGREASON\":\"None\",\"REASONCODE\":\"None\",\"PROTECTIONELIGIBILITY\":\"Eligible\",\"INSURANCEOPTIONSELECTED\":\"false\",\"SHIPPINGOPTIONISDEFAULT\":\"false\"}','2016-11-17T01:00:08-06:00','186.64.150.120'),(2,70,'EC-4NG75735153069421','3NT0198859538500F','expresscheckout','instant','2017-01-18T20:49:25Z','6.78','0.56','0.00','USD','Completed','a00be72f9892d','2017-01-18T20:49:26Z','{\"TOKEN\":\"EC-4NG75735153069421\",\"SUCCESSPAGEREDIRECTREQUESTED\":\"false\",\"TIMESTAMP\":\"2017-01-18T20:49:26Z\",\"CORRELATIONID\":\"a00be72f9892d\",\"ACK\":\"Success\",\"VERSION\":\"61.0\",\"BUILD\":\"28806785\",\"TRANSACTIONID\":\"3NT0198859538500F\",\"RECEIPTID\":\"3144364540744050\",\"TRANSACTIONTYPE\":\"expresscheckout\",\"PAYMENTTYPE\":\"instant\",\"ORDERTIME\":\"2017-01-18T20:49:25Z\",\"AMT\":\"6.78\",\"FEEAMT\":\"0.56\",\"TAXAMT\":\"0.00\",\"CURRENCYCODE\":\"USD\",\"PAYMENTSTATUS\":\"Completed\",\"PENDINGREASON\":\"None\",\"REASONCODE\":\"None\",\"PROTECTIONELIGIBILITY\":\"Eligible\",\"INSURANCEOPTIONSELECTED\":\"false\",\"SHIPPINGOPTIONISDEFAULT\":\"false\"}','2017-01-18','186.176.135.203'),(3,83,'EC-99W017048G913873M','63517766VU455060G','expresscheckout','instant','2017-02-21T09:43:12Z','9.91','0.59','0.00','USD','Completed','857b40a569dbd','2017-02-21T09:43:13Z','{\"TOKEN\":\"EC-99W017048G913873M\",\"SUCCESSPAGEREDIRECTREQUESTED\":\"false\",\"TIMESTAMP\":\"2017-02-21T09:43:13Z\",\"CORRELATIONID\":\"857b40a569dbd\",\"ACK\":\"Success\",\"VERSION\":\"61.0\",\"BUILD\":\"30029726\",\"TRANSACTIONID\":\"63517766VU455060G\",\"TRANSACTIONTYPE\":\"expresscheckout\",\"PAYMENTTYPE\":\"instant\",\"ORDERTIME\":\"2017-02-21T09:43:12Z\",\"AMT\":\"9.91\",\"FEEAMT\":\"0.59\",\"TAXAMT\":\"0.00\",\"CURRENCYCODE\":\"USD\",\"PAYMENTSTATUS\":\"Completed\",\"PENDINGREASON\":\"None\",\"REASONCODE\":\"None\",\"PROTECTIONELIGIBILITY\":\"Eligible\",\"INSURANCEOPTIONSELECTED\":\"false\",\"SHIPPINGOPTIONISDEFAULT\":\"false\"}','2017-02-21','116.72.51.121'),(4,85,'EC-86D48090BM142170E','4X768698CE892702A','expresscheckout','instant','2017-02-21T10:59:49Z','9.91','0.59','0.00','USD','Completed','b6c72e1a8ea40','2017-02-21T10:59:49Z','{\"TOKEN\":\"EC-86D48090BM142170E\",\"SUCCESSPAGEREDIRECTREQUESTED\":\"false\",\"TIMESTAMP\":\"2017-02-21T10:59:49Z\",\"CORRELATIONID\":\"b6c72e1a8ea40\",\"ACK\":\"Success\",\"VERSION\":\"61.0\",\"BUILD\":\"30029726\",\"TRANSACTIONID\":\"4X768698CE892702A\",\"TRANSACTIONTYPE\":\"expresscheckout\",\"PAYMENTTYPE\":\"instant\",\"ORDERTIME\":\"2017-02-21T10:59:49Z\",\"AMT\":\"9.91\",\"FEEAMT\":\"0.59\",\"TAXAMT\":\"0.00\",\"CURRENCYCODE\":\"USD\",\"PAYMENTSTATUS\":\"Completed\",\"PENDINGREASON\":\"None\",\"REASONCODE\":\"None\",\"PROTECTIONELIGIBILITY\":\"Eligible\",\"INSURANCEOPTIONSELECTED\":\"false\",\"SHIPPINGOPTIONISDEFAULT\":\"false\"}','2017-02-21','116.72.51.121'),(5,86,'EC-06R527925X7820335','9R107386RJ703525V','expresscheckout','instant','2017-02-24T08:06:41Z','9.61','0.58','0.00','USD','Completed','db18e4fcc0608','2017-02-24T08:06:42Z','{\"TOKEN\":\"EC-06R527925X7820335\",\"SUCCESSPAGEREDIRECTREQUESTED\":\"false\",\"TIMESTAMP\":\"2017-02-24T08:06:42Z\",\"CORRELATIONID\":\"db18e4fcc0608\",\"ACK\":\"Success\",\"VERSION\":\"61.0\",\"BUILD\":\"30029726\",\"TRANSACTIONID\":\"9R107386RJ703525V\",\"TRANSACTIONTYPE\":\"expresscheckout\",\"PAYMENTTYPE\":\"instant\",\"ORDERTIME\":\"2017-02-24T08:06:41Z\",\"AMT\":\"9.61\",\"FEEAMT\":\"0.58\",\"TAXAMT\":\"0.00\",\"CURRENCYCODE\":\"USD\",\"PAYMENTSTATUS\":\"Completed\",\"PENDINGREASON\":\"None\",\"REASONCODE\":\"None\",\"PROTECTIONELIGIBILITY\":\"Eligible\",\"INSURANCEOPTIONSELECTED\":\"false\",\"SHIPPINGOPTIONISDEFAULT\":\"false\"}','2017-02-24','116.72.48.117');
/*!40000 ALTER TABLE `ka_paypal_payment` ENABLE KEYS */;
UNLOCK TABLES;

--
-- Table structure for table `ka_rating`
--

DROP TABLE IF EXISTS `ka_rating`;
/*!40101 SET @saved_cs_client     = @@character_set_client */;
/*!40101 SET character_set_client = utf8 */;
CREATE TABLE `ka_rating` (
  `id` int(14) NOT NULL AUTO_INCREMENT,
  `merchant_id` int(14) DEFAULT NULL,
  `ratings` float(14,1) DEFAULT NULL,
  `client_id` int(14) DEFAULT NULL,
  `date_created` datetime DEFAULT NULL,
  `ip_address` varchar(50) DEFAULT NULL,
  PRIMARY KEY (`id`),
  KEY `merchant_id` (`merchant_id`),
  KEY `client_id` (`client_id`)
) ENGINE=InnoDB AUTO_INCREMENT=5 DEFAULT CHARSET=utf8;
/*!40101 SET character_set_client = @saved_cs_client */;

--
-- Dumping data for table `ka_rating`
--

LOCK TABLES `ka_rating` WRITE;
/*!40000 ALTER TABLE `ka_rating` DISABLE KEYS */;
INSERT INTO `ka_rating` VALUES (1,11,4.0,3,'2016-12-13 14:28:54','186.64.150.120'),(2,1,5.0,3,'2016-12-13 14:29:53','186.64.150.120'),(3,13,1.0,3,'2017-02-21 10:07:39','186.176.135.203'),(4,1,2.0,16,'2017-02-22 00:15:20','116.72.31.17');
/*!40000 ALTER TABLE `ka_rating` ENABLE KEYS */;
UNLOCK TABLES;

--
-- Table structure for table `ka_rating_meaning`
--

DROP TABLE IF EXISTS `ka_rating_meaning`;
/*!40101 SET @saved_cs_client     = @@character_set_client */;
/*!40101 SET character_set_client = utf8 */;
CREATE TABLE `ka_rating_meaning` (
  `id` int(14) NOT NULL AUTO_INCREMENT,
  `rating_start` float(14,1) DEFAULT NULL,
  `rating_end` float(14,1) DEFAULT NULL,
  `meaning` varchar(255) DEFAULT NULL,
  `date_created` datetime DEFAULT NULL,
  `date_modified` datetime DEFAULT NULL,
  `ip_address` varchar(50) DEFAULT NULL,
  PRIMARY KEY (`id`)
) ENGINE=InnoDB AUTO_INCREMENT=5 DEFAULT CHARSET=utf8;
/*!40101 SET character_set_client = @saved_cs_client */;

--
-- Dumping data for table `ka_rating_meaning`
--

LOCK TABLES `ka_rating_meaning` WRITE;
/*!40000 ALTER TABLE `ka_rating_meaning` DISABLE KEYS */;
INSERT INTO `ka_rating_meaning` VALUES (1,1.0,1.9,'Mal','2016-11-02 01:32:13','2016-11-19 17:10:52','186.64.150.120'),(2,2.0,2.9,'Bien','2016-11-02 01:32:13','2016-11-19 17:10:27','186.64.150.120'),(3,3.0,4.0,'Muy bien','2016-11-02 01:32:13','2016-11-19 17:10:19','186.64.150.120'),(4,4.1,5.0,'Excelente','2016-11-02 01:32:13','2016-11-19 17:09:55','186.64.150.120');
/*!40000 ALTER TABLE `ka_rating_meaning` ENABLE KEYS */;
UNLOCK TABLES;

--
-- Table structure for table `ka_review`
--

DROP TABLE IF EXISTS `ka_review`;
/*!40101 SET @saved_cs_client     = @@character_set_client */;
/*!40101 SET character_set_client = utf8 */;
CREATE TABLE `ka_review` (
  `id` int(14) NOT NULL AUTO_INCREMENT,
  `merchant_id` int(14) DEFAULT NULL,
  `client_id` int(14) DEFAULT NULL,
  `review` text,
  `rating` float(14,1) DEFAULT NULL,
  `status` varchar(100) NOT NULL DEFAULT 'publish',
  `date_created` datetime DEFAULT NULL,
  `ip_address` varchar(50) DEFAULT NULL,
  `order_id` varchar(14) DEFAULT NULL,
  PRIMARY KEY (`id`)
) ENGINE=InnoDB AUTO_INCREMENT=7 DEFAULT CHARSET=utf8;
/*!40101 SET character_set_client = @saved_cs_client */;

--
-- Dumping data for table `ka_review`
--

LOCK TABLES `ka_review` WRITE;
/*!40000 ALTER TABLE `ka_review` DISABLE KEYS */;
INSERT INTO `ka_review` VALUES (1,11,3,'Delicioso, ¡recomiendo 100% del Sandwich de champiñones!',4.0,'publish','2016-12-13 14:28:54','',''),(2,1,3,'Súper bueno, conozco personalmente el trabajo de Marco, El Artesano de la Comida, y amo las mermeladas que hace. 100% recomendado!',5.0,'publish','2016-12-13 14:29:53','',''),(3,13,3,'Medio Flojo',1.0,'publish','2017-02-21 00:00:00',NULL,NULL),(4,1,16,'ok ok',1.0,'publish','2017-02-22 00:00:00',NULL,NULL),(5,1,16,'a',1.0,'publish','2017-02-22 00:00:00',NULL,NULL),(6,1,16,'hello',2.0,'publish','2017-02-22 00:00:00',NULL,NULL);
/*!40000 ALTER TABLE `ka_review` ENABLE KEYS */;
UNLOCK TABLES;

--
-- Table structure for table `ka_shipping_rate`
--

DROP TABLE IF EXISTS `ka_shipping_rate`;
/*!40101 SET @saved_cs_client     = @@character_set_client */;
/*!40101 SET character_set_client = utf8 */;
CREATE TABLE `ka_shipping_rate` (
  `id` int(14) NOT NULL AUTO_INCREMENT,
  `merchant_id` int(14) DEFAULT NULL,
  `distance_from` int(14) DEFAULT NULL,
  `distance_to` int(14) DEFAULT NULL,
  `shipping_units` varchar(5) DEFAULT NULL,
  `distance_price` float(14,4) DEFAULT NULL,
  PRIMARY KEY (`id`)
) ENGINE=InnoDB AUTO_INCREMENT=53 DEFAULT CHARSET=utf8;
/*!40101 SET character_set_client = @saved_cs_client */;

--
-- Dumping data for table `ka_shipping_rate`
--

LOCK TABLES `ka_shipping_rate` WRITE;
/*!40000 ALTER TABLE `ka_shipping_rate` DISABLE KEYS */;
INSERT INTO `ka_shipping_rate` VALUES (6,7,0,3,'km',1000.0000),(7,7,4,10,'km',1200.0000),(8,7,11,20,'mi',1500.0000),(9,7,21,50,'mi',3000.0000),(21,1,1,10,'km',1.0000),(22,1,11,20,'km',2.0000),(23,1,21,50,'km',3.0000),(24,1,51,100,'km',5.0000),(49,11,0,10,'km',2.0000),(50,11,11,20,'km',3.0000),(51,11,20,50,'km',4.0000),(52,11,51,200,'km',10.0000);
/*!40000 ALTER TABLE `ka_shipping_rate` ENABLE KEYS */;
UNLOCK TABLES;

--
-- Table structure for table `ka_size`
--

DROP TABLE IF EXISTS `ka_size`;
/*!40101 SET @saved_cs_client     = @@character_set_client */;
/*!40101 SET character_set_client = utf8 */;
CREATE TABLE `ka_size` (
  `size_id` int(14) NOT NULL AUTO_INCREMENT,
  `merchant_id` int(14) DEFAULT NULL,
  `size_name` varchar(255) DEFAULT NULL,
  `sequence` int(14) DEFAULT NULL,
  `status` varchar(50) NOT NULL DEFAULT 'published',
  `date_created` datetime DEFAULT NULL,
  `date_modified` datetime DEFAULT NULL,
  `ip_address` varchar(50) DEFAULT NULL,
  `size_name_trans` text,
  PRIMARY KEY (`size_id`)
) ENGINE=InnoDB AUTO_INCREMENT=11 DEFAULT CHARSET=utf8;
/*!40101 SET character_set_client = @saved_cs_client */;

--
-- Dumping data for table `ka_size`
--

LOCK TABLES `ka_size` WRITE;
/*!40000 ALTER TABLE `ka_size` DISABLE KEYS */;
INSERT INTO `ka_size` VALUES (1,1,'Regular',0,'publish','2016-11-16 17:19:15','0000-00-00 00:00:00','186.177.47.215',''),(2,7,'Mediano',0,'publish','2016-11-19 20:56:57','2016-11-19 20:57:04','186.64.150.120',''),(3,7,'Grande',0,'publish','2016-11-19 20:57:12','0000-00-00 00:00:00','186.64.150.120',''),(4,7,'Pequeño',0,'publish','2016-11-19 20:57:22','0000-00-00 00:00:00','186.64.150.120',''),(5,11,'15 cm',0,'publish','2016-12-05 06:16:39','0000-00-00 00:00:00','186.64.150.120',''),(6,11,'30 cm',0,'publish','2016-12-05 06:16:44','2017-01-19 00:00:00','49.150.144.18',''),(7,1,'Grande',0,'publish','2016-12-13 13:33:49','0000-00-00 00:00:00','186.64.150.120',''),(8,12,'Pequeño',NULL,'publish','2017-02-02 00:00:00',NULL,'186.26.120.30',NULL),(9,12,'Mediano',NULL,'publish','2017-02-02 00:00:00',NULL,'186.26.120.30',NULL),(10,17,'unico',NULL,'publish','2017-03-10 00:00:00',NULL,'186.176.135.203',NULL);
/*!40000 ALTER TABLE `ka_size` ENABLE KEYS */;
UNLOCK TABLES;

--
-- Table structure for table `ka_sms_broadcast`
--

DROP TABLE IF EXISTS `ka_sms_broadcast`;
/*!40101 SET @saved_cs_client     = @@character_set_client */;
/*!40101 SET character_set_client = utf8 */;
CREATE TABLE `ka_sms_broadcast` (
  `broadcast_id` int(14) NOT NULL AUTO_INCREMENT,
  `merchant_id` int(14) DEFAULT NULL,
  `send_to` int(14) DEFAULT NULL,
  `list_mobile_number` text CHARACTER SET utf8,
  `sms_alert_message` varchar(255) CHARACTER SET utf8 DEFAULT NULL,
  `status` varchar(255) CHARACTER SET utf8 NOT NULL DEFAULT 'pending',
  `date_created` datetime DEFAULT NULL,
  `date_modified` datetime DEFAULT NULL,
  `ip_address` varchar(50) CHARACTER SET utf8 DEFAULT NULL,
  PRIMARY KEY (`broadcast_id`)
) ENGINE=InnoDB DEFAULT CHARSET=ucs2;
/*!40101 SET character_set_client = @saved_cs_client */;

--
-- Dumping data for table `ka_sms_broadcast`
--

LOCK TABLES `ka_sms_broadcast` WRITE;
/*!40000 ALTER TABLE `ka_sms_broadcast` DISABLE KEYS */;
/*!40000 ALTER TABLE `ka_sms_broadcast` ENABLE KEYS */;
UNLOCK TABLES;

--
-- Table structure for table `ka_sms_broadcast_details`
--

DROP TABLE IF EXISTS `ka_sms_broadcast_details`;
/*!40101 SET @saved_cs_client     = @@character_set_client */;
/*!40101 SET character_set_client = utf8 */;
CREATE TABLE `ka_sms_broadcast_details` (
  `id` int(14) NOT NULL AUTO_INCREMENT,
  `merchant_id` int(14) DEFAULT NULL,
  `broadcast_id` int(14) DEFAULT NULL,
  `client_id` int(14) DEFAULT NULL,
  `client_name` varchar(255) DEFAULT NULL,
  `contact_phone` varchar(50) DEFAULT NULL,
  `sms_message` varchar(255) DEFAULT NULL,
  `status` varchar(255) NOT NULL DEFAULT 'pending',
  `gateway_response` text,
  `date_created` datetime DEFAULT NULL,
  `date_executed` datetime DEFAULT NULL,
  `ip_address` varchar(50) DEFAULT NULL,
  `gateway` varchar(255) NOT NULL DEFAULT 'twilio',
  PRIMARY KEY (`id`)
) ENGINE=InnoDB AUTO_INCREMENT=31 DEFAULT CHARSET=utf8;
/*!40101 SET character_set_client = @saved_cs_client */;

--
-- Dumping data for table `ka_sms_broadcast_details`
--

LOCK TABLES `ka_sms_broadcast_details` WRITE;
/*!40000 ALTER TABLE `ka_sms_broadcast_details` DISABLE KEYS */;
INSERT INTO `ka_sms_broadcast_details` VALUES (1,0,0,0,'','+50688931526','Your verificatio code is 322113','process','0D00000015E317F5','2016-11-16 16:51:35','0000-00-00 00:00:00','186.177.47.215','nexmo'),(2,0,0,0,'','+50688931526','Él código de verificación es 424311','process','0B0000001FD473B2','2016-11-19 21:11:44','0000-00-00 00:00:00','186.64.150.120','nexmo'),(3,0,0,0,'','+50671402190','Él código de verificación es 204101','Non White-listed Destination - rejected','','2016-11-19 23:31:58','0000-00-00 00:00:00','186.64.150.120','nexmo'),(4,0,999999999,0,'','+50688931526','','El mensaje es requerido','','2016-12-05 10:09:11','0000-00-00 00:00:00','186.64.150.120','nexmo'),(5,0,999999999,0,'','+50688931526','','El mensaje es requerido','','2016-12-05 10:09:28','0000-00-00 00:00:00','186.64.150.120','nexmo'),(6,0,999999999,0,'','+50688931526','','El mensaje es requerido','','2016-12-05 11:34:27','0000-00-00 00:00:00','186.176.135.203','nexmo'),(7,0,0,0,'','+50689218522','Él código de verificación es 044240','Non White-listed Destination - rejected','','2016-12-05 14:32:05','0000-00-00 00:00:00','186.176.135.203','nexmo'),(8,0,999999999,0,'','+50688931526','','El mensaje es requerido','','2016-12-05 14:47:03','0000-00-00 00:00:00','186.176.135.203','nexmo'),(9,0,999999999,0,'','+50688931526','','El mensaje es requerido','','2016-12-05 14:47:08','0000-00-00 00:00:00','186.176.135.203','nexmo'),(10,0,999999999,0,'','+50688931526','','El mensaje es requerido','','2016-12-05 14:49:40','0000-00-00 00:00:00','186.176.135.203','nexmo'),(11,0,999999999,0,'','','','El mensaje es requerido','','2016-12-13 16:39:05','0000-00-00 00:00:00','186.15.209.214','nexmo'),(12,0,999999999,0,'','+50688931526','','El mensaje es requerido','','2016-12-13 17:08:40','0000-00-00 00:00:00','186.15.209.214','nexmo'),(13,0,999999999,0,'','+50688931526','','El mensaje es requerido','','2016-12-13 17:11:39','0000-00-00 00:00:00','186.15.209.214','nexmo'),(14,0,0,0,'','+50688490336','Él código de verificación es 023104','Non White-listed Destination - rejected','','2016-12-14 18:45:23','0000-00-00 00:00:00','201.194.87.49','nexmo'),(15,0,999999999,0,'','','Se ha asignado un pedido, aceptalo / rechazalo en FoodMarket - Express','Non White-listed Destination - rejected','','2016-12-14 19:17:28','0000-00-00 00:00:00','201.194.87.49','nexmo'),(16,0,999999999,0,'','+50688931526','','El mensaje es requerido','','2016-12-14 19:17:31','0000-00-00 00:00:00','201.194.87.49','nexmo'),(17,0,999999999,0,'','+50688931526','El pedido ha sido entregado. ¡Buen provecho!','Non White-listed Destination - rejected','','2016-12-14 19:22:26','0000-00-00 00:00:00','201.194.87.49','nexmo'),(18,NULL,NULL,NULL,NULL,'+50612345654','Él código de verificación es 312030','Non White-listed Destination - rejected','','2017-01-12 12:34:45',NULL,'192.80.138.18','nexmo'),(19,NULL,NULL,NULL,NULL,'+50612345654','Él código de verificación es 130403','Non White-listed Destination - rejected','','2017-01-12 13:11:02',NULL,'192.80.138.18','nexmo'),(20,NULL,NULL,NULL,NULL,'+50612345654','Él código de verificación es 133430','Non White-listed Destination - rejected','','2017-01-12 13:11:10',NULL,'192.80.138.18','nexmo'),(21,NULL,NULL,NULL,NULL,'+50612345654','Él código de verificación es 311422','Non White-listed Destination - rejected','','2017-01-12 13:11:25',NULL,'192.80.138.18','nexmo'),(22,NULL,NULL,NULL,NULL,'+50612345654','Él código de verificación es 343421','Non White-listed Destination - rejected','','2017-01-12 13:39:12',NULL,'139.208.193.61','nexmo'),(23,NULL,NULL,NULL,NULL,'+50612345654','Él código de verificación es 441324','Non White-listed Destination - rejected','','2017-01-12 13:39:12',NULL,'139.208.193.61','nexmo'),(24,NULL,NULL,NULL,NULL,'+50622344','Your verificatio code is 442233','Non White-listed Destination - rejected','','2017-01-12 13:43:58',NULL,'45.55.31.240','nexmo'),(25,NULL,999999999,NULL,NULL,'+50688931526','Se ha asignado un pedido, aceptalo / rechazalo en FoodMarket - Express','process','0D0000001EC6D997','2017-01-19 00:09:26',NULL,'186.64.149.93','nexmo'),(26,NULL,999999999,NULL,NULL,'+50688931526','','El mensaje es requerido','','2017-01-19 00:09:28',NULL,'186.64.149.93','nexmo'),(27,NULL,999999999,NULL,NULL,'+50688931526','El pedido ha sido entregado. ¡Buen provecho!','process','0D0000001EC6DB3A','2017-01-19 00:09:58',NULL,'186.64.149.93','nexmo'),(28,NULL,NULL,NULL,NULL,'+50688931527','Él código de verificación es 104422','Non White-listed Destination - rejected','','2017-01-27 15:52:52',NULL,'186.176.135.203','nexmo'),(29,NULL,NULL,NULL,NULL,'+54 9 1142037892','Él código de verificación es 011310','Non White-listed Destination - rejected','','2017-02-01 18:07:56',NULL,'181.27.145.84','nexmo'),(30,NULL,NULL,NULL,NULL,'+506 88602557','Él código de verificación es 003142','Non White-listed Destination - rejected','','2017-02-02 17:22:03',NULL,'181.194.149.78','nexmo');
/*!40000 ALTER TABLE `ka_sms_broadcast_details` ENABLE KEYS */;
UNLOCK TABLES;

--
-- Table structure for table `ka_sms_package`
--

DROP TABLE IF EXISTS `ka_sms_package`;
/*!40101 SET @saved_cs_client     = @@character_set_client */;
/*!40101 SET character_set_client = utf8 */;
CREATE TABLE `ka_sms_package` (
  `sms_package_id` int(14) NOT NULL AUTO_INCREMENT,
  `title` varchar(255) DEFAULT NULL,
  `description` text,
  `price` float(14,4) DEFAULT NULL,
  `promo_price` float(14,4) DEFAULT NULL,
  `sms_limit` int(14) DEFAULT NULL,
  `sequence` int(14) DEFAULT NULL,
  `status` varchar(100) DEFAULT NULL,
  `date_created` datetime DEFAULT NULL,
  `date_modified` datetime DEFAULT NULL,
  `ip_address` varchar(100) DEFAULT NULL,
  PRIMARY KEY (`sms_package_id`)
) ENGINE=InnoDB DEFAULT CHARSET=utf8;
/*!40101 SET character_set_client = @saved_cs_client */;

--
-- Dumping data for table `ka_sms_package`
--

LOCK TABLES `ka_sms_package` WRITE;
/*!40000 ALTER TABLE `ka_sms_package` DISABLE KEYS */;
/*!40000 ALTER TABLE `ka_sms_package` ENABLE KEYS */;
UNLOCK TABLES;

--
-- Table structure for table `ka_sms_package_trans`
--

DROP TABLE IF EXISTS `ka_sms_package_trans`;
/*!40101 SET @saved_cs_client     = @@character_set_client */;
/*!40101 SET character_set_client = utf8 */;
CREATE TABLE `ka_sms_package_trans` (
  `id` int(14) NOT NULL AUTO_INCREMENT,
  `merchant_id` int(14) DEFAULT NULL,
  `sms_package_id` int(14) DEFAULT NULL,
  `payment_type` varchar(50) DEFAULT NULL,
  `package_price` float(14,4) DEFAULT NULL,
  `sms_limit` int(14) DEFAULT NULL,
  `status` varchar(100) NOT NULL DEFAULT 'pending',
  `payment_reference` varchar(255) DEFAULT NULL,
  `payment_gateway_response` text,
  `date_created` datetime DEFAULT NULL,
  `ip_address` varchar(50) DEFAULT NULL,
  PRIMARY KEY (`id`)
) ENGINE=InnoDB DEFAULT CHARSET=utf8;
/*!40101 SET character_set_client = @saved_cs_client */;

--
-- Dumping data for table `ka_sms_package_trans`
--

LOCK TABLES `ka_sms_package_trans` WRITE;
/*!40000 ALTER TABLE `ka_sms_package_trans` DISABLE KEYS */;
/*!40000 ALTER TABLE `ka_sms_package_trans` ENABLE KEYS */;
UNLOCK TABLES;

--
-- Table structure for table `ka_stripe_logs`
--

DROP TABLE IF EXISTS `ka_stripe_logs`;
/*!40101 SET @saved_cs_client     = @@character_set_client */;
/*!40101 SET character_set_client = utf8 */;
CREATE TABLE `ka_stripe_logs` (
  `id` int(14) NOT NULL AUTO_INCREMENT,
  `order_id` int(14) DEFAULT NULL,
  `json_result` text CHARACTER SET utf8,
  PRIMARY KEY (`id`)
) ENGINE=InnoDB DEFAULT CHARSET=latin1;
/*!40101 SET character_set_client = @saved_cs_client */;

--
-- Dumping data for table `ka_stripe_logs`
--

LOCK TABLES `ka_stripe_logs` WRITE;
/*!40000 ALTER TABLE `ka_stripe_logs` DISABLE KEYS */;
/*!40000 ALTER TABLE `ka_stripe_logs` ENABLE KEYS */;
UNLOCK TABLES;

--
-- Table structure for table `ka_subcategory`
--

DROP TABLE IF EXISTS `ka_subcategory`;
/*!40101 SET @saved_cs_client     = @@character_set_client */;
/*!40101 SET character_set_client = utf8 */;
CREATE TABLE `ka_subcategory` (
  `subcat_id` int(14) NOT NULL AUTO_INCREMENT,
  `merchant_id` int(14) DEFAULT NULL,
  `subcategory_name` varchar(255) DEFAULT NULL,
  `subcategory_description` text,
  `discount` varchar(20) DEFAULT NULL,
  `sequence` int(14) DEFAULT NULL,
  `date_created` datetime DEFAULT NULL,
  `date_modified` datetime DEFAULT NULL,
  `ip_address` varchar(50) DEFAULT NULL,
  `status` varchar(100) NOT NULL DEFAULT 'publish',
  `subcategory_name_trans` text,
  `subcategory_description_trans` text,
  PRIMARY KEY (`subcat_id`)
) ENGINE=InnoDB AUTO_INCREMENT=5 DEFAULT CHARSET=utf8;
/*!40101 SET character_set_client = @saved_cs_client */;

--
-- Dumping data for table `ka_subcategory`
--

LOCK TABLES `ka_subcategory` WRITE;
/*!40000 ALTER TABLE `ka_subcategory` DISABLE KEYS */;
INSERT INTO `ka_subcategory` VALUES (1,7,'Acompañamientos','Con qué deseas acompañar tu platillo','',0,'2016-11-19 20:55:03','0000-00-00 00:00:00','186.64.150.120','publish','',''),(2,7,'Carnes de casado','Cuál proteína preferís','',0,'2016-11-19 21:02:20','0000-00-00 00:00:00','186.64.150.120','publish','',''),(3,11,'Adicionales','','',0,'2016-12-05 06:17:00','2017-01-18 00:00:00','186.176.135.203','publish','',''),(4,1,'Acompañamientos:','','',0,'2016-12-13 13:34:05','0000-00-00 00:00:00','186.64.150.120','publish','','');
/*!40000 ALTER TABLE `ka_subcategory` ENABLE KEYS */;
UNLOCK TABLES;

--
-- Table structure for table `ka_subcategory_item`
--

DROP TABLE IF EXISTS `ka_subcategory_item`;
/*!40101 SET @saved_cs_client     = @@character_set_client */;
/*!40101 SET character_set_client = utf8 */;
CREATE TABLE `ka_subcategory_item` (
  `sub_item_id` int(14) NOT NULL AUTO_INCREMENT,
  `merchant_id` int(14) DEFAULT NULL,
  `sub_item_name` varchar(255) DEFAULT NULL,
  `item_description` text,
  `category` varchar(255) DEFAULT NULL,
  `price` varchar(15) DEFAULT NULL,
  `photo` varchar(255) DEFAULT NULL,
  `sequence` int(14) DEFAULT NULL,
  `status` varchar(50) DEFAULT NULL,
  `date_created` datetime DEFAULT NULL,
  `date_modified` datetime DEFAULT NULL,
  `ip_address` varchar(50) DEFAULT NULL,
  `sub_item_name_trans` text,
  `item_description_trans` text,
  PRIMARY KEY (`sub_item_id`)
) ENGINE=InnoDB AUTO_INCREMENT=9 DEFAULT CHARSET=utf8;
/*!40101 SET character_set_client = @saved_cs_client */;

--
-- Dumping data for table `ka_subcategory_item`
--

LOCK TABLES `ka_subcategory_item` WRITE;
/*!40000 ALTER TABLE `ka_subcategory_item` DISABLE KEYS */;
INSERT INTO `ka_subcategory_item` VALUES (1,7,'Papas fritas','¡Crujientes, suaves y deliciosas!','[\"1\"]','500','',0,'publish','2016-11-19 20:55:44','0000-00-00 00:00:00','186.64.150.120','',''),(2,7,'Yuca frita','Yuca crujiente por fuera, suave por dentro.','[\"1\"]','450','',0,'publish','2016-11-19 20:56:21','0000-00-00 00:00:00','186.64.150.120','',''),(3,7,'Pezcado empanizado','','[\"2\"]','300','',0,'publish','2016-11-19 21:02:51','0000-00-00 00:00:00','186.64.150.120','',''),(4,7,'Milanesa de lomito','','[\"2\"]','500','',0,'publish','2016-11-19 21:03:10','2016-11-19 21:03:19','186.64.150.120','',''),(5,11,'Papas fritas','','[\"3\"]','1','',0,'publish','2016-12-05 06:18:23','2017-01-18 00:00:00','186.176.135.203','',''),(6,11,'Ensalada de repollo','','[\"3\"]','1','',0,'publish','2016-12-05 06:18:40','2016-12-05 06:18:52','186.64.150.120','',''),(7,11,'Ensalada Rusa','','[\"3\"]','1.5','',0,'publish','2016-12-05 06:19:04','2017-01-18 00:00:00','186.176.135.203','',''),(8,1,'Tostadas de pan tradicional','El mejor pan fresco, hecho el mismo día','[\"4\"]','1','1481657725-toast.jpg',0,'publish','2016-12-13 13:34:39','2016-12-13 13:35:27','186.64.150.120','','');
/*!40000 ALTER TABLE `ka_subcategory_item` ENABLE KEYS */;
UNLOCK TABLES;

--
-- Temporary table structure for view `ka_view_merchant`
--

DROP TABLE IF EXISTS `ka_view_merchant`;
/*!50001 DROP VIEW IF EXISTS `ka_view_merchant`*/;
SET @saved_cs_client     = @@character_set_client;
SET character_set_client = utf8;
/*!50001 CREATE VIEW `ka_view_merchant` AS SELECT 
 1 AS `merchant_id`,
 1 AS `restaurant_slug`,
 1 AS `restaurant_name`,
 1 AS `restaurant_phone`,
 1 AS `contact_name`,
 1 AS `contact_phone`,
 1 AS `contact_email`,
 1 AS `country_code`,
 1 AS `street`,
 1 AS `city`,
 1 AS `state`,
 1 AS `post_code`,
 1 AS `cuisine`,
 1 AS `service`,
 1 AS `free_delivery`,
 1 AS `delivery_estimation`,
 1 AS `username`,
 1 AS `password`,
 1 AS `activation_key`,
 1 AS `activation_token`,
 1 AS `status`,
 1 AS `date_created`,
 1 AS `date_modified`,
 1 AS `date_activated`,
 1 AS `last_login`,
 1 AS `ip_address`,
 1 AS `package_id`,
 1 AS `package_price`,
 1 AS `membership_expired`,
 1 AS `payment_steps`,
 1 AS `is_featured`,
 1 AS `is_ready`,
 1 AS `is_sponsored`,
 1 AS `sponsored_expiration`,
 1 AS `lost_password_code`,
 1 AS `user_lang`,
 1 AS `membership_purchase_date`,
 1 AS `sort_featured`,
 1 AS `is_commission`,
 1 AS `percent_commision`,
 1 AS `abn`,
 1 AS `session_token`,
 1 AS `commision_type`,
 1 AS `mobile_session_token`,
 1 AS `latitude`,
 1 AS `lontitude`,
 1 AS `delivery_charges`,
 1 AS `minimum_order`,
 1 AS `ratings`*/;
SET character_set_client = @saved_cs_client;

--
-- Temporary table structure for view `ka_view_order_details`
--

DROP TABLE IF EXISTS `ka_view_order_details`;
/*!50001 DROP VIEW IF EXISTS `ka_view_order_details`*/;
SET @saved_cs_client     = @@character_set_client;
SET character_set_client = utf8;
/*!50001 CREATE VIEW `ka_view_order_details` AS SELECT 
 1 AS `id`,
 1 AS `order_id`,
 1 AS `client_id`,
 1 AS `item_id`,
 1 AS `item_name`,
 1 AS `order_notes`,
 1 AS `normal_price`,
 1 AS `discounted_price`,
 1 AS `size`,
 1 AS `qty`,
 1 AS `cooking_ref`,
 1 AS `addon`,
 1 AS `ingredients`,
 1 AS `non_taxable`,
 1 AS `merchant_id`,
 1 AS `status`,
 1 AS `date_created`*/;
SET character_set_client = @saved_cs_client;

--
-- Temporary table structure for view `ka_view_ratings`
--

DROP TABLE IF EXISTS `ka_view_ratings`;
/*!50001 DROP VIEW IF EXISTS `ka_view_ratings`*/;
SET @saved_cs_client     = @@character_set_client;
SET character_set_client = utf8;
/*!50001 CREATE VIEW `ka_view_ratings` AS SELECT 
 1 AS `merchant_id`,
 1 AS `ratings`*/;
SET character_set_client = @saved_cs_client;

--
-- Table structure for table `ka_voucher`
--

DROP TABLE IF EXISTS `ka_voucher`;
/*!40101 SET @saved_cs_client     = @@character_set_client */;
/*!40101 SET character_set_client = utf8 */;
CREATE TABLE `ka_voucher` (
  `voucher_id` int(14) NOT NULL AUTO_INCREMENT,
  `voucher_name` varchar(255) DEFAULT NULL,
  `merchant_id` int(14) DEFAULT NULL,
  `number_of_voucher` int(14) DEFAULT NULL,
  `amount` float DEFAULT NULL,
  `voucher_type` varchar(100) NOT NULL DEFAULT 'fixed amount',
  `status` varchar(100) DEFAULT NULL,
  `date_created` varchar(50) DEFAULT NULL,
  `date_modified` datetime DEFAULT NULL,
  `ip_address` varchar(50) DEFAULT NULL,
  PRIMARY KEY (`voucher_id`)
) ENGINE=InnoDB DEFAULT CHARSET=utf8;
/*!40101 SET character_set_client = @saved_cs_client */;

--
-- Dumping data for table `ka_voucher`
--

LOCK TABLES `ka_voucher` WRITE;
/*!40000 ALTER TABLE `ka_voucher` DISABLE KEYS */;
/*!40000 ALTER TABLE `ka_voucher` ENABLE KEYS */;
UNLOCK TABLES;

--
-- Table structure for table `ka_voucher_list`
--

DROP TABLE IF EXISTS `ka_voucher_list`;
/*!40101 SET @saved_cs_client     = @@character_set_client */;
/*!40101 SET character_set_client = utf8 */;
CREATE TABLE `ka_voucher_list` (
  `voucher_id` int(14) DEFAULT NULL,
  `voucher_code` varchar(50) DEFAULT NULL,
  `status` varchar(50) CHARACTER SET latin1 NOT NULL DEFAULT 'unused',
  `client_id` int(14) DEFAULT NULL,
  `date_used` varchar(50) DEFAULT NULL,
  `order_id` int(14) DEFAULT NULL
) ENGINE=InnoDB DEFAULT CHARSET=utf8;
/*!40101 SET character_set_client = @saved_cs_client */;

--
-- Dumping data for table `ka_voucher_list`
--

LOCK TABLES `ka_voucher_list` WRITE;
/*!40000 ALTER TABLE `ka_voucher_list` DISABLE KEYS */;
/*!40000 ALTER TABLE `ka_voucher_list` ENABLE KEYS */;
UNLOCK TABLES;

--
-- Table structure for table `ka_voucher_new`
--

DROP TABLE IF EXISTS `ka_voucher_new`;
/*!40101 SET @saved_cs_client     = @@character_set_client */;
/*!40101 SET character_set_client = utf8 */;
CREATE TABLE `ka_voucher_new` (
  `voucher_id` int(14) NOT NULL AUTO_INCREMENT,
  `voucher_owner` varchar(255) NOT NULL DEFAULT 'merchant',
  `merchant_id` int(14) DEFAULT NULL,
  `joining_merchant` text,
  `voucher_name` varchar(255) DEFAULT NULL,
  `voucher_type` varchar(255) DEFAULT NULL,
  `amount` float(14,4) DEFAULT NULL,
  `expiration` date DEFAULT NULL,
  `status` varchar(100) DEFAULT NULL,
  `date_created` datetime DEFAULT NULL,
  `date_modified` datetime DEFAULT NULL,
  `ip_address` varchar(100) DEFAULT NULL,
  `used_once` int(1) NOT NULL DEFAULT '1',
  PRIMARY KEY (`voucher_id`),
  KEY `voucher_name` (`voucher_name`),
  KEY `status` (`status`)
) ENGINE=InnoDB DEFAULT CHARSET=utf8;
/*!40101 SET character_set_client = @saved_cs_client */;

--
-- Dumping data for table `ka_voucher_new`
--

LOCK TABLES `ka_voucher_new` WRITE;
/*!40000 ALTER TABLE `ka_voucher_new` DISABLE KEYS */;
/*!40000 ALTER TABLE `ka_voucher_new` ENABLE KEYS */;
UNLOCK TABLES;

--
-- Table structure for table `ka_withdrawal`
--

DROP TABLE IF EXISTS `ka_withdrawal`;
/*!40101 SET @saved_cs_client     = @@character_set_client */;
/*!40101 SET character_set_client = utf8 */;
CREATE TABLE `ka_withdrawal` (
  `withdrawal_id` int(14) NOT NULL AUTO_INCREMENT,
  `merchant_id` int(14) DEFAULT NULL,
  `payment_type` varchar(100) DEFAULT NULL,
  `payment_method` varchar(100) DEFAULT NULL,
  `amount` float(14,4) DEFAULT NULL,
  `current_balance` float(14,4) DEFAULT NULL,
  `balance` float(14,4) DEFAULT NULL,
  `currency_code` varchar(3) DEFAULT NULL,
  `account` varchar(255) DEFAULT NULL,
  `account_name` varchar(255) DEFAULT NULL,
  `bank_account_number` varchar(255) DEFAULT NULL,
  `swift_code` varchar(100) DEFAULT NULL,
  `bank_name` varchar(255) DEFAULT NULL,
  `bank_branch` varchar(255) DEFAULT NULL,
  `bank_country` varchar(50) DEFAULT NULL,
  `status` varchar(255) NOT NULL DEFAULT 'pending',
  `viewed` int(2) NOT NULL DEFAULT '1',
  `date_created` datetime DEFAULT NULL,
  `date_to_process` date DEFAULT NULL,
  `date_process` datetime DEFAULT NULL,
  `api_raw_response` text,
  `withdrawal_token` text,
  `ip_address` varchar(50) DEFAULT NULL,
  `bank_type` varchar(255) NOT NULL DEFAULT 'default',
  PRIMARY KEY (`withdrawal_id`)
) ENGINE=InnoDB AUTO_INCREMENT=5 DEFAULT CHARSET=utf8;
/*!40101 SET character_set_client = @saved_cs_client */;

--
-- Dumping data for table `ka_withdrawal`
--

LOCK TABLES `ka_withdrawal` WRITE;
/*!40000 ALTER TABLE `ka_withdrawal` DISABLE KEYS */;
INSERT INTO `ka_withdrawal` VALUES (1,11,'all-earnings','bank',3.6000,3.6000,0.0000,'USD','','Andrés Martín','10200009237757204','923775720','BAC SAN JOSE','','CR','approved',2,'2016-12-05 11:59:36','2016-12-10','0000-00-00 00:00:00','','f140caca305f037750205db85b1c03eb','186.176.135.203','default'),(2,11,'all-earnings','bank',5.4000,5.4000,0.0000,'USD','','Andrés Martín','10200009237757204','923775720','Bac San José','','','approved',2,'2016-12-05 12:39:34','2016-12-10','0000-00-00 00:00:00','','a67f36e87cf6b631a5e840a32741a439','186.176.135.203','default'),(3,11,'all-earnings','bank',4.0500,4.0500,0.0000,'USD','','Andrés Martín','10200009237757204','923775720','Bac San José','206190372','','approved',2,'2016-12-05 14:51:16','2016-12-10','0000-00-00 00:00:00','','0fe69302ace24710491d490c7e5ece0e','186.176.135.203','default'),(4,11,'all-earnings','bank',9.9000,9.9000,0.0000,'USD','','Andrés Martín','10200009237757204','923775720','Bac San José','38434354','','approved',2,'2016-12-14 19:35:27','2016-12-19','0000-00-00 00:00:00','','e9e0959862aff427852eae6d92ced8dc','201.194.87.49','default');
/*!40000 ALTER TABLE `ka_withdrawal` ENABLE KEYS */;
UNLOCK TABLES;

--
-- Table structure for table `ka_zipcode`
--

DROP TABLE IF EXISTS `ka_zipcode`;
/*!40101 SET @saved_cs_client     = @@character_set_client */;
/*!40101 SET character_set_client = utf8 */;
CREATE TABLE `ka_zipcode` (
  `zipcode_id` int(14) NOT NULL AUTO_INCREMENT,
  `zipcode` varchar(255) DEFAULT NULL,
  `country_code` varchar(5) DEFAULT NULL,
  `city` varchar(255) DEFAULT NULL,
  `area` varchar(255) DEFAULT NULL,
  `stree_name` varchar(255) DEFAULT NULL,
  `status` varchar(255) NOT NULL DEFAULT 'pending',
  `date_created` datetime DEFAULT NULL,
  `date_modified` datetime DEFAULT NULL,
  `ip_address` varchar(50) DEFAULT NULL,
  PRIMARY KEY (`zipcode_id`),
  KEY `country_code` (`country_code`),
  KEY `area` (`area`),
  KEY `stree_name` (`stree_name`)
) ENGINE=InnoDB DEFAULT CHARSET=utf8;
/*!40101 SET character_set_client = @saved_cs_client */;

--
-- Dumping data for table `ka_zipcode`
--

LOCK TABLES `ka_zipcode` WRITE;
/*!40000 ALTER TABLE `ka_zipcode` DISABLE KEYS */;
/*!40000 ALTER TABLE `ka_zipcode` ENABLE KEYS */;
UNLOCK TABLES;

--
-- Final view structure for view `ka_driver_order_view`
--

/*!50001 DROP VIEW IF EXISTS `ka_driver_order_view`*/;
/*!50001 SET @saved_cs_client          = @@character_set_client */;
/*!50001 SET @saved_cs_results         = @@character_set_results */;
/*!50001 SET @saved_col_connection     = @@collation_connection */;
/*!50001 SET character_set_client      = utf8 */;
/*!50001 SET character_set_results     = utf8 */;
/*!50001 SET collation_connection      = utf8_general_ci */;
/*!50001 CREATE ALGORITHM=UNDEFINED */
/*!50013 DEFINER=`root`@`%` SQL SECURITY DEFINER */
/*!50001 VIEW `ka_driver_order_view` AS select `a`.`order_id` AS `order_id`,`a`.`client_id` AS `client_id`,`b`.`device_platform` AS `device_platform`,`b`.`device_id` AS `device_id`,`b`.`enabled_push` AS `enabled_push`,`b`.`status` AS `status`,`b`.`client_name` AS `client_name` from (`ka_order` `a` left join `ka_mobile_registered_view` `b` on((`a`.`client_id` = `b`.`client_id`))) where (`b`.`status` = 'active') */;
/*!50001 SET character_set_client      = @saved_cs_client */;
/*!50001 SET character_set_results     = @saved_cs_results */;
/*!50001 SET collation_connection      = @saved_col_connection */;

--
-- Final view structure for view `ka_driver_task_view`
--

/*!50001 DROP VIEW IF EXISTS `ka_driver_task_view`*/;
/*!50001 SET @saved_cs_client          = @@character_set_client */;
/*!50001 SET @saved_cs_results         = @@character_set_results */;
/*!50001 SET @saved_col_connection     = @@collation_connection */;
/*!50001 SET character_set_client      = utf8 */;
/*!50001 SET character_set_results     = utf8 */;
/*!50001 SET collation_connection      = utf8_general_ci */;
/*!50001 CREATE ALGORITHM=UNDEFINED */
/*!50013 DEFINER=`root`@`%` SQL SECURITY DEFINER */
/*!50001 VIEW `ka_driver_task_view` AS select `a`.`task_id` AS `task_id`,`a`.`order_id` AS `order_id`,`a`.`user_type` AS `user_type`,`a`.`user_id` AS `user_id`,`a`.`task_description` AS `task_description`,`a`.`trans_type` AS `trans_type`,`a`.`contact_number` AS `contact_number`,`a`.`email_address` AS `email_address`,`a`.`customer_name` AS `customer_name`,`a`.`delivery_date` AS `delivery_date`,`a`.`delivery_address` AS `delivery_address`,`a`.`team_id` AS `team_id`,`a`.`driver_id` AS `driver_id`,`a`.`task_lat` AS `task_lat`,`a`.`task_lng` AS `task_lng`,`a`.`customer_signature` AS `customer_signature`,`a`.`status` AS `status`,`a`.`date_created` AS `date_created`,`a`.`date_modified` AS `date_modified`,`a`.`ip_address` AS `ip_address`,`a`.`auto_assign_type` AS `auto_assign_type`,`a`.`assign_started` AS `assign_started`,`a`.`assignment_status` AS `assignment_status`,concat(`b`.`first_name`,' ',`b`.`last_name`) AS `driver_name`,`b`.`device_id` AS `device_id`,`b`.`phone` AS `driver_phone`,`b`.`email` AS `driver_email`,`b`.`device_platform` AS `device_platform`,`b`.`enabled_push` AS `enabled_push`,`b`.`location_lat` AS `driver_lat`,`b`.`location_lng` AS `driver_lng`,`c`.`merchant_id` AS `merchant_id`,`d`.`restaurant_name` AS `merchant_name`,concat(`d`.`street`,' ',`d`.`city`,' ',`d`.`state`,' ',`d`.`post_code`) AS `merchant_address`,`e`.`team_name` AS `team_name` from ((((`ka_driver_task` `a` left join `ka_driver` `b` on((`b`.`driver_id` = `a`.`driver_id`))) left join `ka_order` `c` on((`c`.`order_id` = `a`.`order_id`))) left join `ka_merchant` `d` on((`d`.`merchant_id` = `c`.`merchant_id`))) left join `ka_driver_team` `e` on((`e`.`team_id` = `a`.`team_id`))) */;
/*!50001 SET character_set_client      = @saved_cs_client */;
/*!50001 SET character_set_results     = @saved_cs_results */;
/*!50001 SET collation_connection      = @saved_col_connection */;

--
-- Final view structure for view `ka_mobile_registered_view`
--

/*!50001 DROP VIEW IF EXISTS `ka_mobile_registered_view`*/;
/*!50001 SET @saved_cs_client          = @@character_set_client */;
/*!50001 SET @saved_cs_results         = @@character_set_results */;
/*!50001 SET @saved_col_connection     = @@collation_connection */;
/*!50001 SET character_set_client      = utf8 */;
/*!50001 SET character_set_results     = utf8 */;
/*!50001 SET collation_connection      = utf8_general_ci */;
/*!50001 CREATE ALGORITHM=UNDEFINED */
/*!50013 DEFINER=`root`@`%` SQL SECURITY DEFINER */
/*!50001 VIEW `ka_mobile_registered_view` AS select `a`.`id` AS `id`,`a`.`client_id` AS `client_id`,`a`.`device_platform` AS `device_platform`,`a`.`device_id` AS `device_id`,`a`.`enabled_push` AS `enabled_push`,`a`.`country_code_set` AS `country_code_set`,`a`.`date_created` AS `date_created`,`a`.`date_modified` AS `date_modified`,`a`.`ip_address` AS `ip_address`,`a`.`status` AS `status`,concat(`b`.`first_name`,' ',`b`.`last_name`) AS `client_name` from (`ka_mobile_registered` `a` left join `ka_client` `b` on((`a`.`client_id` = `b`.`client_id`))) */;
/*!50001 SET character_set_client      = @saved_cs_client */;
/*!50001 SET character_set_results     = @saved_cs_results */;
/*!50001 SET collation_connection      = @saved_col_connection */;

--
-- Final view structure for view `ka_view_merchant`
--

/*!50001 DROP VIEW IF EXISTS `ka_view_merchant`*/;
/*!50001 SET @saved_cs_client          = @@character_set_client */;
/*!50001 SET @saved_cs_results         = @@character_set_results */;
/*!50001 SET @saved_col_connection     = @@collation_connection */;
/*!50001 SET character_set_client      = utf8mb4 */;
/*!50001 SET character_set_results     = utf8mb4 */;
/*!50001 SET collation_connection      = utf8mb4_general_ci */;
/*!50001 CREATE ALGORITHM=UNDEFINED */
/*!50013 DEFINER=`root`@`%` SQL SECURITY DEFINER */
/*!50001 VIEW `ka_view_merchant` AS select `a`.`merchant_id` AS `merchant_id`,`a`.`restaurant_slug` AS `restaurant_slug`,`a`.`restaurant_name` AS `restaurant_name`,`a`.`restaurant_phone` AS `restaurant_phone`,`a`.`contact_name` AS `contact_name`,`a`.`contact_phone` AS `contact_phone`,`a`.`contact_email` AS `contact_email`,`a`.`country_code` AS `country_code`,`a`.`street` AS `street`,`a`.`city` AS `city`,`a`.`state` AS `state`,`a`.`post_code` AS `post_code`,`a`.`cuisine` AS `cuisine`,`a`.`service` AS `service`,`a`.`free_delivery` AS `free_delivery`,`a`.`delivery_estimation` AS `delivery_estimation`,`a`.`username` AS `username`,`a`.`password` AS `password`,`a`.`activation_key` AS `activation_key`,`a`.`activation_token` AS `activation_token`,`a`.`status` AS `status`,`a`.`date_created` AS `date_created`,`a`.`date_modified` AS `date_modified`,`a`.`date_activated` AS `date_activated`,`a`.`last_login` AS `last_login`,`a`.`ip_address` AS `ip_address`,`a`.`package_id` AS `package_id`,`a`.`package_price` AS `package_price`,`a`.`membership_expired` AS `membership_expired`,`a`.`payment_steps` AS `payment_steps`,`a`.`is_featured` AS `is_featured`,`a`.`is_ready` AS `is_ready`,`a`.`is_sponsored` AS `is_sponsored`,`a`.`sponsored_expiration` AS `sponsored_expiration`,`a`.`lost_password_code` AS `lost_password_code`,`a`.`user_lang` AS `user_lang`,`a`.`membership_purchase_date` AS `membership_purchase_date`,`a`.`sort_featured` AS `sort_featured`,`a`.`is_commission` AS `is_commission`,`a`.`percent_commision` AS `percent_commision`,`a`.`abn` AS `abn`,`a`.`session_token` AS `session_token`,`a`.`commision_type` AS `commision_type`,`a`.`mobile_session_token` AS `mobile_session_token`,`b`.`option_value` AS `latitude`,`c`.`option_value` AS `lontitude`,`d`.`option_value` AS `delivery_charges`,`e`.`option_value` AS `minimum_order`,`f`.`ratings` AS `ratings` from (((((`ka_merchant` `a` left join `ka_option` `b` on(((`a`.`merchant_id` = `b`.`merchant_id`) and (`b`.`option_name` = 'merchant_latitude')))) left join `ka_option` `c` on(((`a`.`merchant_id` = `c`.`merchant_id`) and (`c`.`option_name` = 'merchant_longtitude')))) left join `ka_option` `d` on(((`a`.`merchant_id` = `d`.`merchant_id`) and (`d`.`option_name` = 'merchant_delivery_charges')))) left join `ka_option` `e` on(((`a`.`merchant_id` = `e`.`merchant_id`) and (`e`.`option_name` = 'merchant_minimum_order')))) left join `ka_view_ratings` `f` on((`a`.`merchant_id` = `f`.`merchant_id`))) */;
/*!50001 SET character_set_client      = @saved_cs_client */;
/*!50001 SET character_set_results     = @saved_cs_results */;
/*!50001 SET collation_connection      = @saved_col_connection */;

--
-- Final view structure for view `ka_view_order_details`
--

/*!50001 DROP VIEW IF EXISTS `ka_view_order_details`*/;
/*!50001 SET @saved_cs_client          = @@character_set_client */;
/*!50001 SET @saved_cs_results         = @@character_set_results */;
/*!50001 SET @saved_col_connection     = @@collation_connection */;
/*!50001 SET character_set_client      = utf8mb4 */;
/*!50001 SET character_set_results     = utf8mb4 */;
/*!50001 SET collation_connection      = utf8mb4_general_ci */;
/*!50001 CREATE ALGORITHM=UNDEFINED */
/*!50013 DEFINER=`root`@`%` SQL SECURITY DEFINER */
/*!50001 VIEW `ka_view_order_details` AS select `a`.`id` AS `id`,`a`.`order_id` AS `order_id`,`a`.`client_id` AS `client_id`,`a`.`item_id` AS `item_id`,`a`.`item_name` AS `item_name`,`a`.`order_notes` AS `order_notes`,`a`.`normal_price` AS `normal_price`,`a`.`discounted_price` AS `discounted_price`,`a`.`size` AS `size`,`a`.`qty` AS `qty`,`a`.`cooking_ref` AS `cooking_ref`,`a`.`addon` AS `addon`,`a`.`ingredients` AS `ingredients`,`a`.`non_taxable` AS `non_taxable`,(select `ka_order`.`merchant_id` from `ka_order` where (`ka_order`.`order_id` = `a`.`order_id`) limit 0,1) AS `merchant_id`,(select `ka_order`.`status` from `ka_order` where (`ka_order`.`order_id` = `a`.`order_id`) limit 0,1) AS `status`,(select `ka_order`.`date_created` from `ka_order` where (`ka_order`.`order_id` = `a`.`order_id`) limit 0,1) AS `date_created` from `ka_order_details` `a` */;
/*!50001 SET character_set_client      = @saved_cs_client */;
/*!50001 SET character_set_results     = @saved_cs_results */;
/*!50001 SET collation_connection      = @saved_col_connection */;

--
-- Final view structure for view `ka_view_ratings`
--

/*!50001 DROP VIEW IF EXISTS `ka_view_ratings`*/;
/*!50001 SET @saved_cs_client          = @@character_set_client */;
/*!50001 SET @saved_cs_results         = @@character_set_results */;
/*!50001 SET @saved_col_connection     = @@collation_connection */;
/*!50001 SET character_set_client      = utf8mb4 */;
/*!50001 SET character_set_results     = utf8mb4 */;
/*!50001 SET collation_connection      = utf8mb4_general_ci */;
/*!50001 CREATE ALGORITHM=UNDEFINED */
/*!50013 DEFINER=`root`@`%` SQL SECURITY DEFINER */
/*!50001 VIEW `ka_view_ratings` AS select `ka_rating`.`merchant_id` AS `merchant_id`,(sum(`ka_rating`.`ratings`) / count(0)) AS `ratings` from `ka_rating` group by `ka_rating`.`merchant_id` */;
/*!50001 SET character_set_client      = @saved_cs_client */;
/*!50001 SET character_set_results     = @saved_cs_results */;
/*!50001 SET collation_connection      = @saved_col_connection */;
/*!40103 SET TIME_ZONE=@OLD_TIME_ZONE */;

/*!40101 SET SQL_MODE=@OLD_SQL_MODE */;
/*!40014 SET FOREIGN_KEY_CHECKS=@OLD_FOREIGN_KEY_CHECKS */;
/*!40014 SET UNIQUE_CHECKS=@OLD_UNIQUE_CHECKS */;
/*!40101 SET CHARACTER_SET_CLIENT=@OLD_CHARACTER_SET_CLIENT */;
/*!40101 SET CHARACTER_SET_RESULTS=@OLD_CHARACTER_SET_RESULTS */;
/*!40101 SET COLLATION_CONNECTION=@OLD_COLLATION_CONNECTION */;
/*!40111 SET SQL_NOTES=@OLD_SQL_NOTES */;

-- Dump completed on 2017-05-02  3:52:20
