-- MySQL dump 10.13  Distrib 5.6.32, for debian-linux-gnu (i686)
--
-- Host: localhost    Database: mattress
-- ------------------------------------------------------
-- Server version	5.6.32-1+deb.sury.org~precise+0.1

/*!40101 SET @OLD_CHARACTER_SET_CLIENT=@@CHARACTER_SET_CLIENT */;
/*!40101 SET @OLD_CHARACTER_SET_RESULTS=@@CHARACTER_SET_RESULTS */;
/*!40101 SET @OLD_COLLATION_CONNECTION=@@COLLATION_CONNECTION */;
/*!40101 SET NAMES utf8 */;
/*!40103 SET @OLD_TIME_ZONE=@@TIME_ZONE */;
/*!40103 SET TIME_ZONE='+00:00' */;
/*!40014 SET @OLD_UNIQUE_CHECKS=@@UNIQUE_CHECKS, UNIQUE_CHECKS=0 */;
/*!40014 SET @OLD_FOREIGN_KEY_CHECKS=@@FOREIGN_KEY_CHECKS, FOREIGN_KEY_CHECKS=0 */;
/*!40101 SET @OLD_SQL_MODE=@@SQL_MODE, SQL_MODE='NO_AUTO_VALUE_ON_ZERO' */;
/*!40111 SET @OLD_SQL_NOTES=@@SQL_NOTES, SQL_NOTES=0 */;

--
-- Table structure for table `sdmatts_admin`
--

DROP TABLE IF EXISTS `sdmatts_admin`;
/*!40101 SET @saved_cs_client     = @@character_set_client */;
/*!40101 SET character_set_client = utf8 */;
CREATE TABLE `sdmatts_admin` (
  `auto_id` int(11) NOT NULL AUTO_INCREMENT,
  `user_name` varchar(255) NOT NULL,
  `user_image` varchar(255) NOT NULL,
  `user_email` varchar(255) NOT NULL,
  `password` varchar(255) NOT NULL,
  `user_address` text NOT NULL,
  `user_phone` varchar(50) NOT NULL,
  `user_detail` text NOT NULL,
  `user_type` tinytext NOT NULL,
  `user_status` enum('Active','Inactive','Pending') NOT NULL,
  PRIMARY KEY (`auto_id`)
) ENGINE=InnoDB AUTO_INCREMENT=2 DEFAULT CHARSET=latin1;
/*!40101 SET character_set_client = @saved_cs_client */;

--
-- Dumping data for table `sdmatts_admin`
--

LOCK TABLES `sdmatts_admin` WRITE;
/*!40000 ALTER TABLE `sdmatts_admin` DISABLE KEYS */;
INSERT INTO `sdmatts_admin` VALUES (1,'admin','1481831312-Logo_Mattress Store San Diego.png','darren@mattresssd.com','JE1vbmV5NDU2','San Diego, Ca.','619-210-3714','<p><strong><em>The best way to buy a really nice mattress!</em></strong></p>\r\n','','Active');
/*!40000 ALTER TABLE `sdmatts_admin` ENABLE KEYS */;
UNLOCK TABLES;

--
-- Table structure for table `sdmatts_beds`
--

DROP TABLE IF EXISTS `sdmatts_beds`;
/*!40101 SET @saved_cs_client     = @@character_set_client */;
/*!40101 SET character_set_client = utf8 */;
CREATE TABLE `sdmatts_beds` (
  `bed_id` int(11) NOT NULL AUTO_INCREMENT,
  `bed_name` varchar(255) NOT NULL,
  `bed_dimension` varchar(255) NOT NULL,
  `bed_cost` float(11,2) NOT NULL,
  `bed_image` varchar(255) NOT NULL,
  `bed_des` text NOT NULL,
  `bed_status` enum('Active','Inactive','Pending') NOT NULL,
  `brand_id` int(11) NOT NULL,
  `category_id` int(11) NOT NULL,
  `sub_category_id` int(11) NOT NULL,
  `check_hot` int(11) NOT NULL,
  `check_special` int(5) NOT NULL,
  `furniture_metatag` text NOT NULL,
  PRIMARY KEY (`bed_id`)
) ENGINE=InnoDB DEFAULT CHARSET=latin1;
/*!40101 SET character_set_client = @saved_cs_client */;

--
-- Dumping data for table `sdmatts_beds`
--

LOCK TABLES `sdmatts_beds` WRITE;
/*!40000 ALTER TABLE `sdmatts_beds` DISABLE KEYS */;
/*!40000 ALTER TABLE `sdmatts_beds` ENABLE KEYS */;
UNLOCK TABLES;

--
-- Table structure for table `sdmatts_brand`
--

DROP TABLE IF EXISTS `sdmatts_brand`;
/*!40101 SET @saved_cs_client     = @@character_set_client */;
/*!40101 SET character_set_client = utf8 */;
CREATE TABLE `sdmatts_brand` (
  `brand_id` int(11) NOT NULL AUTO_INCREMENT,
  `brand_name` varchar(255) NOT NULL,
  `brand_logo` varchar(255) NOT NULL,
  `image` varchar(255) NOT NULL,
  `brand_detail` text NOT NULL,
  `brand_status` enum('Active','Inactive') NOT NULL,
  `check_home_page` varchar(255) NOT NULL,
  `brand_metatag` text NOT NULL,
  PRIMARY KEY (`brand_id`)
) ENGINE=InnoDB AUTO_INCREMENT=26 DEFAULT CHARSET=latin1;
/*!40101 SET character_set_client = @saved_cs_client */;

--
-- Dumping data for table `sdmatts_brand`
--

LOCK TABLES `sdmatts_brand` WRITE;
/*!40000 ALTER TABLE `sdmatts_brand` DISABLE KEYS */;
INSERT INTO `sdmatts_brand` VALUES (5,'Ashley Furniture','1402032094_img3.png','8-Ashley logo.png','<p><strong><a href=\"http://www.ashleyfurniture.com/Sitemap/AboutUs.aspx?PageId=AboutUs#\">The World&rsquo;s Largest Manufacturer of Furniture:</a></strong></p>\r\n\r\n<p><br />\r\nWith over 50 years of innovation and experience in the furniture industry, Ashley Furniture Industries, Inc. has become an industry leader as a manufacturer of quality furniture products. Ashley remains committed to feeding into America&rsquo;s strength as an international provider of manufactured goods.</p>\r\n\r\n<p><br />\r\nSince 1970, Ashley has created more than 12,000 American jobs within our company. In addition, Ashley supports more than 9,000 vendors throughout the United States. These businesses create and support thousands of additional jobs and businesses. This phenomenon is repeated again and again. In economics, it is called the ripple effect and is most commonly associated with manufacturing.</p>\r\n\r\n<p><br />\r\nOne manufacturing job can create more than 2.5 additional jobs and tens of thousands of dollars in economic activity.</p>\r\n\r\n<p><br />\r\nThe Ashley Companies commitment to being the best furniture company in the industry continues to drive improvements in all phases of the operation, with the customer&rsquo;s complete satisfaction in mind. This has been the model measurement of success at The Ashley Companies and highlights a 50 year tradition of superior craftsmanship and innovative design in the furniture industry.</p>\r\n\r\n<p>&nbsp;</p>\r\n\r\n<p>&nbsp;</p>\r\n\r\n<p>&nbsp;</p>\r\n','Active','1','<meta http-equiv=\"Content-Type\" content=\"text/html; charset=utf-8\" />\r\n	<meta name=\"language\" content=\"en\" />\r\n<meta name=\"description\" content=\"Online Mattress Dealer\">\r\n<meta name=\"keywords\" content=\"Mattress,Furniture,Pillow\">\r\n<meta name=\"author\" content=\"Sandiego Mattress \">\r\n'),(6,'Gel Memory Foam Mattresses','1408975734_Accessories.jpg','37-Easy Rest Logo.jpg','<p>EasyRest has been producing latex and foam quality sleeping arrangements for _ years, and has had rave reviews from the public and those who have purchased our products and use them in their homes. We ensure that all of our products are the at the pinnacle of performance and comfort while maintaining very competitive prices which ensures that our customers get the very best deal, every time.</p>\r\n\r\n<p>&nbsp;</p>\r\n\r\n<p>We provide high density foam and latex mattresses and pillows ranging from a luxurious sleep experience to a highly refined chiropedically inclined sleep system. Whatever the situation, we&rsquo;ll have the right model of bed for you to choose from depending on your sleep needs and preferences. In addition to mattresses and pillows, we also provide and produce mattress protectors which ensure 100% waterproof protection for your investment and keep you comfortable at the same time. We backup our foam mattresses with a 10 year lifetime guarantee which ensures that when you buy a bed here, you can be at ease knowing that you&rsquo;ve got an amazing sleep experience with a warranty to match it.</p>\r\n\r\n<p>&nbsp;</p>\r\n\r\n<p>Being that we produce many products using only the finest materials, we have obtained a <strong><a href=\"http://certipur.us/\">CertiPur-US certification </a></strong>which means we have met and exceeded international standards for quality control and precision in making beds that last a lifetime. All our products are hand assembled here in the United States which also means you&rsquo;re buying American and that means quality and attention to detail.</p>\r\n\r\n<p>&nbsp;</p>\r\n\r\n<p>We stand behind all of our products and hope that you&rsquo;ll appreciate the difference between traditional clunky spring mattresses and luxurious foam and latex mattress which contour to your body, alleviate pressure points to give you the best sleep you&rsquo;ve ever had.</p>\r\n\r\n<p>&nbsp;</p>\r\n\r\n<p>&nbsp;</p>\r\n','Active','0','<meta http-equiv=\"Content-Type\" content=\"text/html; charset=utf-8\" />\r\n	<meta name=\"language\" content=\"en\" />\r\n<meta name=\"description\" content=\"Online Mattress Dealer\">\r\n<meta name=\"keywords\" content=\"Mattress,Furniture,Pillow\">\r\n<meta name=\"author\" content=\"Sandiego Mattress \">\r\n'),(8,'Sleep Therapy Mattresses','brand_pic1.png','92-Logo Sleep-Therapy.jpg','<p>Roy Wickline walked into a mattress factory at the young age of 24, looking for a job. However, finding employment during the Great Depression was nearly impossible. Unless, you were willing to work for free.</p>\r\n\r\n<p>&nbsp;</p>\r\n\r\n<p>To prove his worth, Roy began hand crafting mattresses without pay. From this humble beginning, he took the knowledge he had acquired at one of the most respected independent family bedding companies and ventured out to start The Wickline Bedding Company. The Wickline Bedding Company he founded in 1949 has continued to provide healthful sleep products to consumers to this day through good times and bad.</p>\r\n\r\n<p>&nbsp;</p>\r\n\r\n<p>In 2009, like many great companies, Wickline Bedding found that a reorganization was necessary as a result of the worldwide economic crisis.. Through the bankruptcy process Wickline was reorganized and recapitalized and today has returned stronger than ever.</p>\r\n\r\n<p>&nbsp;</p>\r\n\r\n<p>Wickline <strong><a href=\"http://sleeptherapymatt.com/\">(Sleep Therapy Brand)</a></strong> has become a Regional powerhouse serving consumers and better hotels throughout the Southwestern USA. In addition its Export division provides the highest quality American mattresses to leading retailers across the globe.</p>\r\n\r\n<p>&nbsp;</p>\r\n\r\n<p>&nbsp;</p>\r\n','Active','gg','<meta http-equiv=\"Content-Type\" content=\"text/html; charset=utf-8\" />\r\n	<meta name=\"language\" content=\"en\" />\r\n<meta name=\"description\" content=\"Online Mattress Dealer\">\r\n<meta name=\"keywords\" content=\"Mattress,Furniture,Pillow\">\r\n<meta name=\"author\" content=\"Sandiego Mattress \">\r\n'),(10,'Coaster Furniture','vb','51-Coaster.jpg','<p>At <a href=\"http://www.coastercompany.com/\"><strong>Coaster</strong></a> our vision is to be a global enterprise, recognized throughout the world as distinguished by our employees, customers, and competitors. We will set the standard by which other home furnishing businesses measure their performance. Our hallmark will be the innovations, initiative and teamwork of our people, and our ability to anticipate and effectively respond to change and opportunity.</p>\r\n\r\n<p>&nbsp;</p>\r\n\r\n<p>Our Mission is to be the best furniture distributor in America by way of exceeding customer expectations. We will offer the best value in merchandise and the finest service to our customers. Our goal will be met in efficient operations, utilizing teamwork, uncompromising respect and cooperation, and superior communications to provide for both our employees and customers.</p>\r\n\r\n<p>&nbsp;</p>\r\n\r\n<p>Principal to our values is respect for the individual, the best customer service in the home furnishings industry and the pursuit of excellence.</p>\r\n\r\n<p>&nbsp;</p>\r\n\r\n<p>Coaster Company of America is one of the leading National Furniture Distributors in the United States with 7 branches nationwide and growing!</p>\r\n\r\n<p>&nbsp;</p>\r\n\r\n<p>We have been in business for over 20 years with branches in Los Angeles, San Francisco, Chicago, New Jersey, Atlanta, Florida, and Texas.</p>\r\n\r\n<p>&nbsp;</p>\r\n\r\n<p>&nbsp;</p>\r\n','Active','bvb','<meta http-equiv=\"Content-Type\" content=\"text/html; charset=utf-8\" />\r\n	<meta name=\"language\" content=\"en\" />\r\n<meta name=\"description\" content=\"Online Mattress Dealer\">\r\n<meta name=\"keywords\" content=\"Mattress,Furniture,Pillow\">\r\n<meta name=\"author\" content=\"Sandiego Mattress \">\r\n'),(17,'Furniture Of America','fdfdf','46-FOA.jpg','<p>At <strong><a href=\"http://www.foagroup.com/\">Furniture of America</a></strong> we constantly strive to provide a comprehensive selection of furniture at the most competitive pricing. Our wide collection of bedroom, dining, upholstery, and accent pieces will add luxury and comfort to every room in any home.</p>\r\n\r\n<p>&nbsp;</p>\r\n\r\n<p>&nbsp;With over 20 years of experience in the furniture industry, our dedicated staff has proudly managed to open doors both within the United States and abroad. We provide dependable local and direct container deliveries to our valued domestic customers and international partners with bridge pricing and excellent quality control. Our e-commerce division offers comprehensive service and is always ready to fulfill all dropship needs.</p>\r\n\r\n<p>&nbsp;</p>\r\n\r\n<p>&nbsp;Above all, we are committed to providing complete customer satisfaction with every call or visit to our facilities in California, North California, Texas, Georgia, or New Jersey. With two more locations in 2015, we hope that as we become more efficient in distribution, it will be more convenient for our partners to run their business. Furthermore, our friendly and experienced staff is trained to provide one-on-one customer support through competitive pricing and reliable stock availability of our high quality products.</p>\r\n\r\n<p>&nbsp;</p>\r\n\r\n<p>As your true business partner we are committed to your success by offering &ldquo;More Value for Less, Always!&rdquo;</p>\r\n\r\n<p>&nbsp;</p>\r\n\r\n<p>&nbsp;</p>\r\n','Active','fdf','<meta http-equiv=\"Content-Type\" content=\"text/html; charset=utf-8\" />\r\n	<meta name=\"language\" content=\"en\" />\r\n<meta name=\"description\" content=\"Online Mattress Dealer\">\r\n<meta name=\"keywords\" content=\"Mattress,Furniture,Pillow\">\r\n<meta name=\"author\" content=\"Sandiego Mattress \">\r\n'),(19,'Modus Furniture International','','99-MODUS-FURNITURE.jpg','<p><a href=\"http://www.modusfurniture.com/about.html\"><strong>Modus Furniture International</strong></a> is the nation&rsquo;s leading commercial innovator in the urban market. With a vision to create a family-owned and operated enterprise, we set out in the early 1990s with a simple idea in mind: to make a difference in people&rsquo;s lives by providing affordable, solidly built furniture that follows the latest trends in interior design. See, at Modus, we believe in the power of fashion. We believe in the ability of aesthetics to influence lives in a positive way. And we believe that great style and craftsmanship should go hand in hand with function and affordability.</p>\r\n\r\n<p>&nbsp;</p>\r\n\r\n<p>Over the years, we have grown from a humble one-man operation to a thriving internationally recognized company run by a closely knit group of family and friends. During that time, we&rsquo;ve supported thousands of partners and their families around the globe as part of our commitment to integrity and fair business practices. These longstanding relationships have allowed us to harness a unique combination of leading-edge European manufacturing technologies and time-tested artisan woodworking techniques to transform sustainably sourced solid woods from our founder&rsquo;s native Southeast Asia into beautiful living pieces made to last for generations.</p>\r\n\r\n<p>&nbsp;</p>\r\n\r\n<p>Our talented team of designers, craftsmen and support staff work tirelessly to bring the modern,sophisticated aesthetic of European design to customers across the globe at prices that are within reach. We believe your home is your sanctuary, and it is our mission to help you make it beautiful at a cost you can afford. Today, Modus products are sold in all 50 states and internationally by retailers who share our longstanding commitment to exceptional value and quality. We offer programs for all types and sizes of retailers, including domestic warehouse, direct container and private label.</p>\r\n\r\n<p>&nbsp;</p>\r\n\r\n<p>High style. High quality. High value. That is the Modus imperative.</p>\r\n\r\n<p>&nbsp;</p>\r\n\r\n<p>&nbsp;</p>\r\n','Active','mm','<meta http-equiv=\"Content-Type\" content=\"text/html; charset=utf-8\" />\r\n	<meta name=\"language\" content=\"en\" />\r\n<meta name=\"description\" content=\"Online Mattress Dealer\">\r\n<meta name=\"keywords\" content=\"Mattress,Furniture,Pillow\">\r\n<meta name=\"author\" content=\"Sandiego Mattress \">\r\n'),(20,'International Bedding','','57-Corsicana Logo_Crop.jpg','<p>Founded in 1971, Tipton Manufacturing, Inc. (as we were called then) was located on South Main Street in Corsicana, Texas. Originally founded to manufacture furniture as well as bedding in the mobile home industry, we grew to meet the demand for quality mattresses and sleep systems.</p>\r\n\r\n<p>Throughout the years, we have risen to the challenge with the changing landscape of the bedding industry. We have continuously grown and increased our level of production as well as services.</p>\r\n\r\n<p>Forty years later, as a leader in the industry, we have become one of the most solid bedding manufacturers in the United States with growing international operations. We currently operate facilities across the nation. Providing quality and value has been the core of our business model and continues to drive our personality and value.</p>\r\n','Active','cc','<meta http-equiv=\"Content-Type\" content=\"text/html; charset=utf-8\" />\r\n	<meta name=\"language\" content=\"en\" />\r\n<meta name=\"description\" content=\"Corsicana Bedding Mattress Factory | Mattress Store San Diego\">\r\n<meta name=\"keywords\" content=\"Mattress, Pillow Top\">\r\n<meta name=\"author\" content=\"Mattress Store San Diego\">'),(21,'Malouf','','75-Malouf pillows Logo.jpg','<h2>HOW IT BEGAN</h2>\r\n\r\n<p><span style=\"font-size:16px\">While in college, our founders, Sam &amp; Kacie Malouf, wanted upscale bedding. When realizing the cost, they set out to find a way to experience luxurious sleep at a lower price. Their passion led them to discover where and how to create high quality products at an affordable cost. Malouf was created as the result of their desire to share this discovery.</span></p>\r\n\r\n<p><span style=\"font-size:16px\">Because each aspect of every product was highly considered, our reputation quickly elevated. Retailers and consumers recognized detail in our award-winning product packaging, pricing and quality. To complement our product, we organized a systematic infrastructure to ensure fast shipping and invaluable customer service.</span></p>\r\n','Active','y','<meta http-equiv=\"Content-Type\" content=\"text/html; charset=utf-8\" />\r\n\r\n	<meta name=\"language\" content=\"en\" />\r\n\r\n<meta name=\"description\" content=\"Online Mattress Dealer\">\r\n\r\n<meta name=\"keywords\" content=\"Mattress,Pillow\">\r\n\r\n<meta name=\"author\" content=\"Sandiego Mattress \">\r\n\r\n'),(22,'Diamond Mattress','','27-Diamond-Mattress.jpg','<p>Diamond Mattress continues the tradition set forth by my great grandparents who started Diamond Mattress over 65 years ago. My father, sister and myself are here every day working with over a hundred Diamond team members to make the finest quality, most comfortable mattresses available. We take our time to design each mattress, blending the finest materials to meet the comfort level our customers want and to do it at a great value.<br />\r\nWe&rsquo;re passionate about making quality products that will stand the test of time. You spend over 1/3 of your life in bed and having a quality mattress that will provide pressure-relieving support is essential for rejuvenating the body and promoting health.</p>\r\n\r\n<p>That&rsquo;s why we control our own production lines and are vertically integrated to make sure you receive the best quality:<br />\r\n&nbsp;&nbsp; &nbsp;&bull;&nbsp;&nbsp; &nbsp;<br />\r\n&nbsp;&nbsp; &nbsp;&bull;&nbsp;&nbsp; &nbsp;We make our own individually wrapped coils<br />\r\n&nbsp;&nbsp; &nbsp;&bull;&nbsp;&nbsp; &nbsp;We process, cut, and convolute our own foam<br />\r\n&nbsp;&nbsp; &nbsp;&bull;&nbsp;&nbsp; &nbsp;We make each mattress by hand and inspect it for quality<br />\r\n&nbsp;&nbsp; &nbsp;&bull;&nbsp;&nbsp; &nbsp;We offer an industry leading 20 year warranty</p>\r\n\r\n<p>What&#39;s more is that our low overhead allows us to offer our customers a better quality product for hundreds of dollars less than the major brands. We can do this because own all of our trucks, equipment and buildings so we don&#39;t have high interest and overhead costs and can focus on offering a better mattress at a great value.</p>\r\n\r\n<p>&nbsp;</p>\r\n','Active','2','<meta http-equiv=\"Content-Type\" content=\"text/html; charset=utf-8\" />\r\n	<meta name=\"language\" content=\"en\" />\r\n<meta name=\"description\" content=\"Online Mattress Dealer\">\r\n<meta name=\"keywords\" content=\"Mattress,Furniture,Pillow\">\r\n<meta name=\"author\" content=\"Sandiego Mattress \">\r\n'),(23,'Mattress Store San Diego','','43-IMG_1714.PNG','<p><span style=\"font-size:16px\">Mattress store San Diego contracts with many factories to create custom products based on our specific quality specifications.&nbsp; We negotiate with these vendors to bring the best possible value and quality to our own labled brands.</span></p>\r\n\r\n<p>&nbsp;</p>\r\n\r\n<p><span style=\"font-size:16px\">Check out our more than 200 5-Star Yelp Reviews to see what were all about:</span></p>\r\n\r\n<p>&nbsp;</p>\r\n\r\n<h3><span style=\"font-size:16px\"><strong><a href=\"http://www.Yelp.com/biz/mattress-store-san-diego-chula-vista-13\">See my over 200 5-STAR REVIEWS On Yelp!</a></strong></span></h3>\r\n\r\n<p>&nbsp;</p>\r\n\r\n<p><span style=\"font-size:16px\">Thank you and look forward to helping you find the best mattress and mattresses for your needs at Mattress Store San Diego.</span></p>\r\n\r\n<p>&nbsp;</p>\r\n\r\n<p><span style=\"font-size:16px\">Darren Newell</span></p>\r\n','Active','1','<meta http-equiv=\"Content-Type\" content=\"text/html; charset=utf-8\" />\r\n\r\n	<meta name=\"language\" content=\"en\" />\r\n\r\n<meta name=\"description\" content=\"Online Mattress Dealer\">\r\n\r\n<meta name=\"keywords\" content=\"Mattress,Pillow\">\r\n\r\n<meta name=\"author\" content=\"Sandiego Mattress \">\r\n\r\n'),(24,'Kingdom Mattress','','26-Kingdom Mattress.jpg','<p>An incredible mattress factory in Los Angeles for over 30 years making quality value line products for the Western United States.</p>\r\n','Active','c','<meta http-equiv=\"Content-Type\" content=\"text/html; charset=utf-8\" />\r\n\r\n	<meta name=\"language\" content=\"en\" />\r\n\r\n<meta name=\"description\" content=\"Online Mattress Dealer\">\r\n\r\n<meta name=\"keywords\" content=\"Mattress,Pillow\">\r\n\r\n<meta name=\"author\" content=\"Sandiego Mattress \">\r\n\r\n'),(25,'aaaaaaaaa','','64-rsz_frst_bg11.jpg','<p>sssssssss</p>\r\n','Active','aa','<meta http-equiv=\"Content-Type\" content=\"text/html; charset=utf-8\" />\r\n\r\n	<meta name=\"language\" content=\"en\" />\r\n\r\n<meta name=\"description\" content=\"Online Mattress Dealer\">\r\n\r\n<meta name=\"keywords\" content=\"Mattress,Pillow\">\r\n\r\n<meta name=\"author\" content=\"Sandiego Mattress \">\r\n\r\n');
/*!40000 ALTER TABLE `sdmatts_brand` ENABLE KEYS */;
UNLOCK TABLES;

--
-- Table structure for table `sdmatts_category`
--

DROP TABLE IF EXISTS `sdmatts_category`;
/*!40101 SET @saved_cs_client     = @@character_set_client */;
/*!40101 SET character_set_client = utf8 */;
CREATE TABLE `sdmatts_category` (
  `category_id` int(11) NOT NULL AUTO_INCREMENT,
  `parent_id` int(11) NOT NULL,
  `level` int(11) NOT NULL,
  `category_name` varchar(255) NOT NULL,
  `category_image` varchar(255) NOT NULL,
  `category_detail` text NOT NULL,
  `category_status` enum('active','inactive','pending') NOT NULL,
  `check_special` int(11) NOT NULL,
  `category_metatag` text NOT NULL,
  PRIMARY KEY (`category_id`)
) ENGINE=InnoDB AUTO_INCREMENT=142 DEFAULT CHARSET=latin1;
/*!40101 SET character_set_client = @saved_cs_client */;

--
-- Dumping data for table `sdmatts_category`
--

LOCK TABLES `sdmatts_category` WRITE;
/*!40000 ALTER TABLE `sdmatts_category` DISABLE KEYS */;
INSERT INTO `sdmatts_category` VALUES (26,0,0,'Mattresses','405-surfside euro top.jpg','<p>furniture furniture</p>\r\n','active',0,''),(27,0,0,'Memory Foam Mattress','3523-Gel Lux 12 inch.jpg','<p>Memory Foam</p>\r\n','active',0,''),(28,0,0,'Cool Beds','1552-CM7200LB.jpg','<p>Beds</p>\r\n','active',0,''),(29,0,0,'Low Priced Furniture','3185-Modus Furniture Brighton Bed Room.jpg','<p>Furniture</p>\r\n','active',0,''),(59,0,0,'Comfy Pillows','3246-Zoned-Dough-Lavender-Pillow_1057x453.jpg','<p>Pillows</p>\r\n','active',0,''),(89,59,1,'Malouf Zoned Gel Dough','4730-Zoned Gel Dough_1030x700.jpg','<p>cc</p>\r\n','active',0,''),(90,89,2,'Z Gel Zoned Pillows','9789-Zoned Gel Dough_1030x700.jpg','<p>cc</p>\r\n','active',0,''),(91,89,2,'Z Chamomile Gel Zoned Pillows','4265-Zoned Dough Chamomile Pillow.jpg','<p>cc</p>\r\n','active',0,''),(92,89,2,'Z Peppermint Gel Zoned Pillows','108-Zoned Dough Peppermint_1030x700.jpg','<p>cc</p>\r\n','active',0,''),(93,89,2,'Z Lavender Gel Zoned Pillows','2340-Zoned Dough Lavender_1030x700.jpg','<p>cc</p>\r\n','active',0,''),(94,59,1,'Gel Convolution Soft Pillow','5068-Convolution Super Soft Pillow.jpg','<p>cc</p>\r\n','active',0,''),(95,59,1,'Shoulder Gel Dough Pillow','2783-Shoulder Gel Side Sleeper Pillow.jpg','<p>cc</p>\r\n','active',0,''),(96,59,1,'Bamboo Memory Foam Pillows','8855-9130tQgMLHL._SL1500_.jpg','<p>cc</p>\r\n','active',0,''),(103,26,1,'Great Value Mattress','744-Napa USA Corner_1057x673.jpg','<p>Corona</p>\r\n','active',0,''),(104,26,1,'Pillow Top','4697-Holiday Pillow Top Mattress_230x170.jpg','<p>Pillow Top Mattresses</p>\r\n','active',0,''),(105,26,1,'Firm Mattresses','5739-Top-Corner_468x361.jpg','<p>Firm</p>\r\n','active',0,''),(106,26,1,'Individual Wrap Coils','5956-woman_on_wrapped_coils_1057x453.jpg','<p>Ind Wrap Coils</p>\r\n','active',0,''),(108,26,1,'Queen','2228-Queen_1057x453.jpg','<p>Q</p>\r\n','active',0,''),(109,26,1,'Full','2102-FullB_1057x453.jpg','<p>F</p>\r\n','active',0,''),(110,26,1,'Twin','2062-Twin-MattB_1057x453.jpg','<p>T</p>\r\n','active',0,''),(111,26,1,'King','5145-King_1057x453.jpg','<p>King</p>\r\n','active',0,''),(112,26,1,'California King','8426-Cal-King_1057x453.jpg','<p>Cal King</p>\r\n','active',0,''),(113,103,2,'Corona 8\" ','6814-Corona_1500x1000.jpg','<p><span style=\"font-size:16px\">Corona Is one of our most popular value priced mattress lines. &nbsp;100% USA Made and featuring a 8&quot; profile, puffy quilted top and Bonnell Coil Spring Unit made in the USA.</span></p>\r\n\r\n<p><span style=\"font-size:16px\">Great for guest rooms, students, kids and Airbnb</span></p>\r\n\r\n<p>&nbsp;</p>\r\n','active',0,''),(114,103,2,'Carmel Pillow Top ','7471-Carmel_1057x453.jpg','<p><span style=\"font-size:16px\">Nice step up to the Corona, the Carmel features&nbsp;a 9 1/2&quot; profile, quilted pillow top and Bonnell Coil Spring Unit made in the USA. </span></p>\r\n\r\n<p><span style=\"font-size:16px\">Nice medium feel and comfort&nbsp;pillow top feature ads a nice bonus to this great priced mattress.</span></p>\r\n\r\n<p><span style=\"font-size:16px\">Great for guest rooms, students, kids and Airbnb and anyone in need of a well priced quality mattress.</span></p>\r\n\r\n<p>&nbsp;</p>\r\n','active',0,''),(115,103,2,'Value Pillow Top 10\"','1382-Value-Comfort-Pillow-Top-Mattress_1057x453.jpg','<p><span style=\"font-size:16px\">What a great value we have for you in the this 10&quot; Plush&nbsp;Pillow Top Mattress. Appx 10&quot; thick nice white comfy top you won&#39;t find in any other mattress set for this price.</span></p>\r\n\r\n<p><span style=\"font-size:16px\">The Value Comfort Pillow Top&nbsp;is one of the most popular mattresses we have offering a great price for a good quality mattress. Available in several sizes in stock for same day delivery.</span></p>\r\n\r\n<p>&nbsp;</p>\r\n\r\n<p>&nbsp;</p>\r\n','active',0,''),(117,103,2,'St. Maarten Pillow Top 12\"','6353-St.-Maarten-Corner_1057x453a.jpg','<p>Twin Mattress</p>\r\n','active',0,''),(118,103,2,'Biotic Pillow Top 12\"','3525-Biotic Mattress Pillow Top_230x175.jpg','<p>CC</p>\r\n','active',0,''),(123,103,2,'Napa','4059-Napa Set1_PS_1057x453.jpg','<p>cc</p>\r\n','active',0,''),(124,105,2,'Chenille Firm Mattress','5321-Chenille-Firm-Mattress-Fulla_1057x453.jpg','<p>Chenille</p>\r\n','active',0,''),(125,105,2,'Crystal Medium Firm ','804-Crystal Mattress Med FirmB_1057x453.jpg','<p>Crystal Med Firm</p>\r\n','active',0,''),(126,104,2,'Carmel Pillow Top ','465-Carmel Mattress View_1057x453.jpg','<p>Carmel Pillow Top</p>\r\n','active',0,''),(127,104,2,'Value Comfort Pillow Top','8268-Value-Comfort-Pillow-Top-Mattress_1057x453.jpg','<p>&nbsp;</p>\r\n\r\n<p><span style=\"font-size:16px\">The Value Comfort is a great value pillow top mattress. &nbsp;It has a Leggett &amp; Platt 396 Bonnell Coil system and a nice soft cotton cover for a nice medium feel. &nbsp;These mattresses are also warrantied for 12 years</span></p>\r\n','active',0,''),(130,104,2,'St. Maarten Euro Pillow Top ','7944-St. Maarten Corner_230x175a.jpg','<p><span style=\"font-size:16px\">The St. Maarten&nbsp;has been a staple Pillow Top Mattress of Mattress Store San Diego for years! It&#39;s a great value because of it&#39;s thick profile so you have lots of comfy foam over the springs.</span></p>\r\n\r\n<p><span style=\"font-size:16px\">Built to last, the St. Maarten&nbsp;Mattress collection is perfect for any room in the house a better bed than youll find in many stores at a fraction of the price.</span></p>\r\n','active',0,''),(131,104,2,'Biotic Pillow Top','7162-Biotic_1030x700.jpg','<p>Biotic Pillow Top</p>\r\n','active',0,''),(133,104,2,'Napa Pillow Top','2216-Napa Mattress Set_1030x700.jpg','<p><span style=\"font-size:16px\">The Napa Pillow Top Mattress collection features a nice medium feel with an upgraded verticoil spring system that helps prevent motion transfer compared to a regular Bonnell Coil. &nbsp; Foam encased edge supports add to the sleeping surface as well as add stability and structure.</span></p>\r\n','active',0,''),(134,104,2,'Soft Sleep','9804-Soft Sleep Mattress Corner_1030x700.jpg','<p><span style=\"font-size:16px\">Great soft feel with an indivually wrap coil system, encased foam edge supports and a soft white stretch knit cotton cover.</span></p>\r\n','active',0,''),(135,104,2,'Miralux Plush','8332-Miralux Mattress Plush_Crop_1030x700.jpg','<p><span style=\"font-size:16px\">If you enjoy a soft comfort, the Sleep Inc by Corsicana Miralux Euro Pillow Top is one of the best values found on our site. The Verticoil system, comfort layers, and quilt all contain nice features typically reserved for mattresses much higher in price. With a Comfort Scale rating of 7, this is a good choice for side sleepers or back sleepers who enjoy a soft, enveloping initial feel with solid underlying support. Features also a Tencel Fiber soft cover that helps keep you cooler and full foam encased edge support to add to the sleep surface.</span></p>\r\n','active',0,''),(136,104,2,'Bridgeton ','4339-Bridgeton Pillow Top Mattress_ Crop.jpg','<p><span style=\"font-size:16px\">The Bridgeton Pillow Top Mattress gives you a comfortable feel like the Miralux but with a slightly firmer feel. Over 14&quot; or rich, high quality comfort foams in an inviting pillow top that is comfortable and very supportive. The Verticoil system, comfort layers, and quilt all contain nice features typically reserved for mattresses much higher in price. This is a good choice for side sleepers or back sleepers who enjoy a soft initial feel with solid underlying support. Features also a TruCool soft cover that helps keep you cooler and full foam encased edge support to add to the sleep surface. </span></p>\r\n\r\n<p><a href=\"http://Yelp.com/biz/mattress-store-san-diego-chula-vista-13\"><span style=\"font-size:16px\">See my 200+ 5-Star Reviews on Yelp! </span></a></p>\r\n\r\n<p>&nbsp;</p>\r\n','active',0,''),(138,106,2,'Crystal ','7236-Crystal Mattress_1030x700_Corner.jpg','<p>Our Crystal mattress collection has a unique firm overall feel but with an initial plush top. &nbsp; Comfort and value comes from the Indivivual Wrap Coils and a nice soft Organic Cotton Quilted fabric that feels great and keeps you cooler. &nbsp;</p>\r\n','active',0,''),(139,0,0,'testsub_Category','3916-ways-to-say-good-morning.jpg','<p>sdfsfsd</p>\r\n','active',0,''),(140,139,1,'testcat','58-good-morning-starshine.jpg','<p>sdffdf</p>\r\n','active',0,''),(141,140,2,'testsub_sub','9068-good-morning-starshine.jpg','<p>testtest</p>\r\n','active',0,'');
/*!40000 ALTER TABLE `sdmatts_category` ENABLE KEYS */;
UNLOCK TABLES;

--
-- Table structure for table `sdmatts_collection_relation`
--

DROP TABLE IF EXISTS `sdmatts_collection_relation`;
/*!40101 SET @saved_cs_client     = @@character_set_client */;
/*!40101 SET character_set_client = utf8 */;
CREATE TABLE `sdmatts_collection_relation` (
  `collection_relation_id` int(11) NOT NULL AUTO_INCREMENT,
  `collection_id` int(6) NOT NULL,
  `furniture_id` int(6) NOT NULL,
  PRIMARY KEY (`collection_relation_id`)
) ENGINE=InnoDB AUTO_INCREMENT=12204 DEFAULT CHARSET=latin1;
/*!40101 SET character_set_client = @saved_cs_client */;

--
-- Dumping data for table `sdmatts_collection_relation`
--

LOCK TABLES `sdmatts_collection_relation` WRITE;
/*!40000 ALTER TABLE `sdmatts_collection_relation` DISABLE KEYS */;
INSERT INTO `sdmatts_collection_relation` VALUES (2,0,0),(6,4,134),(14,4,145),(15,4,145),(16,4,108),(17,4,108),(18,4,146),(19,4,146),(26,4,159),(27,4,159),(30,4,161),(31,4,161),(37,2,17),(38,4,17),(39,2,20),(40,3,20),(41,2,23),(42,4,23),(43,2,28),(44,4,28),(45,2,31),(46,4,31),(47,2,34),(48,4,34),(49,2,37),(50,4,37),(51,2,40),(52,4,40),(53,2,60),(54,4,60),(55,2,63),(56,4,63),(57,2,65),(58,4,65),(63,4,202),(64,4,202),(65,4,203),(66,4,203),(67,4,204),(68,3,205),(69,3,205),(70,2,206),(71,3,206),(72,2,207),(73,3,207),(74,4,207),(75,2,208),(76,3,208),(77,2,209),(78,3,209),(79,2,210),(80,3,210),(81,2,211),(82,3,211),(83,2,212),(84,3,212),(85,2,213),(86,3,213),(87,2,214),(88,3,214),(89,2,215),(90,3,215),(91,2,216),(92,3,216),(93,2,217),(94,3,217),(95,2,218),(96,3,218),(97,2,219),(98,3,219),(99,2,220),(100,4,220),(101,2,221),(102,3,221),(103,2,222),(104,3,222),(105,2,223),(106,3,223),(107,2,224),(108,3,224),(109,2,225),(110,3,225),(111,2,226),(112,3,226),(113,2,227),(114,3,227),(115,2,228),(116,3,228),(117,2,229),(118,3,229),(119,2,230),(120,3,230),(121,2,231),(122,3,231),(123,2,232),(124,3,232),(125,2,233),(126,3,233),(127,2,234),(128,3,234),(129,2,235),(130,3,235),(131,2,236),(132,3,236),(133,2,237),(134,3,237),(135,2,238),(136,3,238),(137,2,239),(138,3,239),(139,2,240),(140,3,240),(141,2,241),(142,3,241),(143,2,242),(144,3,242),(145,2,243),(146,3,243),(147,3,244),(148,4,244),(149,2,245),(150,3,245),(151,4,246),(152,2,247),(153,3,247),(154,4,247),(155,2,248),(156,3,248),(157,4,248),(158,2,249),(159,3,249),(160,2,250),(161,3,250),(162,4,250),(163,2,251),(164,3,251),(165,4,251),(166,2,252),(167,3,252),(914,18,351),(994,14,347),(995,21,347),(1272,16,354),(1273,24,354),(1274,16,355),(1275,23,355),(1344,23,357),(1345,24,357),(1346,19,358),(1347,20,358),(1348,15,359),(1349,19,359),(1350,15,360),(1351,20,360),(1403,28,361),(1404,27,362),(1405,30,363),(1406,29,364),(1407,32,365),(1463,31,366),(7507,14,332),(7508,15,332),(7509,16,332),(7510,17,332),(7511,18,332),(7512,19,332),(7513,20,332),(7514,21,332),(7515,22,332),(7516,23,332),(7517,24,332),(7518,27,332),(7519,28,332),(7520,29,332),(7521,30,332),(7522,31,332),(7523,32,332),(7524,33,332),(7525,34,332),(7526,35,332),(7527,36,332),(7528,37,332),(7529,38,332),(7530,39,332),(7531,40,332),(7532,41,332),(7533,42,332),(7534,43,332),(7535,44,332),(7536,45,332),(7537,46,332),(7538,47,332),(7539,48,332),(7540,49,332),(7541,50,332),(7542,51,332),(7543,52,332),(7544,53,332),(7545,54,332),(7546,55,332),(7547,56,332),(7548,57,332),(7549,58,332),(7550,59,332),(7551,60,332),(7552,62,332),(7553,63,332),(7554,64,332),(7555,65,332),(7556,66,332),(7557,67,332),(7558,68,332),(7559,69,332),(7560,70,332),(7561,71,332),(7562,72,332),(7563,73,332),(7564,74,332),(7565,75,332),(7566,76,332),(7567,77,332),(7568,78,332),(7569,79,332),(7570,80,332),(7571,81,332),(7572,82,332),(7573,83,332),(7574,84,332),(7575,85,332),(7576,86,332),(7577,87,332),(7955,21,352),(7956,22,352),(7957,14,344),(7958,22,344),(8996,107,396),(8997,112,396),(9001,108,397),(9002,113,397),(9146,33,393),(9147,34,393),(9148,36,393),(9149,37,393),(9150,38,393),(9151,107,393),(9152,112,393),(9189,33,392),(9190,34,392),(9191,35,392),(9192,36,392),(9193,37,392),(9194,38,392),(9195,108,392),(9196,113,392),(9252,39,394),(9253,40,394),(9254,41,394),(9255,107,394),(9256,112,394),(10124,97,408),(10125,98,408),(10126,99,408),(10127,100,408),(10128,101,408),(10129,102,408),(10130,103,408),(10131,104,408),(10132,105,408),(10133,106,408),(10134,111,408),(10135,97,409),(10136,98,409),(10137,99,409),(10138,100,409),(10139,101,409),(10140,102,409),(10141,103,409),(10142,104,409),(10143,105,409),(10144,107,409),(10145,112,409),(10157,97,411),(10158,98,411),(10159,99,411),(10160,100,411),(10161,101,411),(10162,102,411),(10163,103,411),(10164,104,411),(10165,105,411),(10166,109,411),(10167,114,411),(10237,70,413),(10238,71,413),(10239,72,413),(10240,73,413),(10241,74,413),(10242,75,413),(10243,76,413),(10244,77,413),(10245,78,413),(10246,107,413),(10247,112,413),(10248,31,414),(10249,70,414),(10250,71,414),(10251,72,414),(10252,73,414),(10253,74,414),(10254,75,414),(10255,76,414),(10256,77,414),(10257,78,414),(10258,108,414),(10259,113,414),(10260,32,415),(10261,75,415),(10262,76,415),(10263,77,415),(10264,78,415),(10265,109,415),(10266,110,415),(10267,114,415),(10268,115,415),(10269,32,416),(10270,75,416),(10271,76,416),(10272,77,416),(10273,78,416),(10274,109,416),(10275,110,416),(10276,114,416),(10277,115,416),(10360,70,375),(10361,71,375),(10362,72,375),(10363,73,375),(10364,74,375),(10365,75,375),(10366,76,375),(10367,77,375),(10368,78,375),(10369,106,375),(10370,111,375),(10371,31,417),(10372,79,417),(10373,80,417),(10374,81,417),(10375,82,417),(10376,83,417),(10377,84,417),(10378,85,417),(10379,86,417),(10380,87,417),(10381,107,417),(10382,112,417),(10539,31,418),(10540,79,418),(10541,80,418),(10542,81,418),(10543,82,418),(10544,83,418),(10545,84,418),(10546,85,418),(10547,86,418),(10548,87,418),(10549,107,418),(10550,112,418),(10587,31,420),(10588,79,420),(10589,80,420),(10590,81,420),(10591,82,420),(10592,83,420),(10593,84,420),(10594,85,420),(10595,86,420),(10596,87,420),(10597,108,420),(10598,113,420),(10599,32,421),(10600,84,421),(10601,85,421),(10602,86,421),(10603,87,421),(10604,109,421),(10605,110,421),(10606,114,421),(10607,115,421),(10608,32,422),(10609,84,422),(10610,85,422),(10611,86,422),(10612,87,422),(10613,110,422),(10614,115,422),(10621,31,424),(10622,39,424),(10623,40,424),(10624,41,424),(10625,107,424),(10626,112,424),(10666,106,388),(10667,111,388),(10717,31,428),(10718,108,428),(10719,113,428),(10720,117,428),(10721,118,428),(10722,119,428),(10723,120,428),(10724,121,428),(10733,31,427),(10734,106,427),(10735,111,427),(10736,117,427),(10737,118,427),(10738,119,427),(10739,120,427),(10740,121,427),(10776,31,426),(10777,106,426),(10778,111,426),(10779,117,426),(10780,118,426),(10781,119,426),(10782,120,426),(10783,121,426),(11286,31,429),(11287,51,429),(11288,52,429),(11289,53,429),(11290,54,429),(11291,55,429),(11292,56,429),(11293,57,429),(11294,58,429),(11295,59,429),(11296,106,429),(11297,111,429),(11310,31,430),(11311,51,430),(11312,52,430),(11313,53,430),(11314,54,430),(11315,55,430),(11316,56,430),(11317,57,430),(11318,58,430),(11319,59,430),(11320,106,430),(11321,111,430),(11334,31,431),(11335,51,431),(11336,52,431),(11337,53,431),(11338,54,431),(11339,55,431),(11340,56,431),(11341,57,431),(11342,58,431),(11343,59,431),(11344,108,431),(11345,113,431),(11368,32,433),(11369,51,433),(11370,52,433),(11371,53,433),(11372,54,433),(11373,55,433),(11374,56,433),(11375,57,433),(11376,58,433),(11377,59,433),(11378,110,433),(11379,115,433),(11392,31,434),(11393,60,434),(11394,62,434),(11395,63,434),(11396,64,434),(11397,65,434),(11398,66,434),(11399,67,434),(11400,68,434),(11401,69,434),(11402,106,434),(11403,111,434),(11418,63,435),(11419,64,435),(11420,65,435),(11421,66,435),(11422,67,435),(11423,107,435),(11424,112,435),(11433,31,436),(11434,65,436),(11435,66,436),(11436,67,436),(11437,68,436),(11438,69,436),(11439,108,436),(11440,113,436),(11453,32,437),(11454,60,437),(11455,62,437),(11456,63,437),(11457,64,437),(11458,65,437),(11459,66,437),(11460,67,437),(11461,68,437),(11462,69,437),(11463,109,437),(11464,114,437),(11510,32,440),(11511,57,440),(11600,51,399),(11601,52,399),(11602,53,399),(11603,54,399),(11604,55,399),(11605,56,399),(11606,57,399),(11607,58,399),(11608,59,399),(11609,108,399),(11610,113,399),(11633,51,398),(11634,52,398),(11635,53,398),(11636,54,398),(11637,55,398),(11638,56,398),(11639,57,398),(11640,58,398),(11641,59,398),(11642,107,398),(11643,112,398),(11655,51,395),(11656,52,395),(11657,53,395),(11658,54,395),(11659,55,395),(11660,56,395),(11661,57,395),(11662,58,395),(11663,59,395),(11664,106,395),(11665,111,395),(11666,32,441),(11667,56,441),(11668,57,441),(11669,109,441),(11670,114,441),(11679,32,442),(11680,59,442),(11681,110,442),(11682,115,442),(11716,60,403),(11717,62,403),(11718,63,403),(11719,64,403),(11720,65,403),(11721,66,403),(11722,67,403),(11723,68,403),(11724,69,403),(11725,106,403),(11726,111,403),(11738,60,404),(11739,62,404),(11740,63,404),(11741,64,404),(11742,65,404),(11743,66,404),(11744,67,404),(11745,68,404),(11746,69,404),(11747,107,404),(11748,112,404),(11760,60,405),(11761,62,405),(11762,63,405),(11763,64,405),(11764,65,405),(11765,66,405),(11766,67,405),(11767,68,405),(11768,69,405),(11769,108,405),(11770,113,405),(11782,60,406),(11783,62,406),(11784,63,406),(11785,64,406),(11786,65,406),(11787,66,406),(11788,67,406),(11789,68,406),(11790,69,406),(11791,109,406),(11792,114,406),(11802,32,438),(11803,64,438),(11804,65,438),(11805,66,438),(11806,67,438),(11807,68,438),(11808,69,438),(11809,110,438),(11810,115,438),(11822,60,407),(11823,62,407),(11824,63,407),(11825,64,407),(11826,65,407),(11827,66,407),(11828,67,407),(11829,68,407),(11830,69,407),(11831,110,407),(11832,115,407),(11845,31,444),(11846,99,444),(11847,107,444),(11848,112,444),(11849,31,443),(11850,97,443),(11851,106,443),(11852,111,443),(11853,31,445),(11854,101,445),(11855,108,445),(11856,113,445),(11857,32,446),(11858,105,446),(11859,110,446),(11860,115,446),(11861,32,447),(11862,105,447),(11863,110,447),(11864,115,447),(11887,31,410),(11888,101,410),(11889,108,410),(11890,113,410),(11891,31,448),(11892,106,448),(11893,111,448),(11894,124,448),(11895,125,448),(11896,126,448),(11897,127,448),(11898,128,448),(11899,31,449),(11900,107,449),(11901,112,449),(11902,126,449),(11903,127,449),(11904,128,449),(11905,31,450),(11906,108,450),(11907,113,450),(11908,128,450),(11909,32,451),(11910,109,451),(11911,114,451),(11912,129,451),(11913,130,451),(11914,131,451),(11915,132,451),(11916,32,452),(11917,110,452),(11918,115,452),(11919,129,452),(11920,130,452),(11921,131,452),(11922,132,452),(11963,31,454),(11964,106,454),(11965,111,454),(11966,133,454),(11967,134,454),(11968,135,454),(11969,136,454),(11970,137,454),(11971,31,455),(11972,107,455),(11973,112,455),(11974,135,455),(11975,136,455),(11976,137,455),(11981,32,457),(11982,109,457),(11983,114,457),(11984,139,457),(11985,140,457),(11986,141,457),(11993,31,459),(11994,108,459),(11995,113,459),(11996,137,459),(11997,138,459),(11998,139,459),(11999,140,459),(12000,141,459),(12052,97,412),(12053,98,412),(12054,99,412),(12055,100,412),(12056,101,412),(12057,102,412),(12058,103,412),(12059,104,412),(12060,105,412),(12061,110,412),(12062,115,412),(12081,32,460),(12082,110,460),(12083,115,460),(12084,141,460),(12085,31,461),(12086,106,461),(12087,111,461),(12088,142,461),(12089,31,462),(12090,107,462),(12091,112,462),(12092,143,462),(12093,31,463),(12094,108,463),(12095,113,463),(12096,144,463),(12097,32,464),(12098,109,464),(12099,114,464),(12100,145,464),(12101,32,465),(12102,110,465),(12103,115,465),(12104,146,465),(12105,31,466),(12106,81,466),(12107,107,466),(12108,112,466),(12109,31,467),(12110,83,467),(12111,108,467),(12112,113,467),(12113,31,468),(12114,85,468),(12115,109,468),(12116,114,468),(12120,14,469),(12131,39,389),(12132,40,389),(12133,41,389),(12134,106,389),(12135,111,389),(12168,34,369),(12169,35,369),(12170,36,369),(12171,37,369),(12172,38,369),(12173,106,369),(12174,111,369),(12175,27,470),(12176,29,470),(12177,31,470),(12178,39,470),(12179,41,470),(12180,55,470),(12181,60,470),(12182,62,470),(12195,31,423),(12196,39,423),(12197,40,423),(12198,41,423),(12199,108,423),(12200,113,423),(12201,14,471),(12202,15,471),(12203,16,471);
/*!40000 ALTER TABLE `sdmatts_collection_relation` ENABLE KEYS */;
UNLOCK TABLES;

--
-- Table structure for table `sdmatts_delivery_type`
--

DROP TABLE IF EXISTS `sdmatts_delivery_type`;
/*!40101 SET @saved_cs_client     = @@character_set_client */;
/*!40101 SET character_set_client = utf8 */;
CREATE TABLE `sdmatts_delivery_type` (
  `id` int(11) NOT NULL AUTO_INCREMENT,
  `delivery_name` varchar(500) NOT NULL,
  `delivery_charge` int(20) NOT NULL,
  `add_date` datetime NOT NULL,
  PRIMARY KEY (`id`)
) ENGINE=InnoDB AUTO_INCREMENT=4 DEFAULT CHARSET=latin1;
/*!40101 SET character_set_client = @saved_cs_client */;

--
-- Dumping data for table `sdmatts_delivery_type`
--

LOCK TABLES `sdmatts_delivery_type` WRITE;
/*!40000 ALTER TABLE `sdmatts_delivery_type` DISABLE KEYS */;
INSERT INTO `sdmatts_delivery_type` VALUES (1,'Free Local Delivery',0,'2017-02-08 05:42:13'),(2,'Mid Town $20.00',20,'2017-02-08 05:42:36'),(3,'North County $30',30,'2017-02-08 05:42:51');
/*!40000 ALTER TABLE `sdmatts_delivery_type` ENABLE KEYS */;
UNLOCK TABLES;

--
-- Table structure for table `sdmatts_faqs`
--

DROP TABLE IF EXISTS `sdmatts_faqs`;
/*!40101 SET @saved_cs_client     = @@character_set_client */;
/*!40101 SET character_set_client = utf8 */;
CREATE TABLE `sdmatts_faqs` (
  `id` int(11) NOT NULL AUTO_INCREMENT,
  `Question` varchar(255) NOT NULL,
  `Answer` text NOT NULL,
  `Status` enum('Active','Inactive') NOT NULL,
  PRIMARY KEY (`id`)
) ENGINE=InnoDB AUTO_INCREMENT=15 DEFAULT CHARSET=latin1;
/*!40101 SET character_set_client = @saved_cs_client */;

--
-- Dumping data for table `sdmatts_faqs`
--

LOCK TABLES `sdmatts_faqs` WRITE;
/*!40000 ALTER TABLE `sdmatts_faqs` DISABLE KEYS */;
INSERT INTO `sdmatts_faqs` VALUES (1,'What\'s the proper way to turn or rotate a mattress and how often should it be done?','<p>\r\n	<strong>Answer: </strong>Some new mattresses should<em> be</em> rotated every week for the first few months and every few months thereafter. Most new mattresses have been designed as &quot;no-flip&quot; mattresses, eliminating the need for end-over-end rotation. We suggest you consult your manufacturer&rsquo;s warranty for the proper rotation guidelines specific to your new mattress.</p>\r\n<p>\r\n	TIP: Unless your mattress is a twin size, we don&#39;t recommend you turn it alone. Doing so can result in damage to the product or injury to you. Get a friend or a family member to help you. You should not use the cord handles to turn the mattress, as they will not support the weight of the mattress and will likely tear out. Mattress handles should be used for final positioning only.</p>\r\n','Active'),(2,'How often should I replace my mattress?','<p>\r\n	<strong>Answer:</strong> Every 5-7 years. Even if your mattress doesn&#39;t show much wear and tear, your body, lifestyle and sleep needs have probably changed. If your mattress is 5-7 years older, so are you! Has your weight changed, have you gotten married, developed back problems, or do you have a less active lifestyle? That old mattress may no longer be the best fit for the person you are today.</p>\r\n','Active'),(3,'If I have a bad back should I buy a hard mattress?','<p>\r\n	<strong>Answer: </strong>Your doctor may have specific recommendations for your sleep surface. In general, we&#39;d recommend a mattress that offers good support, and support does not mean the hardest or firmest mattress available. Innerspring mattresses are available in various types of surface materials over the coil unit that help in improving the comfort of a mattress without compromising the support you need. Foam, latex or air mattresses are also good options for contouring the body while offering proper support and lasting comfort.</p>\r\n','Active'),(4,'What are the measurements of each size?','<p>\r\n	<strong>Answer: </strong>Throughout the industry, there are standard mattress sizes: Twin, Full, Queen, California King, and Eastern King. See dimensions below. Mattress dimensions can vary +/- by a half inch depending on the manufacturer.<br />\r\n	<br />\r\n	&nbsp;&nbsp;&nbsp; Twin (Also know as a single bed): A bed measuring 39 inches wide by 74 inches long.<br />\r\n	&nbsp;&nbsp;&nbsp; Full (Also known as a double or a standard bed): A bed that measures 54 inches wide and 74 inches long.<br />\r\n	&nbsp;&nbsp;&nbsp; Queen: A bed that measures 60 inches wide by 80 inches long.<br />\r\n	&nbsp;&nbsp;&nbsp; California King (Also known as a Western King): A bed that measures 72 inches wide by 84 inches long.<br />\r\n	&nbsp;&nbsp;&nbsp; King (Also known as an Eastern King): A bed that measures 76 inches wide by 80 inches long.</p>\r\n','Active'),(5,'What is the best way to protect my new mattress?','<p>\r\n	<strong>Answer:</strong> Mattress protection, including the use of waterproof mattress pads, is the easiest way to protect the manufacturer&rsquo;s warranty on your mattress. Should a problem arise with your mattress, it must be free of stains in order to qualify for a warranty exchange or repair. Aside from keeping your mattress free of stains, many mattress protectors have the ability to keep dust mites out of your new mattress and away from your skin.</p>\r\n','Active'),(6,'How Do I Choose a Density?','<p>\r\n	<strong>Answer: </strong>Consider your sleep style: do you sleep on your stomach, back or side? Or are you someone who tosses and turns throughout the night?<br />\r\n	<br />\r\n	The way you sleep will determine the firmness of your pillow. A soft pillow is for someone who sleeps on their stomach. Medium density pillows are for back sleepers and firm pillows are for those who sleep on their side. Generally those who don&#39;t maintain a particular position through the night prefer a medium density pillow to accommodate all positions.</p>\r\n','Active'),(7,'Whats the Difference between a Soft Pillow and a Firm Pillow?','<p>\r\n	<strong>Answer: </strong>Our pillows have the same quality of fill for each level. Our &quot;Best&quot; Soft Pillow is filled with lofty 500 fill power White Goose Down; Our &quot;Best&quot; Firm Pillow is filled with the same lofty 500 fill power White Goose Down, there are just more ounces added to it to offer more support.</p>\r\n','Active'),(8,'How Do I Care For My Down Pillow?','<p>\r\n	<strong>Answer: </strong>When you first unpack your pillow, it may appear wrinkled and flat. You can restore the natural loft by vigorously shaking or fluffing in your dryer on LOW.</p>\r\n','Active'),(9,'Pillow cleaning','<p>\r\n	Answer: Dry clean only: take your down or down/feather pillow to a reputable, experienced dry cleaner.</p>\r\n','Active'),(10,'How Thick of a Memory Foam Pad is best?','<p>\r\n	Answer: If you weight over 200 lbs. go at least 3 inch.</p>\r\n','Active'),(11,'How Heavy of Memory Foam is best?','<p>\r\n	<strong>Answer:</strong>&nbsp; A safe bet is the 2.5 lb. to 3.5 lb. range with a typical soft mattress. If you roll<br />\r\n	around in bed a lot that may suit you better than the more dense pads. If you have<br />\r\n	a medium to firm mattress a heavier pad would be a good choice. If you have slept<br />\r\n	on memory foam before - you know you like it. To be frank - most people eventually<br />\r\n	find their way up to the 5.0 to 5.5 lb pads that define the luxury memory foam can<br />\r\n	offer. They have recently become very affordable.</p>\r\n','Active'),(12,'How much should I pay for a quality pad?','<p>\r\n	<strong>Answer:</strong>&nbsp; Given the amount of time you spend in bed, twenty or thirty bucks shouldn&#39;t<br />\r\n	matter that much. Expect to pay over $100 for a top quality pad - though we have<br />\r\n	sales that are pushing that price down.<br />\r\n	<br />\r\n	&nbsp;</p>\r\n','Active'),(13,'I\'ve heard Memory Foam smells ? Does it?','<p>\r\n	<strong>Answer: </strong>There is no getting around it - yes, polyurethane products smell initially. We<br />\r\n	suggest taking them out of the protective cover and airing them out in the garage<br />\r\n	for a week to 10 days if possible. This chemical makeup, while smelling initially, also<br />\r\n	serves to prevent dust mites, bed bugs, lice and other nasty buggers that can find<br />\r\n	their way into conventional beds.</p>\r\n','Active'),(14,'Is Memory Foam Cold or Hot?','<p>\r\n	<strong>Answer:</strong>&nbsp; It&#39;s both! Its tight foam construction will snug you in the winter holding the heat<br />\r\n	in while its density can pull the heat off your body in the summer. Depending on your<br />\r\n	body makeup you may find it much easier to stay warm in the winter while some<br />\r\n	people feel that using a fan in the summer is the perfect environment with memory<br />\r\n	foam. If you get a 5.0 or heavier pad and you are a warm sleeper you may find the<br />\r\n	gently breeze of a fan is comforting.</p>\r\n','Active');
/*!40000 ALTER TABLE `sdmatts_faqs` ENABLE KEYS */;
UNLOCK TABLES;

--
-- Table structure for table `sdmatts_furniture`
--

DROP TABLE IF EXISTS `sdmatts_furniture`;
/*!40101 SET @saved_cs_client     = @@character_set_client */;
/*!40101 SET character_set_client = utf8 */;
CREATE TABLE `sdmatts_furniture` (
  `furniture_id` int(11) NOT NULL AUTO_INCREMENT,
  `furniture_name` varchar(255) NOT NULL,
  `furniture_code` varchar(255) NOT NULL,
  `furniture_dimension` varchar(255) NOT NULL,
  `furniture_cost` float(11,2) NOT NULL,
  `discount` varchar(30) NOT NULL,
  `furniture_image` varchar(255) NOT NULL,
  `furniture_des` text NOT NULL,
  `brand_id` int(11) NOT NULL,
  `category_id` int(11) NOT NULL,
  `sub_category_id` int(11) NOT NULL,
  `sub_sub_cat_id` int(11) NOT NULL,
  `check_hot` int(11) NOT NULL,
  `check_special` int(5) NOT NULL,
  `furniture_metatag` text NOT NULL,
  `furniture_shopping` varchar(255) NOT NULL,
  `furniture_status` enum('Active','Inactive') NOT NULL,
  `sort_order` int(5) NOT NULL,
  PRIMARY KEY (`furniture_id`)
) ENGINE=InnoDB AUTO_INCREMENT=472 DEFAULT CHARSET=latin1;
/*!40101 SET character_set_client = @saved_cs_client */;

--
-- Dumping data for table `sdmatts_furniture`
--

LOCK TABLES `sdmatts_furniture` WRITE;
/*!40000 ALTER TABLE `sdmatts_furniture` DISABLE KEYS */;
INSERT INTO `sdmatts_furniture` VALUES (332,'Queen Z-Gel Dough Pillow','Queen Z-Gel Dough','19x16x6',59.00,'0','4963-Zoned Gel Dough_230x175.jpg','<div>Combining the cooling benefits of Gel Dough&reg; with the comfort and breathability of Zoned Technology&trade;, the Zoned Gel Dough&reg; pillow offers optimal comfort for restful sleep. The Gel Dough&reg; formula creates a cooler, softer memory foam that maintains form for better support than traditional memory foams. Zoned Technology&trade; cradles the head while supporting the neck, providing exceptional airflow, making this one of the coolest, most breathable pillows available. Accompanying the pillow is a luxuriously soft rayon from bamboo velour cover, excellent for sensitive skin and temperature regulation.</div>\r\n\r\n<div>&nbsp;</div>\r\n\r\n<div>Gel Dough&reg; formula creates a cooler, softer memory foam</div>\r\n\r\n<div>Ventilated for increased air circulation and breathability</div>\r\n\r\n<div>Zoned comfort cradles the head while supporting the neck</div>\r\n\r\n<div>&nbsp;</div>\r\n\r\n<div>&nbsp;</div>\r\n',21,59,89,90,0,0,'<meta http-equiv=\"Content-Type\" content=\"text/html; charset=utf-8\" />\r\n	<meta name=\"language\" content=\"en\" />\r\n<meta name=\"description\" content=\"mattress Store San Diego\">\r\n<meta name=\"keywords\" content=\"Mattress,Furniture,Pillow\">\r\n<meta name=\"author\" content=\"Sandiego Mattress \">\r\n','in a box','Active',4),(344,'Queen Z-Gel Chamomile Pillow','','29x16x6',59.00,'0','1725-Zoned Dough Chamomile_230x175.jpg','<p><strong>The Benefits of Chamomile</strong><br />\r\nDerived from the Chameamelum nobile plant, chamomile oil has an uplifting, sweet, fruity scent. Roman Chamomile essential oil is frequently used in aromatherapy, as it is known for soothing and uplifting the body and mind. It is thought to promote relaxation and invite sleep.<br />\r\n<br />\r\n<strong>Roman Chamomile Aromatherapy Spray Included</strong><br />\r\nAccompanying this chamomile scented pillow is a mini spritzer bottle of all-natural Roman Chamomile aromatherapy spray. The included 3 mL spray bottle is made with real chamomile essential oil. Use it to refresh the scent of your pillow or add relaxing aroma to bedding or mattresses.<br />\r\n<br />\r\n<strong>ZONED DOUGH Memory Foam</strong><br />\r\nPlush memory foam creates a comfortable pillow with excellent support. This mid-loft pillow is made of DOUGH memory foam that molds to the curves of the head, neck and shoulders for personalized comfort without pressure. ZONED TECHNOLOGY design features larger holes in the center and smaller holes around the perimeter to cradle the head while supporting the neck. This unique design also improves airflow for a more breathable memory foam.<br />\r\n<br />\r\n<strong>TENCEL Mesh Cover</strong><br />\r\nEco-friendly TENCEL botanical fibers create a fabric that is incredibly silky, soft and light. It also has inherent moisture management and temperature control properties that bring cool, dry comfort to the pillow&acirc;&euro;&trade;s surface. Gusseted cover can be removed and washed for a constantly clean sleep environment. To preserve the cover, remove and machine wash in cold to hot water with bedding. Tumble dry on low heat. Cover: 63 percent TENCEL lyocell, 37 percent polyester, Cover sidewall: 100 percent TENCEL lyocell, Fill: 100 percent polyurethane foam</p>\r\n',21,59,89,91,0,0,'<meta http-equiv=\"Content-Type\" content=\"text/html; charset=utf-8\" />\r\n	<meta name=\"language\" content=\"en\" />\r\n<meta name=\"description\" content=\"Online Mattress Dealer\">\r\n<meta name=\"keywords\" content=\"Mattress,Furniture,Pillow\">\r\n<meta name=\"author\" content=\"Sandiego Mattress \">\r\n','','Active',4),(347,'King Z-Gel Chamomile Pillow','','35x16x6',69.00,'0','8716-Zoned Dough Chamomile_230x175.jpg','<p>Relax naturally with plush memory foam paired with relaxing aromatherapy spray. Plush, pressure-easing Dough&reg; memory foam is infused with the scent of chamomile for cozy, natural relaxation. Roman chamomile is known for its soothing and relaxing properties. A mini spritzer bottle of natural Roman chamomile aromatherapy spray accompanies the pillow to refresh the aroma. Zoned Technology design creates larger holes in the center of the pillow to cradle the head and smaller holes around the edges for superior neck support. A beautiful and soft Tencel&reg; mesh cover adds the temperature- and moisture-regulating comfort of eco-friendly fabric.</p>\r\n\r\n<p>&nbsp;&nbsp;&nbsp; Infused with Roman chamomile scent for a relaxing experience<br />\r\n&nbsp;&nbsp;&nbsp; 2 mL natural Roman chamomile oil spritzer included<br />\r\n&nbsp;&nbsp;&nbsp; Roman chamomile is known for its ability to soothe and promote relaxation<br />\r\n&nbsp;&nbsp;&nbsp; Zoned Dough&reg; memory foam<br />\r\n&nbsp;&nbsp;&nbsp; Infused with chamomile scent<br />\r\n&nbsp;&nbsp;&nbsp; Chamomile oil spritzer included</p>\r\n\r\n<p>&nbsp;</p>\r\n',21,59,89,91,0,0,'<meta http-equiv=\"Content-Type\" content=\"text/html; charset=utf-8\" />\r\n	<meta name=\"language\" content=\"en\" />\r\n<meta name=\"description\" content=\"Online Mattress Dealer\">\r\n<meta name=\"keywords\" content=\"Mattress,Furniture,Pillow\">\r\n<meta name=\"author\" content=\"Sandiego Mattress \">\r\n','','Active',4),(351,'King Z-Gel Dough Pillow','','29x16',69.00,'0','2267-Zoned Gel Dough_230x175.jpg','<p>Combining the cooling benefits of Gel Dough&AElig; with the comfort and breathability of Zones Technology&ocirc;, the Zoned Gel Dough&AElig; pillow offers optimal comfort for restful sleep. The Gel Dough&AElig; formula creates a cooler, softer memory foam that maintains form for better support than traditional memory foams. Zoned Technology&ocirc; cradles the head while supporting the neck, providing exceptional airflow, making this one of the coolest, most breathable pillows available. Accompanying the pillow is a luxuriously soft rayon from bamboo velour cover, excellent for sensitive skin and temperature regulation.</p>\r\n\r\n<p>&nbsp; &nbsp; Gel Dough&AElig; formula creates a cooler, softer memory foam<br />\r\n&nbsp; &nbsp; Available in high, mid and low lofts<br />\r\n&nbsp; &nbsp; Zoned comfort cradles the head while supporting the neck<br />\r\n&nbsp; &nbsp; Bamboo velour removable cover<br />\r\n&nbsp; &nbsp; Ventilated for increased air circulation and breathability<br />\r\n&nbsp; &nbsp; Zoned comfort cradles the head while supporting the neck<br />\r\n&nbsp; &nbsp; Rayon from bamboo velour removable cover</p>\r\n',21,59,89,90,0,0,'<meta http-equiv=\"Content-Type\" content=\"text/html; charset=utf-8\" />\r\n	<meta name=\"language\" content=\"en\" />\r\n<meta name=\"description\" content=\"Online Mattress Dealer\">\r\n<meta name=\"keywords\" content=\"Mattress,Furniture,Pillow\">\r\n<meta name=\"author\" content=\"Sandiego Mattress \">\r\n','','Active',4),(352,'2.0 ML Chamomile Spray','','2.0 ML',12.00,'0','4258-Mini-Chamomile-Aromatherapy-Spray-230x175.jpg','<p>&nbsp;</p>\r\n\r\n<p>Made from real essential oil derived from the Chamaemelum nobile plant, this 2 mL tester size aromatherapy spray invites customers to breathe in the naturally uplifting scent of Roman Chamomile. This is an excellent way for customers to experience the relaxing scent of the Zoned Dough&reg; + Chamomile Pillow.</p>\r\n\r\n<ul>\r\n	<li>Allows customers to experience the uplifting chamomile scent</li>\r\n	<li>Highlights Z&reg; scented pillows and full-size sprays</li>\r\n	<li>Showcases natural ingredients and scent</li>\r\n</ul>\r\n',19,59,89,91,0,0,'<meta http-equiv=\"Content-Type\" content=\"text/html; charset=utf-8\" />\r\n	<meta name=\"language\" content=\"en\" />\r\n<meta name=\"description\" content=\"Online Mattress Dealer\">\r\n<meta name=\"keywords\" content=\"Mattress,Furniture,Pillow\">\r\n<meta name=\"author\" content=\"Sandiego Mattress \">\r\n','','Active',1),(354,'Queen Z-Gel Peppermint Pillow','','29x16',59.00,'0','1117-Zoned Dough Peppermint_230x175.jpg','<p><span style=\"font-size:14px\">Comfort and support meets natural aromatherapy with the Zoned Dough&reg; Peppermint pillow. Plush, curve-conforming Dough&reg; memory foam is infused with real peppermint oil for natural relaxation.</span></p>\r\n\r\n<p><span style=\"font-size:14px\">Peppermint is known to aid in deep, clear breathing and promote clarity of mind. A mini spritzer bottle of natural peppermint aromatherapy spray accompanies the pillow to refresh the aroma.</span></p>\r\n\r\n<p><span style=\"font-size:14px\">Zoned Technology design creates larger holes in the center of the pillow to cradle the head and smaller holes around the edges for superior neck support. A beautiful and soft Tencel&reg; mesh cover adds the temperature- and moisture-regulating comfort of eco-friendly fabric. Infused with real peppermint oil for a natural aromatherapy experience 2 mL natural peppermint oil spritzer included Peppermint is known to promote clear breathing and clarity of mind Zoned Dough&reg; memory foam Infused with real peppermint oil Peppermint oil spritzer included</span></p>\r\n',21,59,89,92,0,0,'<meta http-equiv=\"Content-Type\" content=\"text/html; charset=utf-8\" />\r\n	<meta name=\"language\" content=\"en\" />\r\n<meta name=\"description\" content=\"Online Mattress Dealer\">\r\n<meta name=\"keywords\" content=\"Mattress,Furniture,Pillow\">\r\n<meta name=\"author\" content=\"Sandiego Mattress \">\r\n','','Active',4),(355,'King Z-Gel Peppermint Pillow','','35x16x6',69.00,'0','5562-Zoned Dough Peppermint_230x175.jpg','<p><span style=\"font-size:16px\">Comfort and support meets natural aromatherapy with the Zoned Dough&reg; Peppermint pillow. Plush, curve-conforming Dough&reg; memory foam is infused with real peppermint oil for natural relaxation. Peppermint is known to aid in deep, clear breathing and promote clarity of mind. A mini spritzer bottle of natural peppermint aromatherapy spray accompanies the pillow to refresh the aroma. Zoned Technology design creates larger holes in the center of the pillow to cradle the head and smaller holes around the edges for superior neck support. A beautiful and soft Tencel&reg; mesh cover adds the temperature- and moisture-regulating comfort of eco-friendly fabric. Infused with real peppermint oil for a natural aromatherapy experience 2 mL natural peppermint oil spritzer included Peppermint is known to promote clear breathing and clarity of mind Zoned Dough&reg; memory foam Infused with real peppermint oil Peppermint oil spritzer included</span></p>\r\n',21,59,89,92,0,0,'<meta http-equiv=\"Content-Type\" content=\"text/html; charset=utf-8\" />\r\n	<meta name=\"language\" content=\"en\" />\r\n<meta name=\"description\" content=\"Online Mattress Dealer\">\r\n<meta name=\"keywords\" content=\"Mattress,Furniture,Pillow\">\r\n<meta name=\"author\" content=\"Sandiego Mattress \">\r\n','','Active',4),(357,'2.0 ML Peppermint Spray','','2.0 ML',12.00,'0','661-Mini-Peppermint-Aromatherapy-Spray_230x175.jpg','<p><span style=\"font-size:16px\">Made from real essential oil derived from the M. piperita plant, this 2 mL tester size aromatherapy spray invites customers to breathe in the mood-enhancing scent of peppermint. </span></p>\r\n\r\n<p><span style=\"font-size:16px\">This is an excellent way for customers to experience the relaxing scent of the Zoned Dough&reg; + Peppermint Pillow. Allows customers to experience the mood-lifting peppermint scent Highlights Z&reg; scented pillows and full-size sprays Showcases natural ingredients and scent</span></p>\r\n',21,59,89,92,0,0,'<meta http-equiv=\"Content-Type\" content=\"text/html; charset=utf-8\" />\r\n	<meta name=\"language\" content=\"en\" />\r\n<meta name=\"description\" content=\"Online Mattress Dealer\">\r\n<meta name=\"keywords\" content=\"Mattress,Furniture,Pillow\">\r\n<meta name=\"author\" content=\"Sandiego Mattress \">\r\n','','Active',4),(358,'2.0 ML Lavender Spray','','2.0 ML',12.00,'0','430-Mini-Lavender-Aromatherapy-Spray_230x175.jpg','<p><span style=\"font-size:16px\">Made from real essential oil from the Lavandula angustifolia plant, this 2 mL tester size aromatherapy spray invites customers to breathe in the naturally relaxing scent of lavender. This is an excellent way for customers to experience the relaxing scent of the Zoned Dough&reg; + Lavender Pillow.</span></p>\r\n\r\n<ul>\r\n	<li><span style=\"font-size:16px\">Allows customers to experience the relaxing lavender scent</span></li>\r\n	<li><span style=\"font-size:16px\">Highlights Z&reg; scented pillows and full-size sprays</span></li>\r\n	<li><span style=\"font-size:16px\">Showcases natural ingredients and scent</span></li>\r\n</ul>\r\n',21,59,89,93,0,0,'<meta http-equiv=\"Content-Type\" content=\"text/html; charset=utf-8\" />\r\n	<meta name=\"language\" content=\"en\" />\r\n<meta name=\"description\" content=\"Online Mattress Dealer\">\r\n<meta name=\"keywords\" content=\"Mattress,Furniture,Pillow\">\r\n<meta name=\"author\" content=\"Sandiego Mattress \">\r\n','','Active',4),(359,'King Z-Gel Lavender Pillow','','35x16x6',69.00,'0','7230-Zoned Dough Lavender_230x175.jpg','<p><span style=\"font-size:16px\">The right softness and support, combined with natural aromatherapy, creates a truly relaxing experience. Plush, curve-conforming Dough&reg; memory foam is infused with real lavender oil for cozy, natural relaxation. Lavender has long been used as a natural way to promote relaxation and deep sleep. A mini spritzer bottle of natural lavender aromatherapy spray accompanies the pillow to refresh the aroma. Zoned Technology design creates larger holes in the center of the pillow to cradle the head and smaller holes around the edges for superior neck support. A beautiful and soft Tencel&reg; mesh cover adds the temperature- and moisture-regulating comfort of eco-friendly fabric.</span></p>\r\n\r\n<ul>\r\n	<li><span style=\"font-size:16px\">Infused with real lavender oil for a natural aromatherapy experience</span></li>\r\n	<li><span style=\"font-size:16px\">2 mL natural lavender oil spritzer included</span></li>\r\n	<li><span style=\"font-size:16px\">Lavender is known to promote a calming and relaxation</span></li>\r\n	<li><span style=\"font-size:16px\">Zoned Dough&reg; memory foam</span></li>\r\n	<li><span style=\"font-size:16px\">Infused with real Lavender oil</span></li>\r\n	<li><span style=\"font-size:16px\">Lavender oil spritzer included</span></li>\r\n</ul>\r\n',21,59,89,93,0,0,'<meta http-equiv=\"Content-Type\" content=\"text/html; charset=utf-8\" />\r\n	<meta name=\"language\" content=\"en\" />\r\n<meta name=\"description\" content=\"Online Mattress Dealer\">\r\n<meta name=\"keywords\" content=\"Mattress,Furniture,Pillow\">\r\n<meta name=\"author\" content=\"Sandiego Mattress \">\r\n','','Active',4),(360,'Queen Z-Gel Lavender Pillow','','29x16',59.00,'0','1933-Zoned Dough Lavender_230x175.jpg','<p><span style=\"font-size:16px\">The right softness and support, combined with natural aromatherapy, creates a truly relaxing experience. Plush, curve-conforming Dough&reg; memory foam is infused with real lavender oil for cozy, natural relaxation. Lavender has long been used as a natural way to promote relaxation and deep sleep. A mini spritzer bottle of natural lavender aromatherapy spray accompanies the pillow to refresh the aroma. Zoned Technology design creates larger holes in the center of the pillow to cradle the head and smaller holes around the edges for superior neck support. A beautiful and soft Tencel&reg; mesh cover adds the temperature- and moisture-regulating comfort of eco-friendly fabric.</span></p>\r\n\r\n<ul>\r\n	<li><span style=\"font-size:16px\">Infused with real lavender oil for a natural aromatherapy experience</span></li>\r\n	<li><span style=\"font-size:16px\">2 mL natural lavender oil spritzer included</span></li>\r\n	<li><span style=\"font-size:16px\">Lavender is known to promote a calming and relaxation</span></li>\r\n	<li><span style=\"font-size:16px\">Zoned Dough&reg; memory foam</span></li>\r\n	<li><span style=\"font-size:16px\">Infused with real Lavender oil</span></li>\r\n	<li><span style=\"font-size:16px\">Lavender oil spritzer included</span></li>\r\n</ul>\r\n',19,59,89,93,0,0,'<meta http-equiv=\"Content-Type\" content=\"text/html; charset=utf-8\" />\r\n	<meta name=\"language\" content=\"en\" />\r\n<meta name=\"description\" content=\"Online Mattress Dealer\">\r\n<meta name=\"keywords\" content=\"Mattress,Furniture,Pillow\">\r\n<meta name=\"author\" content=\"Sandiego Mattress \">\r\n','','Active',4),(361,'Z-Convolution Queen Pillow','','29x16',59.00,'0','9958-Convolution Super Soft Pillow_230x175.jpg','<p><span style=\"font-size:16px\">Created for ultimate versatility and comfort, the Gel Convolution&reg; pillow includes a removable Gel Dough&reg; core encased in Gelled Microfiber&reg;&nbsp;fill offering different levels of customizable support for all sleeping positions. The convoluted memory foam core is infused with gel to create a cooler sleeping atmosphere. The outer layers of the pillow are made of gel-coated microfibers offering a luxurious down feel without odors, allergens and sharp quills. The 100% Tencel&reg; cover enhances the cooling effect by wicking away moisture and helping regulate temperature.</span></p>\r\n\r\n<ul>\r\n	<li><span style=\"font-size:16px\">Removable convoluted Gel Dough&reg; core encased in Gelled Microfiber&reg;&nbsp;fill</span></li>\r\n	<li><span style=\"font-size:16px\">Different levels of customizable support for all sleeping positions</span></li>\r\n	<li><span style=\"font-size:16px\">Luxurious down feel without odors, allergens and sharp quills</span></li>\r\n	<li><span style=\"font-size:16px\">100% Tencel&reg; cover</span></li>\r\n	<li><span style=\"font-size:16px\">Different levels of customizable support for all sleeping positions</span></li>\r\n	<li><span style=\"font-size:16px\">Luxurious down feel without odors, allergens and sharp quills</span></li>\r\n	<li><span style=\"font-size:16px\">100% Tencel&reg; cover</span></li>\r\n</ul>\r\n',21,59,94,0,0,0,'<meta http-equiv=\"Content-Type\" content=\"text/html; charset=utf-8\" />\r\n	<meta name=\"language\" content=\"en\" />\r\n<meta name=\"description\" content=\"Online Mattress Dealer\">\r\n<meta name=\"keywords\" content=\"Mattress,Furniture,Pillow\">\r\n<meta name=\"author\" content=\"Sandiego Mattress \">\r\n','','Active',4),(362,'Z-Convolution King Pillow','','35x16',69.00,'0','2088-Convolution Super Soft Pillow_230x175.jpg','<p><span style=\"font-size:16px\">Created for ultimate versatility and comfort, the Gel Convolution&reg; pillow includes a removable Gel Dough&reg; core encased in Gelled Microfiber&reg;&nbsp;fill offering different levels of customizable support for all sleeping positions. The convoluted memory foam core is infused with gel to create a cooler sleeping atmosphere. The outer layers of the pillow are made of gel-coated microfibers offering a luxurious down feel without odors, allergens and sharp quills. The 100% Tencel&reg; cover enhances the cooling effect by wicking away moisture and helping regulate temperature.</span></p>\r\n\r\n<ul>\r\n	<li><span style=\"font-size:16px\">Removable convoluted Gel Dough&reg; core encased in Gelled Microfiber&reg;&nbsp;fill</span></li>\r\n	<li><span style=\"font-size:16px\">Different levels of customizable support for all sleeping positions</span></li>\r\n	<li><span style=\"font-size:16px\">Luxurious down feel without odors, allergens and sharp quills</span></li>\r\n	<li><span style=\"font-size:16px\">100% Tencel&reg; cover</span></li>\r\n	<li><span style=\"font-size:16px\">Different levels of customizable support for all sleeping positions</span></li>\r\n	<li><span style=\"font-size:16px\">Luxurious down feel without odors, allergens and sharp quills</span></li>\r\n	<li><span style=\"font-size:16px\">100% Tencel&reg; cover</span></li>\r\n</ul>\r\n',21,59,94,0,0,0,'<meta http-equiv=\"Content-Type\" content=\"text/html; charset=utf-8\" />\r\n	<meta name=\"language\" content=\"en\" />\r\n<meta name=\"description\" content=\"Online Mattress Dealer\">\r\n<meta name=\"keywords\" content=\"Mattress,Furniture,Pillow\">\r\n<meta name=\"author\" content=\"Sandiego Mattress \">\r\n','','Active',4),(363,'Shoulder Gel Side Sleeper Queen','','29x16',59.00,'0','9037-Shoulder-Gel-Side-Sleeper-Pillow_230x175.jpg','<p><span style=\"font-size:16px\">Gel-infused Dough&reg; memory foam cradles the head and neck to relieve pressure, while an ample layer of liquid Z&trade; Gel captures and distributes heat for a comfortable sleep temperature. We combined our best cooling technologies with a unique shoulder recess that offers superb neck support for side sleepers. A removable 100% Tencel&reg; fiber cover adds softness and moisture-wicking comfort.</span></p>\r\n\r\n<ul>\r\n	<li><span style=\"font-size:16px\">Side sleeper shoulder recess</span></li>\r\n	<li><span style=\"font-size:16px\">Heat-capturing liquid gel</span></li>\r\n	<li><span style=\"font-size:16px\">Conforming gel memory foam</span></li>\r\n	<li><span style=\"font-size:16px\">Unique shoulder cutout offers ideal neck support for side sleepers</span></li>\r\n	<li><span style=\"font-size:16px\">Gel-infused memory foam conforms to the head to alleviate pressure points</span></li>\r\n	<li><span style=\"font-size:16px\">Liquid gel layer captures and distributes heat for a comfortable sleep temperature</span></li>\r\n	<li><span style=\"font-size:16px\">100% Tencel&reg; fiber cover can be removed and washed</span></li>\r\n</ul>\r\n',21,59,95,0,0,0,'<meta http-equiv=\"Content-Type\" content=\"text/html; charset=utf-8\" />\r\n	<meta name=\"language\" content=\"en\" />\r\n<meta name=\"description\" content=\"Online Mattress Dealer\">\r\n<meta name=\"keywords\" content=\"Mattress,Furniture,Pillow\">\r\n<meta name=\"author\" content=\"Sandiego Mattress \">\r\n','','Active',4),(364,'Shoulder Gel Side Sleeper King','','35x16',69.00,'0','6491-Shoulder-Gel-Side-Sleeper-Pillow_230x175.jpg','<p>Gel-infused Dough&nbsp;memory foam cradles the head and neck to relieve pressure, while an ample layer of liquid Z&nbsp;Gel captures and distributes heat for a comfortable sleep temperature. We combined our best cooling technologies with a unique shoulder recess that offers superb neck support for side sleepers. A removable 100% Tencel&reg; fiber cover adds softness and moisture-wicking comfort.</p>\r\n\r\n<ul>\r\n	<li>Side sleeper shoulder recess</li>\r\n	<li>Heat-capturing liquid gel</li>\r\n	<li>Conforming gel memory foam</li>\r\n	<li>Unique shoulder cutout offers ideal neck support for side sleepers</li>\r\n	<li>Gel-infused memory foam conforms to the head to alleviate pressure points</li>\r\n	<li>Liquid gel layer captures and distributes heat for a comfortable sleep temperature</li>\r\n	<li>100% Tencel&reg; fiber cover can be removed and washed</li>\r\n</ul>\r\n',21,59,95,0,0,0,'<meta http-equiv=\"Content-Type\" content=\"text/html; charset=utf-8\" />\r\n	<meta name=\"language\" content=\"en\" />\r\n<meta name=\"description\" content=\"Online Mattress Dealer\">\r\n<meta name=\"keywords\" content=\"Mattress,Furniture,Pillow\">\r\n<meta name=\"author\" content=\"Sandiego Mattress \">\r\n','','Active',4),(365,'Bamboo Memory Foam Pillow Queen','','29x16',22.00,'0','7172-Bamboo-Pillow-and-Roll-Case_230x175.jpg','<p><span style=\"font-size:16px\">One of favorite pillows! </span></p>\r\n\r\n<p><span style=\"font-size:16px\">Filled with a memory foam filling and features a removable and washable cover that has real bamboo fiber to help keep you cooler.</span></p>\r\n\r\n<p><span style=\"font-size:16px\">*Cover is 40%Bamboo/60%Polyester Hypoallergenic<br />\r\n*100% Shredded Memory Foam<br />\r\n*Conforms to your sleeping position</span><br />\r\n&nbsp;</p>\r\n',23,59,96,0,0,0,'<meta http-equiv=\"Content-Type\" content=\"text/html; charset=utf-8\" />\r\n	<meta name=\"language\" content=\"en\" />\r\n<meta name=\"description\" content=\"Online Mattress Dealer\">\r\n<meta name=\"keywords\" content=\"Mattress,Furniture,Pillow\">\r\n<meta name=\"author\" content=\"Sandiego Mattress \">\r\n','','Active',4),(366,'Bamboo Memory Foam Pillow King','','35x16',24.00,'0','280-Bamboo-Pillow-and-Roll-Case_230x175.jpg','<p><span style=\"font-size:16px\">One of favorite pillows! Filled with a memory foam filling and features a removable and washable cover that has real bamboo fiber to help keep you cooler.</span></p>\r\n\r\n<p><span style=\"font-size:16px\">*Cover is 40%Bamboo/60%Polyester Hypoallergenic<br />\r\n*100% Shredded Memory Foam<br />\r\n*Conforms to your sleeping position</span><br />\r\n&nbsp;</p>\r\n',23,59,96,0,0,0,'<meta http-equiv=\"Content-Type\" content=\"text/html; charset=utf-8\" />\r\n	<meta name=\"language\" content=\"en\" />\r\n<meta name=\"description\" content=\"Online Mattress Dealer\">\r\n<meta name=\"keywords\" content=\"Mattress,Furniture,Pillow\">\r\n<meta name=\"author\" content=\"Sandiego Mattress \">\r\n','','Active',4),(369,'Corona Twin Mattress','','38x74x9 1/2\"',98.00,'0','2392-Corona_230x174.jpg','<p><span style=\"font-size:16px\">Corona Is one of our most popular value priced mattress lines. 100% USA Made and featuring a 8&quot; profile, puffy quilted top and Bonnell Coil Spring Unit.</span></p>\r\n\r\n<p><span style=\"font-size:16px\">Great for guest rooms, students, kids and Airbnb or anyone looking for an awesome value mattress.</span></p>\r\n',23,26,103,113,0,0,'<meta http-equiv=\"Content-Type\" content=\"text/html; charset=utf-8\" />\r\n	<meta name=\"language\" content=\"en\" />\r\n<meta name=\"description\" content=\"Corona Mattress is a great value innerspring mattress\">\r\n<meta name=\"keywords\" content=\"Twin Mattress,Full Mattress, Queen Mattress, Furniture, Pillows, memory foam mattresses\">\r\n<meta name=\"author\" content=\"Corona Mattress | Mattress Store San Diego\">\r\n','','Active',1),(375,'Chenille Firm Twin Mattress','','38x74x11\"',229.00,'0','1919-Chenille Firm Mattress_230x175.jpg','<p><a href=\"http://Yelp.com/biz/mattress-store-san-diego-chula-vista-13\"><span style=\"font-size:16px\">See My 200+ 5-Star Reviews on Yelp!</span></a></p>\r\n\r\n<p><span style=\"font-size:16px\">The Chenille firm mattress collection is popular for those looking for a firm, comfortable quality mattress while still low priced with a lot of incredible features:</span></p>\r\n\r\n<p><span style=\"font-size:16px\">Individual Wrap Coils<br />\r\nFoam Encased Support Edges<br />\r\nTru-Cool Cotton Fabric</span></p>\r\n\r\n<p><span style=\"font-size:16px\">** Some Sizes require 1 week to order</span></p>\r\n',20,26,105,124,0,0,'<meta http-equiv=\"Content-Type\" content=\"text/html; charset=utf-8\" />\r\n	<meta name=\"language\" content=\"en\" />\r\n<meta name=\"description\" content=\"Chenille Firm Individual Wrap Coil Twin Mattress\">\r\n<meta name=\"keywords\" content=\"Firm Mattress, Beds, Furniture,Pillow\">\r\n<meta name=\"author\" content=\"Mattress Store San Diego\">\r\n','','Active',1),(388,'Value Comfort Twin Mattress','','38x74x10\"',138.00,'0','8575-Value-Comfort-Pillow-Top-Mattress_230x175.jpg','<p><span style=\"font-size:16px\">The Value Comfort is a great value pillow top mattress. &nbsp;It has a Leggett &amp; Platt 396 Bonnell Coil system and a nice soft cotton cover for a nice medium feel. &nbsp;These mattresses are also warrantied for 12 years witht he first year being non pro-rated!</span></p>\r\n\r\n<p><span style=\"font-size:16px\">Most sizes in stock for same or next day delivery.</span></p>\r\n\r\n<p>&nbsp;</p>\r\n',23,26,103,115,0,0,'<meta http-equiv=\"Content-Type\" content=\"text/html; charset=utf-8\" />\r\n	<meta name=\"language\" content=\"en\" />\r\n<meta name=\"description\" content=\"Value Comfort Pillow Top Mattress\">\r\n<meta name=\"keywords\" content=\"Mattress,Furniture,Pillow Top, \">mattresses\r\n<meta name=\"author\" content=\"Sandiego Mattress \">','','Active',9),(389,'Carmel Twin Pillow Top Mattress ','','38x74x9 1/2\"',118.00,'0','3207-lon.jpg','<p><span style=\"font-size:16px\">The Carmel Pillow Top Mattress is a nice step up to the Corona Mattress. &nbsp;It has a nice pillow top and overall 9 1/2&quot; thick.</span></p>\r\n\r\n<p><span style=\"font-size:16px\">The coil is a durable Bonnell Spring system and warrantied for 12 years!</span></p>\r\n\r\n<p><span style=\"font-size:16px\">We stock the Carmel for quick same day delivery, free to most areas.</span></p>\r\n',24,26,103,114,0,0,'<meta http-equiv=\"Content-Type\" content=\"text/html; charset=utf-8\" />\r\n	<meta name=\"Carmel Pillow Top Mattress | Mattress Store San Diego\" content=\"en\" />\r\n<meta name=\"description\" content=\"Carmel Pillow Top Mattress from Mattress store San Diego\">\r\n<meta name=\"keywords\" content=\"Twin Mattress,Full Mattress, Queen Mattress, Furniture, Pillows\">\r\n<meta name=\"author\" content=\"Mattress Store San Diego | Carmel Pillow Top\">','','Active',6),(392,'Corona Queen Mattress','','60x80x8\"',178.00,'0','8610-Corona New Mattress corner_230x175a.jpg','<p><span style=\"font-size:16px\">Corona Is one of our most popular value priced mattress lines. 100% USA Made and featuring a 8&quot; profile, puffy quilted top and Bonnell Coil Spring Unit.</span></p>\r\n\r\n<p><span style=\"font-size:16px\">Great for guest rooms, students, kids and Airbnb or anyone looking for an awesome value mattress.</span></p>\r\n',23,26,103,113,0,0,'<meta http-equiv=\"Content-Type\" content=\"text/html; charset=utf-8\" />\r\n	<meta name=\"language\" content=\"en\" />\r\n<meta name=\"description\" content=\"Mattress Store San Diego | Corona Queen Mattress\">\r\n<meta name=\"keywords\" content=\"Queen Mattress, Furniture, Pillow\">\r\n<meta name=\"author\" content=\"Sandiego Mattress \">','','Active',4),(393,'Corona Full Mattress','','52x74x8\"',148.00,'0','4195-Corona_Top 230x175.jpg','<p><span style=\"font-size:16px\">Corona Is one of our most popular value priced mattress lines. 100% USA Made and featuring a 8&quot; profile, puffy quilted top and Bonnell Coil Spring Unit. </span></p>\r\n\r\n<p><span style=\"font-size:16px\">Great for guest rooms, students, kids and Airbnb or anyone looking for an awesome value mattress.</span></p>\r\n',23,26,103,113,0,0,'<meta http-equiv=\"Content-Type\" content=\"text/html; charset=utf-8\" />\r\n	<meta name=\"language\" content=\"en\" />\r\n<meta name=\"description\" content=\"Full Mattress Corona 8\" Quilted innerspring\">\r\n<meta name=\"keywords\" content=\"Mattress Store San Diego, Full Mattress, Furniture, Pillow\">\r\n<meta name=\"author\" content=\"Mattress Store San Diego | Corona Full Mattress\">','','Active',3),(394,'Carmel Full Pillow Top Mattress ','','52x74x9 1/2\"',168.00,'0','9941-Carmel Mattress_230x175.jpg','<p><span style=\"font-size:16px\">The Carmel Pillow Top Mattress is a nice step up to the Corona Mattress. It has a nice pillow top and overall 9 1/2&quot; thick. The coil is a durable Bonnell Spring system and warrantied for 12 years! </span></p>\r\n\r\n<p><span style=\"font-size:16px\">We stock the Carmel for quick same day delivery, free to most areas.</span></p>\r\n',24,26,103,114,0,0,'<meta http-equiv=\"Content-Type\" content=\"text/html; charset=utf-8\" />\r\n	<meta name=\"Carmel Pillow Top Mattress | Mattress Store San Diego\" content=\"en\" />\r\n<meta name=\"description\" content=\"Carmel Pillow Top Mattress from Mattress store San Diego\">\r\n<meta name=\"keywords\" content=\"Mattress,Furniture,Pillow\">\r\n<meta name=\"author\" content=\"Mattress Store San Diego | Carmel Pillow Top\">','','Active',7),(395,'St. Maarten Twin Pillow Top','','38x74x11\"',169.00,'0','793-St. Maarten Corner_230x175a.jpg','<p><span style=\"font-size:16px\">The St. Martin has been a staple Pillow Top Mattress of Mattress Store San Diego for years! It&#39;s a great value because of it&#39;s thick&nbsp;profile so you have lots of comfy foam over the springs. </span></p>\r\n\r\n<p><span style=\"font-size:16px\">Built to last, the St. Maarten&nbsp;Mattress collection is perfect for any room in the house a better bed than youll find in many stores at a fraction of the price.</span></p>\r\n',23,26,104,130,0,0,'<meta http-equiv=\"Content-Type\" content=\"text/html; charset=utf-8\" />\r\n	<meta name=\"language\" content=\"en\" />\r\n<meta name=\"description\" content=\"Twin Pillow Top Mattress St. Maarten\">\r\n<meta name=\"keywords\" content=\"Mattress,Mattress Store San Diego, Pillow Top mattress, Furniture,Pillow\">\r\n<meta name=\"author\" content=\"Mattress Store San Diego | St. Maarten Pillow Top Mattress\">','','Active',9),(396,'Value Comfort Full Mattress','','52x74x10\"',188.00,'0','7289-Value-Comfort-Pillow-Top-Mattress_230x175.jpg','<p><span style=\"font-size:16px\">The Value Comfort is a great value pillow top mattress. &nbsp;It has a Leggett &amp; Platt 396 Bonnell Coil system and a nice soft cotton cover for a nice medium feel. &nbsp;</span></p>\r\n\r\n<p><span style=\"font-size:16px\">These mattresses are also warrantied for 12 years with the first year being non pro-rated!</span></p>\r\n\r\n<p><span style=\"font-size:16px\">Most sizes in stock for same or next day delivery. &nbsp;Truely a great Value!</span></p>\r\n',23,26,103,115,0,0,'<meta http-equiv=\"Content-Type\" content=\"text/html; charset=utf-8\" />\r\n	<meta name=\"language\" content=\"en\" />\r\n<meta name=\"description\" content=\"Value Comfort Full Pillow Top Mattress\">\r\n<meta name=\"keywords\" content=\"Mattress,Furniture,Pillow\">\r\n<meta name=\"author\" content=\"Mattress Store San Diego | Value Comfort Pillow Top \">','','Active',9),(397,'Value Comfort Queen Mattress','','60x80x10\"',198.00,'0','2848-Value-Comfort-Pillow-Top-Mattress_230x175.jpg','<p><span style=\"font-size:16px\">The Value Comfort is a great value pillow top mattress. &nbsp;It has a Leggett &amp; Platt 396 Bonnell Coil system&nbsp;and a nice soft cotton cover for a nice medium feel. </span></p>\r\n\r\n<p><span style=\"font-size:16px\">These mattresses are also warrantied for 12 years with the first year being non pro-rated! </span></p>\r\n\r\n<p><span style=\"font-size:16px\">Most sizes in stock for same or next day delivery making the Value Comfort a really great value!</span></p>\r\n',23,26,103,115,0,0,'<meta http-equiv=\"Content-Type\" content=\"text/html; charset=utf-8\" />\r\n	<meta name=\"language\" content=\"en\" />\r\n<meta name=\"description\" content=\"Value Comfort Queen Pillow Top Mattress\">\r\n<meta name=\"keywords\" content=\"Mattress,Furniture,Pillow, Mattress,Furniture,Pillow\">\r\n<meta name=\"author\" content=\"Mattress Store San Diego | Value Comfort Pillow Top\">','','Active',10),(398,'St. Maarten Full Pillow Top','','52x74x11\"',209.00,'0','9212-St. Maarten Corner_230x175a.jpg','<p><span style=\"font-size:16px\">The St. Martin has been a staple Pillow Top Mattress of Mattress Store San Diego for years! It&#39;s a great value because of it&#39;s thick 12 Inch profile so you have lots of comfy foam over the springs.</span></p>\r\n\r\n<p><span style=\"font-size:16px\">Built to last, the St. Martin Mattress collection is perfect for any room in the house a better bed than youll find in many stores at a fraction of the price.</span></p>\r\n',23,26,104,130,0,0,'<meta http-equiv=\"Content-Type\" content=\"text/html; charset=utf-8\" />\r\n	<meta name=\"language\" content=\"en\" />\r\n<meta name=\"description\" content=\"St. Maarten Full Pillow Top Mattress\">\r\n<meta name=\"keywords\" content=\"Full Pillow Top Mattress, Mattress,Furniture,Pillow\">\r\n<meta name=\"author\" content=\"Mattress Store San Diego | St. Maarten Pillow Top\">','','Active',10),(399,'St. Maarten Queen Pillow Top','','60x80x11\"',229.00,'0','8332-St. Maarten Corner_230x175a.jpg','<p><span style=\"font-size:16px\">The St. Martin has been a staple Pillow Top Mattress of Mattress Store San Diego for years! It&#39;s a great value because of it&#39;s thick 12 Inch profile so you have lots of comfy foam over the springs. </span></p>\r\n\r\n<p><span style=\"font-size:16px\">Built to last, the St. Martin Mattress collection is perfect for any room in the house a better bed than youll find in many stores at a fraction of the price.</span></p>\r\n',23,26,104,130,0,0,'<meta http-equiv=\"Content-Type\" content=\"text/html; charset=utf-8\" />\r\n	<meta name=\"language\" content=\"en\" />\r\n<meta name=\"description\" content=\"St. Maarten Queen Pillow Top Mattress\">\r\n<meta name=\"keywords\" content=\"Queen Pillow Top Mattress, Mattress,Furniture,Pillow\">\r\n<meta name=\"author\" content=\"Mattress Store San Diego | St. Maarten Pillow Top\">','','Active',11),(403,'Biotic Twin Pillow Top Mattress','','38x74x12\"',169.00,'0','9781-Biotic_230x175.jpg','<p><span style=\"font-size:16px\">The Biotic is a great medium feel mattress collection that features a Bonnell coil spring unit, foam encased edge support, 12 Inch profile pillow top and a nice soft stretch knit fabric. </span></p>\r\n\r\n<p><span style=\"font-size:16px\">This is great option for a good solid mattress where you&#39;ll have a more usable mattress surface with the foam encased edge supports. Feels great and a nice alternative to the St. Martin Mattress.</span></p>\r\n',24,26,104,131,0,0,'<meta http-equiv=\"Content-Type\" content=\"text/html; charset=utf-8\" />\r\n	<meta name=\"language\" content=\"en\" />\r\n<meta name=\"description\" content=\"Biotic Twin Pillow Top Mattress\">\r\n<meta name=\"keywords\" content=\"Twin Pillow Top Mattress, Mattress,Furniture,Pillow\">\r\n<meta name=\"author\" content=\"Mattress Store San Diego | Biotic Pillow Top Mattress\">\r\n\r\n','','Active',13),(404,'Biotic Full Pillow Top Mattress ','','52x74x12\"',209.00,'0','423-Biotic_230x175.jpg','<p><span style=\"font-size:16px\">The Biotic is a great medium feel mattress collection that features a Bonnell coil spring unit, foam encased edge support, 12 Inch profile pillow top and a nice soft stretch knit fabric. </span></p>\r\n\r\n<p><span style=\"font-size:16px\">This is great option for a good solid mattress where you&#39;ll have a more usable mattress surface with the foam encased edge supports. Feels great and a nice alternative to the St. Martin Mattress.</span></p>\r\n',24,26,104,131,0,0,'<meta http-equiv=\"Content-Type\" content=\"text/html; charset=utf-8\" />\r\n	<meta name=\"language\" content=\"en\" />\r\n<meta name=\"description\" content=\"Biotic Full Pillow Top Mattress\">\r\n<meta name=\"keywords\" content=\"Full Pillow Top Mattress, Mattress,Furniture,Pillow\">\r\n<meta name=\"author\" content=\"Mattress Store San Diego | Biotic Pillow Top Mattress\">','','Active',14),(405,'Biotic Queen Pillow Top Mattress ','','60x80x12\"',229.00,'0','5103-Biotic_230x175.jpg','<p><span style=\"font-size:16px\">The Biotic is a great medium feel mattress collection that features a Bonnell coil spring unit, foam encased edge support, 12 Inch profile pillow top and a nice soft stretch knit fabric. </span></p>\r\n\r\n<p><span style=\"font-size:16px\">This is great option for a good solid mattress where you&#39;ll have a more usable mattress surface with the foam encased edge supports. Feels great and a nice alternative to the St. Martin Mattress.</span></p>\r\n',24,26,104,131,0,0,'<meta http-equiv=\"Content-Type\" content=\"text/html; charset=utf-8\" />\r\n	<meta name=\"language\" content=\"en\" />\r\n<meta name=\"description\" content=\"Biotic Queen Pillow Top Mattress\">\r\n<meta name=\"keywords\" content=\"Queen Pillow Top Mattress, Mattress,Furniture,Pillow\">\r\n<meta name=\"author\" content=\"Mattress Store San Diego | Biotic Pillow Top Mattress\">','','Active',15),(406,'Biotic King Pillow Top Mattress ','','76x80x12\"',329.00,'0','8610-Biotic_230x175.jpg','<p><span style=\"font-size:16px\">The Biotic is a great medium feel mattress collection that features a Bonnell coil spring unit, foam encased edge support, 12 Inch profile pillow top and a nice soft stretch knit fabric. </span></p>\r\n\r\n<p><span style=\"font-size:16px\">This is great option for a good solid mattress where you&#39;ll have a more usable mattress surface with the foam encased edge supports. Feels great and a nice alternative to the St. Martin Mattress.</span></p>\r\n',24,26,104,131,0,0,'<meta http-equiv=\"Content-Type\" content=\"text/html; charset=utf-8\" />\r\n	<meta name=\"language\" content=\"en\" />\r\n<meta name=\"description\" content=\"Biotic KIng Pillow Top Mattress\">\r\n<meta name=\"keywords\" content=\"King Pillow Top Mattress, Mattress,Furniture,Pillow\">\r\n<meta name=\"author\" content=\"Mattress Store San Diego | Biotic Pillow Top Mattress\">','','Active',16),(407,'Biotic Ca. King Pillow Top Mattress ','','72x84x12\"',329.00,'0','4262-Biotic_230x175.jpg','<p><span style=\"font-size:16px\">The Biotic is a great medium feel mattress collection that features a Bonnell coil spring unit, foam encased edge support, 12 Inch profile pillow top and a nice soft stretch knit fabric. </span></p>\r\n\r\n<p><span style=\"font-size:16px\">This is great option for a good solid mattress where you&#39;ll have a more usable mattress surface with the foam encased edge supports. Feels great and a nice alternative to the St. Martin Mattress.</span></p>\r\n',24,26,104,131,0,0,'<meta http-equiv=\"Content-Type\" content=\"text/html; charset=utf-8\" />\r\n	<meta name=\"language\" content=\"en\" />\r\n<meta name=\"description\" content=\"Biotic KIng Pillow Top Mattress\">\r\n<meta name=\"keywords\" content=\"King Pillow Top Mattress, Mattress,Furniture,Pillow\">\r\n<meta name=\"author\" content=\"Mattress Store San Diego | Biotic Pillow Top Mattress\">\r\n','','Active',17),(408,'Napa Twin Mattress','','38x74x12\"',189.00,'0','33-Napa USA Corner_230x175.jpg','<p><span style=\"font-size:16px\">The Napa Pillow Top Mattress collection features a nice medium feel with an upgraded verticoil spring system that helps prevent motion transfer compared to a regular Bonnell Coil. &nbsp;</span></p>\r\n\r\n<p><span style=\"font-size:16px\">Foam encased edge supports add to the sleeping surface as well as add stability and structure. </span></p>\r\n\r\n<p><span style=\"font-size:16px\">The Napa is one of our most popular beds for feel, comfort and overall value.</span></p>\r\n',23,26,103,123,0,0,'<meta http-equiv=\"Content-Type\" content=\"text/html; charset=utf-8\" />\r\n	<meta name=\"language\" content=\"en\" />\r\n<meta name=\"description\" content=\"Napa Twin Mattress | Mattress Store San Diego\">\r\n<meta name=\"keywords\" content=\"Mattress Store San Diego, Pillow Top Mattress, Mattress, Bed, Pillow\">\r\n<meta name=\"author\" content=\"Mattress Store San Diego | Napa Pillow Top Mattress\">','','Active',21),(409,'Napa Full Mattress','','52x74x12\"',239.00,'0','5986-Napa USA Corner_230x175.jpg','<p><span style=\"font-size:16px\">The Napa Pillow Top Mattress collection features a nice medium feel with an upgraded verticoil spring system that helps prevent motion transfer compared to a regular Bonnell Coil. &nbsp;</span></p>\r\n\r\n<p><span style=\"font-size:16px\">Foam encased edge supports add to the sleeping surface as well as add stability and structure. The Napa is one of our most popular beds for feel, comfort and overall value.</span></p>\r\n',23,26,103,123,0,0,'<meta http-equiv=\"Content-Type\" content=\"text/html; charset=utf-8\" />\r\n	<meta name=\"language\" content=\"en\" />\r\n<meta name=\"description\" content=\"Napa Full Mattress | Mattress Store San Diego\">\r\n<meta name=\"keywords\" content=\"Mattress Store San Diego, Pillow Top Mattress, Mattress, Bed, Pillow\">\r\n<meta name=\"author\" content=\"Mattress Store San Diego | Napa Pillow Top Mattress\">','','Active',22),(410,'Napa Queen Mattress','','60x80x12\"',259.00,'0','8497-Napa USA Corner_230x175.jpg','<p><span style=\"font-size:16px\">The Napa Pillow Top Mattress collection features a nice medium feel with an upgraded verticoil spring system that helps prevent motion transfer compared to a regular Bonnell Coil. &nbsp;</span></p>\r\n\r\n<p><span style=\"font-size:16px\">Foam encased edge supports add to the sleeping surface as well as add stability and structure. The Napa is one of our most popular beds for feel, comfort and overall value.</span></p>\r\n',23,26,103,123,0,0,'<meta http-equiv=\"Content-Type\" content=\"text/html; charset=utf-8\" />\r\n	<meta name=\"language\" content=\"en\" />\r\n<meta name=\"description\" content=\"Napa Queen Mattress | Mattress Store San Diego\">\r\n<meta name=\"keywords\" content=\"Mattress Store San Diego, Pillow Top Mattress, Mattress, Bed, Pillow\">\r\n<meta name=\"author\" content=\"Mattress Store San Diego | Napa Pillow Top Mattress\">','','Active',23),(411,'Napa King Mattress','','76x80x12\"',349.00,'0','9185-Napa USA Corner_230x175.jpg','<p><span style=\"font-size:16px\">The Napa Pillow Top Mattress collection features a nice medium feel with an upgraded verticoil spring system that helps prevent motion transfer compared to a regular Bonnell Coil. &nbsp;</span></p>\r\n\r\n<p><span style=\"font-size:16px\">Foam encased edge supports add to the sleeping surface as well as add stability and structure. The Napa is one of our most popular beds for feel, comfort and overall value.</span></p>\r\n',23,26,103,123,0,0,'<meta http-equiv=\"Content-Type\" content=\"text/html; charset=utf-8\" />\r\n	<meta name=\"language\" content=\"en\" />\r\n<meta name=\"description\" content=\"Napa King Mattress | Mattress Store San Diego\">\r\n<meta name=\"keywords\" content=\"Mattress Store San Diego, Pillow Top Mattress, Mattress, Bed, Pillow\">\r\n<meta name=\"author\" content=\"Mattress Store San Diego | Napa Pillow Top Mattress\">','','Active',24),(412,'Napa Ca. King Mattress','','72x84x12\"',349.00,'0','980-Napa USA Corner_230x175.jpg','<p><span style=\"font-size:16px\">The Napa Pillow Top Mattress collection features a nice medium feel with an upgraded verticoil spring system that helps prevent motion transfer compared to a regular Bonnell Coil. &nbsp;</span></p>\r\n\r\n<p><span style=\"font-size:16px\">Foam encased edge supports add to the sleeping surface as well as add stability and structure. The Napa is one of our most popular beds for feel, comfort and overall value.</span></p>\r\n',23,26,103,123,0,0,'<meta http-equiv=\"Content-Type\" content=\"text/html; charset=utf-8\" />\r\n	<meta name=\"language\" content=\"en\" />\r\n<meta name=\"description\" content=\"Online Mattress Dealer\">\r\n<meta name=\"keywords\" content=\"Mattress,Furniture,Pillow\">\r\n<meta name=\"author\" content=\"Sandiego Mattress \">','','Active',25),(413,'Chenille Firm Full Mattress','','52x74x11\"',259.00,'0','5702-Chenille Firm Mattress_230x175.jpg','<p><span style=\"font-size:16px\">The Chenille firm mattress collection is popular for those looking for a firm, comfortable quality mattress while still low priced with a lot of incredible features:</span></p>\r\n\r\n<p><span style=\"font-size:16px\">Individual Wrap Coils<br />\r\nFoam Encased Support Edges<br />\r\nTru-Cool Cotton Fabric</span></p>\r\n\r\n<p><span style=\"font-size:16px\">** Some Sizes require 1 week to order</span></p>\r\n',20,26,105,124,0,0,'<meta http-equiv=\"Content-Type\" content=\"text/html; charset=utf-8\" />\r\n	<meta name=\"language\" content=\"en\" />\r\n<meta name=\"description\" content=\"Chenille Firm Individual Wrap Coil Mattress\">\r\n<meta name=\"keywords\" content=\"FirmMattress, Full Mattress, Furniture, Sealy, Serta, Simmons, Pillow\">\r\n<meta name=\"author\" content=\"Mattress Store San Diego \">','','Active',3),(414,'Chenille Firm Queen Mattress','','60x80x11\"',299.00,'0','6570-Chenille Firm Mattress_230x175.jpg','<p><span style=\"font-size:16px\"><a href=\"http://Yelp.com/biz/mattress-store-san-diego-chula-vista-13\">See My 200+ 5-Star Reviews on Yelp!</a>The Chenille firm mattress collection is popular for those looking for a firm, comfortable quality mattress while still low priced with a lot of incredible features:</span></p>\r\n\r\n<p><span style=\"font-size:16px\">Individual Wrap Coils<br />\r\nFoam Encased Support Edges<br />\r\nTru-Cool Cotton Fabric</span></p>\r\n\r\n<p><span style=\"font-size:16px\">** Some Sizes require 1 week to order</span></p>\r\n\r\n<p><span style=\"color:#0000ff\"><span style=\"font-size:16px\">See my 200 + 5-Star Reviews on Yelp!</span></span></p>\r\n\r\n<p>&nbsp;</p>\r\n',20,26,105,124,0,0,'<meta http-equiv=\"Content-Type\" content=\"text/html; charset=utf-8\" />\r\n	<meta name=\"language\" content=\"en\" />\r\n<meta name=\"description\" content=\"Chenille Firm Individual Wrap Coil Queen Mattress\">\r\n<meta name=\"keywords\" content=\"Firm Mattress, Queen Mattress, Furniture, Sealy, Serta, Simmons, Pillow\">\r\n<meta name=\"author\" content=\"Mattress Store San Diego \">','','Active',4),(415,'Chenille Firm King Mattress','','76x80x11\"',399.00,'0','1201-Chenille Firm Mattress_230x175.jpg','<p><span style=\"font-size:16px\"><a href=\"http://yelp.com/biz/mattress-store-san-diego-chula-vista-13\">See My 200+ 5-Star Reviews on Yelp!</a></span></p>\r\n\r\n<p><span style=\"font-size:16px\">The Chenille firm mattress collection is popular for those looking for a firm, comfortable quality mattress while still low priced with a lot of incredible features:</span></p>\r\n\r\n<p><span style=\"font-size:16px\">Individual Wrap Coils<br />\r\nFoam Encased Support Edges<br />\r\nTru-Cool Cotton Fabric</span></p>\r\n\r\n<p><span style=\"font-size:16px\">** Some Sizes require 1 week to order</span></p>\r\n\r\n<p>&nbsp;</p>\r\n',20,26,105,124,0,0,'<meta http-equiv=\"Content-Type\" content=\"text/html; charset=utf-8\" />\r\n	<meta name=\"language\" content=\"en\" />\r\n<meta name=\"description\" content=\"Chenille Firm Individual Wrap Coil King Mattress\">\r\n<meta name=\"keywords\" content=\"Firm Mattress, king Mattress, Furniture, Sealy, Serta, Simmons, Pillow\">\r\n<meta name=\"author\" content=\"Mattress Store San Diego \">','','Active',6),(416,'Chenille Firm Ca. King Mattress','','72x84x11\"',399.00,'0','7315-Chenille Firm Mattress_230x175.jpg','<p><strong><a href=\"http://Yelp.com/biz/mattress-store-san-diego-chula-vista-13\"><span style=\"font-size:16px\">See My 200+ 5-Star Reviews on Yelp! </span></a></strong></p>\r\n\r\n<p><span style=\"font-size:16px\">The Chenille firm mattress collection is popular for those looking for a firm, comfortable quality mattress while still low priced with a lot of incredible features: </span></p>\r\n\r\n<p><span style=\"font-size:16px\">Individual Wrap Coils </span></p>\r\n\r\n<p><span style=\"font-size:16px\">Foam Encased Support Edges </span></p>\r\n\r\n<p><span style=\"font-size:16px\">Tru-Cool Cotton Fabric </span></p>\r\n\r\n<p><span style=\"font-size:16px\">** Some Sizes require 1 week to order</span></p>\r\n',20,26,105,124,0,0,'<meta http-equiv=\"Content-Type\" content=\"text/html; charset=utf-8\" />\r\n	<meta name=\"language\" content=\"en\" />\r\n<meta name=\"description\" content=\"Chenille Firm Individual Wrap Coil King Mattress\">\r\n<meta name=\"keywords\" content=\"FirmMattress, King Mattress, Furniture, Sealy, Serta, Simmons, Pillow\">\r\n<meta name=\"author\" content=\"Mattress Store San Diego\">','','Active',7),(417,'Crystal Full Mattress ','','52x74x11\"',248.00,'0','9934-Crystal Mattress_230x175_Crop2.jpg','<p><span style=\"font-size:16px\">Our Crystal mattress collection has a unique firm overall feel but with an initial plush top. &nbsp; </span></p>\r\n\r\n<p><span style=\"font-size:16px\">Comfort and value comes from the Indivivual Wrap Coils and a nice soft Organic Cotton Quilted fabric that feels great and keeps you cooler. &nbsp; </span></p>\r\n\r\n<p><span style=\"font-size:16px\">The Crystal is a Mattress Store San Diego Original design- 100% USA Made</span></p>\r\n',23,26,105,125,0,0,'\r\n<meta http-equiv=\"Content-Type\" content=\"text/html; charset=utf-8\" />\r\n	<meta name=\"language\" content=\"en\" />\r\n<meta name=\"description\" content=\"Full Mattress Crystal with nice medium firm feelr\">\r\n<meta name=\"keywords\" content=\"Mattress,Furniture,Pillow\">\r\n<meta name=\"author\" content=\"Mattress Store San Diego\">','','Active',9),(418,'Crystal Twin Mattress ','','38x74x11\"',229.00,'0','5390-Crystal Mattress_230x175_Crop2.jpg','<p><span style=\"font-size:16px\">Our Crystal mattress collection has a unique firm overall feel but with an initial plush top. &nbsp; </span></p>\r\n\r\n<p><span style=\"font-size:16px\">Comfort and value comes from the Indivivual Wrap Coils and a nice soft Organic Cotton Quilted fabric that feels great and keeps you cooler. &nbsp; </span></p>\r\n\r\n<p><span style=\"font-size:16px\">The Crystal is a Mattress Store San Diego Original design- 100% USA Made</span></p>\r\n',23,26,105,0,0,0,'<meta http-equiv=\"Content-Type\" content=\"text/html; charset=utf-8\" />\r\n	<meta name=\"language\" content=\"en\" />\r\n<meta name=\"description\" content=\"Twin Mattress Crystal with nice medium firm feel\">\r\n<meta name=\"keywords\" content=\"Twin Mattress, Furniture, Pillow\">\r\n<meta name=\"author\" content=\"Mattress Store San Diego\">','','Active',8),(420,'Crystal Queen Mattress ','','60x80x11\"',278.00,'0','3011-Crystal Mattress_230x175_Crop2.jpg','<p><span style=\"font-size:16px\">Our Crystal mattress collection has a unique firm overall feel but with an initial plush top. &nbsp; </span></p>\r\n\r\n<p><span style=\"font-size:16px\">Comfort and value comes from the Indivivual Wrap Coils and a nice soft Organic Cotton Quilted fabric that feels great and keeps you cooler. &nbsp; </span></p>\r\n\r\n<p><span style=\"font-size:16px\">The Crystal is a Mattress Store San Diego Original design- 100% USA Made</span></p>\r\n',23,26,105,125,0,0,'<meta http-equiv=\"Content-Type\" content=\"text/html; charset=utf-8\" />\r\n	<meta name=\"language\" content=\"en\" />\r\n<meta name=\"description\" content=\"Queen Mattress Crystal with nice medium firm feel\">\r\n<meta name=\"keywords\" content=\"Queen Mattress, Furniture, Pillow\">\r\n<meta name=\"author\" content=\"Mattress Store San Diego\">','','Active',10),(421,'Crystal King Mattress ','','0',399.00,'0','529-Crystal Mattress_230x175_Crop2.jpg','<p><span style=\"font-size:16px\">Our Crystal mattress collection has a unique firm overall feel but with an initial plush top. &nbsp; </span></p>\r\n\r\n<p><span style=\"font-size:16px\">Comfort and value comes from the Indivivual Wrap Coils and a nice soft Organic Cotton Quilted fabric that feels great and keeps you cooler. &nbsp; </span></p>\r\n\r\n<p><span style=\"font-size:16px\">The Crystal is a Mattress Store San Diego Original design- 100% USA Made</span></p>\r\n',23,26,105,125,0,0,'<meta http-equiv=\"Content-Type\" content=\"text/html; charset=utf-8\" />\r\n	<meta name=\"language\" content=\"en\" />\r\n<meta name=\"description\" content=\"King Mattress Crystal with nice medium firm feel\">\r\n<meta name=\"keywords\" content=\"King Mattress, Furniture, Pillow\">\r\n<meta name=\"author\" content=\"Mattress Store San Diego\">','','Active',11),(422,'Crystal CA. King Mattress ','','72x84x11\"',399.00,'0','3789-Crystal Mattress_230x175_Crop2.jpg','<p><span style=\"font-size:16px\">Our Crystal mattress collection has a unique firm overall feel but with an initial plush top. &nbsp; </span></p>\r\n\r\n<p><span style=\"font-size:16px\">Comfort and value comes from the Indivivual Wrap Coils and a nice soft Organic Cotton Quilted fabric that feels great and keeps you cooler. &nbsp; </span></p>\r\n\r\n<p><span style=\"font-size:16px\">The Crystal is a Mattress Store San Diego Original design- 100% USA Made</span></p>\r\n',23,26,105,125,0,0,'<meta http-equiv=\"Content-Type\" content=\"text/html; charset=utf-8\" />\r\n	<meta name=\"language\" content=\"en\" />\r\n<meta name=\"description\" content=\"King Mattress Crystal with nice medium firm feel\">\r\n<meta name=\"keywords\" content=\"King Mattress, Furniture, Pillow\">\r\n<meta name=\"author\" content=\"Mattress Store San Diego\">','','Active',12),(423,'Carmel Twin Pillow Top Mattress ','','38x74x9 1/2\"',118.00,'0','9595-ways-to-say-good-morning.jpg','<p><span style=\"font-size:16px\"><a href=\"http://Yelp.com/biz/mattress-store-san-diego-chula-vista-13\">?See my 200 + 5-Star Reviews on Yelp! </a></span></p>\r\n\r\n<p><span style=\"font-size:16px\">The Carmel Pillow Top Mattress is a nice step up to the Corona Mattress. &nbsp; </span></p>\r\n\r\n<p><span style=\"font-size:16px\">It has a nice pillow top and overall 9 1/2&quot; thick. The coil is a durable Bonnell Spring system and warrantied for 12 years! </span></p>\r\n\r\n<p><span style=\"font-size:16px\">We stock the Carmel for quick same day delivery, free to most areas. </span></p>\r\n\r\n<p><span style=\"font-size:16px\">100% USA Made</span></p>\r\n',24,26,104,0,0,0,'<meta http-equiv=\"Content-Type\" content=\"text/html; charset=utf-8\" />\r\n	<meta name=\"language\" content=\"en\" />\r\n<meta name=\"description\" content=\"Twin Pillow Top Mattress Carmel with nice medium feel\">\r\n<meta name=\"keywords\" content=\"Twin Mattress, Pillow Top Mattress, Furniture, Pillow\">\r\n<meta name=\"author\" content=\"Mattress Store San Diego\">','','Active',1),(424,'Carmel Full Pillow Top Mattress ','','52x74x9 1/2\"',168.00,'0','9683-Carmel Mattress_230x175.jpg','<p><span style=\"font-size:16px\"><a href=\"http://Yelp.com/biz/mattress-store-san-diego-chula-vista-13\">?See my 200 + 5-Star Reviews on Yelp! </a></span></p>\r\n\r\n<p><span style=\"font-size:16px\">The Carmel Pillow Top Mattress is a nice step up to the Corona Mattress. &nbsp;</span></p>\r\n\r\n<p><span style=\"font-size:16px\">It has a nice pillow top and overall 9 1/2&quot; thick. The coil is a durable Bonnell Spring system and warrantied for 12 years! </span></p>\r\n\r\n<p><span style=\"font-size:16px\">We stock the Carmel for quick same day delivery, free to most areas. </span></p>\r\n\r\n<p><span style=\"font-size:16px\">100% USA Made</span></p>\r\n\r\n<p>&nbsp;</p>\r\n',24,26,104,126,0,0,'<meta http-equiv=\"Content-Type\" content=\"text/html; charset=utf-8\" />\r\n	<meta name=\"language\" content=\"en\" />\r\n<meta name=\"description\" content=\"Queen Pillow Top Mattress Carmel with nice medium feel\">\r\n<meta name=\"keywords\" content=\"Queen Mattress, Pillow Top Mattress, Furniture, Pillow\">\r\n<meta name=\"author\" content=\"Mattress Store San Diego\">','','Active',3),(426,'Value Comfort Twin Mattress','','38x74x10\"',138.00,'0','3821-Value Comfort Pillow Top Mattress_230x175.jpg','<p>&nbsp;</p>\r\n\r\n<p><span style=\"font-size:16px\">The Value Comfort is a great value pillow top mattress. &nbsp;It has a Leggett &amp; Platt 396 Bonnell Coil system and a nice soft cotton cover for a nice medium feel. &nbsp;These mattresses are also warrantied for 12 years!</span></p>\r\n',23,26,104,127,0,0,'<meta http-equiv=\"Content-Type\" content=\"text/html; charset=utf-8\" />\r\n	<meta name=\"language\" content=\"en\" />\r\n<meta name=\"description\" content=\"Twin Pillow Top Mattress Value Comfort\">\r\n<meta name=\"keywords\" content=\"Mattress, Furniture, Pillow Top Mattress\">\r\n<meta name=\"author\" content=\"Mattress Store San Diego\">','','Active',4),(427,'Value Comfort Full Mattress','','52x74x10\"',188.00,'0','7622-Value Comfort Pillow Top Mattress_230x175.jpg','<p><span style=\"font-size:16px\">The Value Comfort is a great value pillow top mattress. &nbsp;Featuring a Leggett &amp; Platt 396 Bonnell Coil system and a nice soft cotton cover for a nice medium feel. &nbsp;These mattresses are also warrantied for 12 years with the first year being non pro-rated!</span></p>\r\n',23,26,104,127,0,0,'<meta http-equiv=\"Content-Type\" content=\"text/html; charset=utf-8\" />\r\n	<meta name=\"language\" content=\"en\" />\r\n<meta name=\"description\" content=\"Full Pillow Top Mattress Value Comfort\">\r\n<meta name=\"keywords\" content=\"Mattress, Furniture, Pillow Top Mattress\">\r\n<meta name=\"author\" content=\"Mattress Store San Diego\">','','Active',7),(428,'Value Comfort Queen Mattress','','60x80x10\"',198.00,'0','6525-Value Comfort Pillow Top Mattress_230x175.jpg','<p><span style=\"font-size:16px\">The Value Comfort is a great value pillow top mattress. &nbsp;Featuring a Leggett &amp; Platt 396 Bonnell Coil system and a nice soft cotton cover for a nice medium feel. &nbsp;These mattresses are also warrantied for 12 years with the first year being non pro-rated!</span></p>\r\n',23,26,104,127,0,0,'<meta http-equiv=\"Content-Type\" content=\"text/html; charset=utf-8\" />\r\n	<meta name=\"language\" content=\"en\" />\r\n<meta name=\"description\" content=\"Queen Pillow Top Mattress Value Comfort\">\r\n<meta name=\"keywords\" content=\"Mattress, Furniture, Pillow Top Mattress\">\r\n<meta name=\"author\" content=\"Mattress Store San Diego\">','','Active',8),(429,'St. Maarten Twin Mattress','','38x74x11\"',169.00,'0','583-St. Maarten Mattress_230x175.jpg','<p><span style=\"font-size:16px\">The St. Maarten has been a staple Pillow Top Mattress of Mattress Store San Diego for years! It&#39;s a great value because of it&#39;s thick profile so you have lots of comfy foam over the springs. Built to last, the St. Maarten Mattress collection is perfect for any room in the house a better bed than youll find in many stores at a fraction of the price.</span></p>\r\n',23,26,103,117,0,0,'<meta http-equiv=\"Content-Type\" content=\"text/html; charset=utf-8\" />\r\n	<meta name=\"language\" content=\"en\" />\r\n<meta name=\"description\" content=\"Twin Pillow Top Mattress St. Maarten\">\r\n<meta name=\"keywords\" content=\"Mattress, Furniture, Pillow Top Mattress\">\r\n<meta name=\"author\" content=\"Mattress Store San Diego\">','','Active',11),(430,'St. Maarten Full Mattress','','52x74x11\"',209.00,'0','9075-St. Maarten Mattress_230x175.jpg','<p><span style=\"font-size:16px\">The St. Maarten has been a staple Pillow Top Mattress of Mattress Store San Diego for years! It&#39;s a great value because of it&#39;s thick profile so you have lots of comfy foam over the springs. Built to last, the St. Maarten Mattress collection is perfect for any room in the house a better bed than youll find in many stores at a fraction of the price.</span></p>\r\n',23,26,103,117,0,0,'<meta http-equiv=\"Content-Type\" content=\"text/html; charset=utf-8\" />\r\n	<meta name=\"language\" content=\"en\" />\r\n<meta name=\"description\" content=\"Full Pillow Top Mattress St. Maarten\">\r\n<meta name=\"keywords\" content=\"Mattress, Furniture, Pillow Top Mattress\">\r\n<meta name=\"author\" content=\"Mattress Store San Diego\">','','Active',12),(431,'St. Maarten Queen Mattress','','60x80x11\"',229.00,'0','953-St. Maarten Mattress_230x175.jpg','<p><span style=\"font-size:16px\">The St. Maarten has been a staple Pillow Top Mattress of Mattress Store San Diego for years! It&#39;s a great value because of it&#39;s thick profile so you have lots of comfy foam over the springs. Built to last, the St. Maarten Mattress collection is perfect for any room in the house a better bed than youll find in many stores at a fraction of the price.</span></p>\r\n',23,26,103,117,0,0,'<meta http-equiv=\"Content-Type\" content=\"text/html; charset=utf-8\" />\r\n	<meta name=\"language\" content=\"en\" />\r\n<meta name=\"description\" content=\"Full Pillow Top Mattress St. Maarten\">\r\n<meta name=\"keywords\" content=\"Mattress, Furniture, Pillow Top Mattress\">\r\n<meta name=\"author\" content=\"Mattress Store San Diego\">','','Active',13),(433,'St. Maarten Ca. King Mattress','','72x84x11\"',299.00,'0','2441-St. Maarten Mattress_230x175.jpg','<p><span style=\"font-size:16px\">The St. Maarten has been a staple Pillow Top Mattress of Mattress Store San Diego for years! It&#39;s a great value because of it&#39;s thick profile so you have lots of comfy foam over the springs. Built to last, the St. Maarten Mattress collection is perfect for any room in the house a better bed than youll find in many stores at a fraction of the price.</span></p>\r\n',23,26,103,117,0,0,'<meta http-equiv=\"Content-Type\" content=\"text/html; charset=utf-8\" />\r\n	<meta name=\"language\" content=\"en\" />\r\n<meta name=\"description\" content=\"Full Pillow Top Mattress St. Maarten\">\r\n<meta name=\"keywords\" content=\"Mattress, Furniture, Pillow Top Mattress\">\r\n<meta name=\"author\" content=\"Mattress Store San Diego\">','','Active',15),(434,'Biotic Twin Mattress ','','38x74x12\"',169.00,'0','7784-Biotic_230x175.jpg','<p><span style=\"font-size:16px\">The Biotic is a great medium feel mattress collection that features a Bonnell coil spring unit, foam encased edge support, 12 Inch profile pillow top and a nice soft stretch knit fabric. This is great option for a good solid mattress where you&#39;ll have a more usable mattress surface with the foam encased edge supports. Feels great and a nice alternative to the St. Maarten Mattress.</span></p>\r\n',24,26,103,118,0,0,'<meta http-equiv=\"Content-Type\" content=\"text/html; charset=utf-8\" />\r\n\r\n	<meta name=\"language\" content=\"en\" />\r\n\r\n<meta name=\"description\" content=\"Twin Mattress Pillow Top Biotic\">\r\n\r\n<meta name=\"keywords\" content=\"Pillow Mattress, Twin Mattress\">\r\n\r\n<meta name=\"author\" content=\"MattressStoreSD.com \">','','Active',16),(435,'Biotic Full Mattress ','','52x74x12\"',209.00,'0','3101-Biotic_230x175.jpg','<p><span style=\"font-size:16px\">The Biotic is a great medium feel mattress collection that features a Bonnell coil spring unit, foam encased edge support, 12 Inch profile pillow top and a nice soft stretch knit fabric. This is great option for a good solid mattress where you&#39;ll have a more usable mattress surface with the foam encased edge supports. Feels great and a nice alternative to the St. Maarten Mattress.</span></p>\r\n',24,26,103,118,0,0,'<meta http-equiv=\"Content-Type\" content=\"text/html; charset=utf-8\" />\r\n\r\n	<meta name=\"language\" content=\"en\" />\r\n\r\n<meta name=\"description\" content=\"Full Mattress Pillow Top Biotic\">\r\n\r\n<meta name=\"keywords\" content=\"Pillow Mattress, Full Mattress\">\r\n\r\n<meta name=\"author\" content=\"MattressStoreSD.com \">','','Active',17),(436,'Biotic Queen Mattress ','','60x80x12\"',229.00,'0','7844-Biotic_230x175.jpg','<p><span style=\"font-size:16px\">The Biotic is a great medium feel mattress collection that features a Bonnell coil spring unit, foam encased edge support, 12 Inch profile pillow top and a nice soft stretch knit fabric. This is great option for a good solid mattress where you&#39;ll have a more usable mattress surface with the foam encased edge supports. Feels great and a nice alternative to the St. Maarten Mattress.</span></p>\r\n',24,26,103,118,0,0,'<meta http-equiv=\"Content-Type\" content=\"text/html; charset=utf-8\" />\r\n\r\n	<meta name=\"language\" content=\"en\" />\r\n\r\n<meta name=\"description\" content=\"Queen Mattress Pillow Top Biotic\">\r\n\r\n<meta name=\"keywords\" content=\"Pillow Mattress, Queen Mattress\">\r\n\r\n<meta name=\"author\" content=\"MattressStoreSD.com \">','','Active',18),(437,'Biotic King Mattress ','','76x80x12\"',329.00,'0','7489-Biotic_230x175.jpg','<p><span style=\"font-size:16px\">The Biotic is a great medium feel mattress collection that features a Bonnell coil spring unit, foam encased edge support, 12 Inch profile pillow top and a nice soft stretch knit fabric. This is great option for a good solid mattress where you&#39;ll have a more usable mattress surface with the foam encased edge supports. Feels great and a nice alternative to the St. Maarten Mattress.</span></p>\r\n',24,26,103,118,0,0,'<meta http-equiv=\"Content-Type\" content=\"text/html; charset=utf-8\" />\r\n\r\n	<meta name=\"language\" content=\"en\" />\r\n\r\n<meta name=\"description\" content=\"King Mattress Pillow Top Biotic\">\r\n\r\n<meta name=\"keywords\" content=\"Pillow Mattress, King Mattress\">\r\n\r\n<meta name=\"author\" content=\"MattressStoreSD.com \">','','Active',19),(438,'Biotic Ca. King Mattress ','','72x84x12\"',329.00,'0','8568-Biotic_230x175.jpg','<p><span style=\"font-size:16px\">The Biotic is a great medium feel mattress collection that features a Bonnell coil spring unit, foam encased edge support, 12 Inch profile pillow top and a nice soft stretch knit fabric. This is great option for a good solid mattress where you&#39;ll have a more usable mattress surface with the foam encased edge supports. Feels great and a nice alternative to the St. Maarten Mattress.</span></p>\r\n',24,26,103,118,0,0,'<meta http-equiv=\"Content-Type\" content=\"text/html; charset=utf-8\" />\r\n\r\n	<meta name=\"language\" content=\"en\" />\r\n\r\n<meta name=\"description\" content=\"Cal King Mattress Pillow Top Biotic\">\r\n\r\n<meta name=\"keywords\" content=\"Pillow Mattress, Ca. King Mattress\">\r\n\r\n<meta name=\"author\" content=\"MattressStoreSD.com \">','','Active',17),(440,'St. Maarten King Mattress','','76x80x11\"',299.00,'0','472-St. Maarten Mattress_230x175.jpg','<p><span style=\"font-size:16px\">The St. Maarten&nbsp;has been a staple Pillow Top Mattress of Mattress Store San Diego for years! It&#39;s a great value because of it&#39;s thick 12 Inch profile so you have lots of comfy foam over the springs. Built to last, the St. Maarten&nbsp;Mattress collection is perfect for any room in the house a better bed than youll find in many stores at a fraction of the price.</span></p>\r\n',24,26,103,117,0,0,'<meta http-equiv=\"Content-Type\" content=\"text/html; charset=utf-8\" />\r\n	<meta name=\"language\" content=\"en\" />\r\n<meta name=\"description\" content=\"St. Maarten King Pillow Top Mattress\">\r\n<meta name=\"keywords\" content=\"King Pillow Top Mattress, Mattress,Furniture,Pillow\">\r\n<meta name=\"author\" content=\"Mattress Store San Diego | St. Maarten Pillow Top\">','','Active',14),(441,'St. Maarten King Pillow Top','','76x80x11\"',299.00,'0','671-St. Maarten Corner_230x175a.jpg','<p><span style=\"font-size:16px\">The St. Maarten has been a staple Pillow Top Mattress of Mattress Store San Diego for years! It&#39;s a great value because of it&#39;s thick 12 Inch profile so you have lots of comfy foam over the springs. Built to last, the St. Maarten Mattress collection is perfect for any room in the house a better bed than youll find in many stores at a fraction of the price.</span></p>\r\n',23,26,104,130,0,0,'<meta name=\"language\" content=\"en\" />\r\n<meta name=\"description\" content=\"St. Maarten King Mattress\">\r\n<meta name=\"keywords\" content=\"King Mattress, Furniture, Pillow Top Mattress\">\r\n<meta name=\"author\" content=\"Mattress Store San Diego\">','','Active',12),(442,'St. Maarten Ca. King Pillow Top','','72x84x11\"',299.00,'0','6905-St. Maarten Corner_230x175a.jpg','<p><span style=\"font-size:16px\">The St. Maarten has been a staple Pillow Top Mattress of Mattress Store San Diego for years! It&#39;s a great value because of it&#39;s thick 12 Inch profile so you have lots of comfy foam over the springs. Built to last, the St. Maarten Mattress collection is perfect for any room in the house a better bed than youll find in many stores at a fraction of the price.</span></p>\r\n',23,26,104,130,0,0,'<meta http-equiv=\"Content-Type\" content=\"text/html; charset=utf-8\" />\r\n	<meta name=\"language\" content=\"en\" />\r\n<meta name=\"description\" content=\"St. Maarten Cal King Pillow Top Mattress\">\r\n<meta name=\"keywords\" content=\"Cal King Pillow Top Mattress, Mattress,Furniture,Pillow\">\r\n<meta name=\"author\" content=\"Mattress Store San Diego | St. Maarten Pillow Top\">','','Active',13),(443,'Napa Twin Pillow Top','','38x74x11\"',189.00,'0','2012-Napa Mattress Set_230x170.jpg','<p><span style=\"font-size:16px\">The Napa Pillow Top Mattress collection features a nice medium feel with an upgraded verticoil spring system that helps prevent motion transfer compared to a regular Bonnell Coil. &nbsp;</span></p>\r\n\r\n<p><span style=\"font-size:16px\">Foam encased edge supports add to the sleeping surface as well as add stability and structure.</span></p>\r\n\r\n<p><span style=\"font-size:16px\">The Napa is one of our most popular beds for feel, comfort and overall value</span>.</p>\r\n',23,26,104,133,0,0,'<meta http-equiv=\"Content-Type\" content=\"text/html; charset=utf-8\" />\r\n	<meta name=\"language\" content=\"en\" />\r\n<meta name=\"description\" content=\"Napa Twin Pillow Top Mattress\">\r\n<meta name=\"keywords\" content=\"Twin Pillow Top Mattress, Mattress,Furniture,Pillow\">\r\n<meta name=\"author\" content=\"Mattress Store San Diego | Napa Pillow Top\">','','Active',18),(444,'Napa Full Pillow Top','','52x74x11\"',239.00,'0','8741-Napa Mattress Set_230x170.jpg','<p><span style=\"font-size:16px\">The Napa Pillow Top Mattress collection features a nice medium feel with an upgraded verticoil spring system that helps prevent motion transfer compared to a regular Bonnell Coil. &nbsp; Foam encased edge supports add to the sleeping surface as well as add stability and structure. The Napa is one of our most popular beds for feel, comfort and overall value.</span></p>\r\n',23,26,104,133,0,0,'<meta http-equiv=\"Content-Type\" content=\"text/html; charset=utf-8\" />\r\n	<meta name=\"language\" content=\"en\" />\r\n<meta name=\"description\" content=\"Napa Full Pillow Top Mattress\">\r\n<meta name=\"keywords\" content=\"Full Pillow Top Mattress, Mattress,Furniture,Pillow\">\r\n<meta name=\"author\" content=\"Mattress Store San Diego | Napa Pillow Top\">','','Active',19),(445,'Napa Queen Pillow Top','','60x80x11\"',259.00,'0','7651-Napa Mattress Set_230x170.jpg','<p><span style=\"font-size:16px\">The Napa Pillow Top Mattress collection features a nice medium feel with an upgraded verticoil spring system that helps prevent motion transfer compared to a regular Bonnell Coil. &nbsp; Foam encased edge supports add to the sleeping surface as well as add stability and structure. The Napa is one of our most popular beds for feel, comfort and overall value.</span></p>\r\n',23,26,104,133,0,0,'<meta http-equiv=\"Content-Type\" content=\"text/html; charset=utf-8\" />\r\n	<meta name=\"language\" content=\"en\" />\r\n<meta name=\"description\" content=\"Napa Queen Pillow Top Mattress\">\r\n<meta name=\"keywords\" content=\"Queen Pillow Top Mattress, Mattress,Furniture,Pillow\">\r\n<meta name=\"author\" content=\"Mattress Store San Diego | Napa Pillow Top\">','','Active',20),(446,'Napa King Pillow Top','','76x80x11\"',349.00,'0','8834-Napa Mattress Set_230x170.jpg','<p><span style=\"font-size:16px\">The Napa Pillow Top Mattress collection features a nice medium feel with an upgraded verticoil spring system that helps prevent motion transfer compared to a regular Bonnell Coil. &nbsp; Foam encased edge supports add to the sleeping surface as well as add stability and structure. The Napa is one of our most popular beds for feel, comfort and overall value.</span></p>\r\n',23,26,104,133,0,0,'<meta http-equiv=\"Content-Type\" content=\"text/html; charset=utf-8\" />\r\n	<meta name=\"language\" content=\"en\" />\r\n<meta name=\"description\" content=\"Napa Ca. King Pillow Top Mattress\">\r\n<meta name=\"keywords\" content=\"Ca. King Pillow Top Mattress, Mattress,Furniture,Pillow\">\r\n<meta name=\"author\" content=\"Mattress Store San Diego | Napa Pillow Top\">\r\n','','Active',21),(447,'Napa Ca. King Pillow Top','','72x84x11\"',349.00,'0','9903-Napa Mattress Set_230x170.jpg','<p><span style=\"font-size:16px\">The Napa Pillow Top Mattress collection features a nice medium feel with an upgraded verticoil spring system that helps prevent motion transfer compared to a regular Bonnell Coil. &nbsp; Foam encased edge supports add to the sleeping surface as well as add stability and structure. The Napa is one of our most popular beds for feel, comfort and overall value.</span></p>\r\n',23,26,104,133,0,0,'<meta http-equiv=\"Content-Type\" content=\"text/html; charset=utf-8\" />  <meta name=\"language\" content=\"en\" /> <meta name=\"description\" content=\"Napa Ca.King Pillow Top Mattress\"> <meta name=\"keywords\" content=\"Ca. King Pillow Top Mattress, Mattress,Furniture,Pillow\"> <meta name=\"author\" content=\"Mattress Store San Diego | Napa Pillow Top\">','','Active',22),(448,'Soft Sleep Twin Mattress','','38x74x12\"',249.00,'0','131-Soft Sleep Mattress Corner_230x700.jpg','<p><span style=\"font-size:16px\">Great soft feel with an indivually wrap coil system, encased foam edge supports and a soft white stretch knit cotton cover. Hard to find a better value for a individually wrap coil plush feel mattress collection at this price. &nbsp; The Soft Sleep is our go to bed for people looking for a soft but supportive feel.</span></p>\r\n',24,26,104,134,0,0,'<meta http-equiv=\"Content-Type\" content=\"text/html; charset=utf-8\" />\r\n	<meta name=\"language\" content=\"en\" />\r\n<meta name=\"description\" content=\"Soft Sleep Individual Wrap Coil Twin Mattress\">\r\n<meta name=\"keywords\" content=\"Twin Mattress, Pillow Top Mattress, Furniture, Pillows, mattresses\">\r\n<meta name=\"author\" content=\"Mattress Store San Diego\">','','Active',22),(449,'Soft Sleep Full Mattress','','52x74x12\"',299.00,'0','4295-Soft Sleep Mattress Corner_230x700.jpg','<p><span style=\"font-size:16px\">Great soft feel with an indivually wrap coil system, encased foam edge supports and a soft white stretch knit cotton cover. Hard to find a better value for a individually wrap coil plush feel mattress collection at this price. &nbsp; The Soft Sleep is our go to bed for people looking for a soft but supportive feel.</span></p>\r\n',24,26,104,134,0,0,'<meta http-equiv=\"Content-Type\" content=\"text/html; charset=utf-8\" />\r\n	<meta name=\"language\" content=\"en\" />\r\n<meta name=\"description\" content=\"Soft Sleep Individual Wrap Coil Full Mattress\">\r\n<meta name=\"keywords\" content=\"Full Mattress, Pillow Top Mattress, Furniture, Pillows, mattresses\">\r\n<meta name=\"author\" content=\"Mattress Store San Diego\">','','Active',23),(450,'Soft Sleep Queen Mattress','','60x80x12\"',349.00,'0','6133-Soft Sleep Mattress Corner_230x700.jpg','<p><span style=\"font-size:16px\">Great soft feel with an indivually wrap coil system, encased foam edge supports and a soft white stretch knit cotton cover. Hard to find a better value for a individually wrap coil plush feel mattress collection at this price. &nbsp; The Soft Sleep is our go to bed for people looking for a soft but supportive feel.</span></p>\r\n',24,26,104,134,0,0,'<meta http-equiv=\"Content-Type\" content=\"text/html; charset=utf-8\" />\r\n	<meta name=\"language\" content=\"en\" />\r\n<meta name=\"description\" content=\"Soft Sleep Individual Wrap Coil Queen Mattress\">\r\n<meta name=\"keywords\" content=\"Queen Mattress, Pillow Top Mattress, Furniture, Pillows, mattresses\">\r\n<meta name=\"author\" content=\"Mattress Store San Diego\">','','Active',24),(451,'Soft Sleep King Mattress','','76x80x12\"',479.00,'0','4202-Soft Sleep Mattress Corner_230x700.jpg','<p><span style=\"font-size:16px\">Great soft feel with an indivually wrap coil system, encased foam edge supports and a soft white stretch knit cotton cover. Hard to find a better value for a individually wrap coil plush feel mattress collection at this price. &nbsp; The Soft Sleep is our go to bed for people looking for a soft but supportive feel.</span></p>\r\n',24,26,104,134,0,0,'<meta http-equiv=\"Content-Type\" content=\"text/html; charset=utf-8\" />\r\n	<meta name=\"language\" content=\"en\" />\r\n<meta name=\"description\" content=\"Soft Sleep Individual Wrap Coil Full Mattress\">\r\n<meta name=\"keywords\" content=\"Full Mattress, Pillow Top Mattress, Furniture, Pillows, mattresses\">\r\n<meta name=\"author\" content=\"Mattress Store San Diego\">','','Active',25),(452,'Soft Sleep Ca. King Mattress','','72x84x12\"',479.00,'0','6836-Soft Sleep Mattress Corner_230x700.jpg','<p><span style=\"font-size:16px\">Great soft feel with an indivually wrap coil system, encased foam edge supports and a soft white stretch knit cotton cover. Hard to find a better value for a individually wrap coil plush feel mattress collection at this price. &nbsp; The Soft Sleep is our go to bed for people looking for a soft but supportive feel.</span></p>\r\n',24,26,104,134,0,0,'<meta http-equiv=\"Content-Type\" content=\"text/html; charset=utf-8\" />\r\n	<meta name=\"language\" content=\"en\" />\r\n<meta name=\"description\" content=\"Soft Sleep Individual Wrap Coil Queen Mattress\">\r\n<meta name=\"keywords\" content=\"Queen Mattress, Pillow Top Mattress, Furniture, Pillows, mattresses\">\r\n<meta name=\"author\" content=\"Mattress Store San Diego\">','','Active',26),(454,'Miralux Twin Mattress','','38x74x12\"',239.00,'0','6353-Miralux Mattress Plush Corner_230x170.jpg','<p><span style=\"font-size:16px\">If you enjoy a soft comfort, the Sleep Inc by Corsicana Miralux Euro Pillow Top is one of the best values found on our site. The Verticoil system, comfort layers, and quilt all contain nice features typically reserved for mattresses much higher in price. This is a good choice for side sleepers or back sleepers who enjoy a soft, enveloping initial feel with solid underlying support. Features also a Tencel Fiber soft cover that helps keep you cooler and full foam encased edge support to add to the sleep surface. </span></p>\r\n\r\n<p>&nbsp;</p>\r\n\r\n<p><span style=\"font-size:16px\"><a href=\"http://Yelp.com/biz/mattress-store-san-diego-chula-vista-13\">See my 200+ 5-Star Reviews on Yelp! </a></span></p>\r\n',20,26,104,135,0,0,'<meta http-equiv=\"Content-Type\" content=\"text/html; charset=utf-8\" />\r\n	<meta name=\"language\" content=\"en\" />\r\n<meta name=\"description\" content=\"Twin Mattress Plush Pillow Top | Miralux\">\r\n<meta name=\"keywords\" content=\"Twin Mattress, Furniture, Pillow Top Mattress\">\r\n<meta name=\"author\" content=\"Mattress Store San Diego \">\r\n','','Active',27),(455,'Miralux Full Mattress','','52x74x12\"',279.00,'0','8080-Miralux Mattress Plush Corner_1030x700.jpg','<p><span style=\"font-size:16px\">If you enjoy a soft comfort, the Sleep Inc by Corsicana Miralux Euro Pillow Top is one of the best values found on our site. The Verticoil system, comfort layers, and quilt all contain nice features typically reserved for mattresses much higher in price. This is a good choice for side sleepers or back sleepers who enjoy a soft, enveloping initial feel with solid underlying support. Features also a Tencel Fiber soft cover that helps keep you cooler and full foam encased edge support to add to the sleep surface. </span></p>\r\n\r\n<p><span style=\"font-size:16px\"><a href=\"http://Yelp.com/biz/mattress-store-san-diego-chula-vista-13\">See my 200+ 5-Star Reviews on Yelp! </a></span></p>\r\n',20,26,104,135,0,0,'<meta http-equiv=\"Content-Type\" content=\"text/html; charset=utf-8\" />\r\n	<meta name=\"language\" content=\"en\" />\r\n<meta name=\"description\" content=\"Full Mattress Pillow Top | Miralux\">\r\n<meta name=\"keywords\" content=\"Full Mattress, Pillow Top\">\r\n<meta name=\"author\" content=\"Mattress Store San Diego\">','','Active',28),(457,'Miralux King Mattress','','76x80x12\"',399.00,'0','8900-Miralux Mattress Plush Corner_1030x700.jpg','<p><span style=\"font-size:16px\">If you enjoy a soft comfort, the Sleep Inc by Corsicana Miralux Euro Pillow Top is one of the best values found on our site. The Verticoil system, comfort layers, and quilt all contain nice features typically reserved for mattresses much higher in price. This is a good choice for side sleepers or back sleepers who enjoy a soft, enveloping initial feel with solid underlying support. Features also a Tencel Fiber soft cover that helps keep you cooler and full foam encased edge support to add to the sleep surface. </span></p>\r\n\r\n<p>&nbsp;</p>\r\n\r\n<p><span style=\"font-size:16px\"><a href=\"http://Yelp.com/biz/mattress-store-san-diego-chula-vista-13\">See my 200+ 5-Star Reviews on Yelp! </a></span></p>\r\n',20,26,104,135,0,0,'<meta http-equiv=\"Content-Type\" content=\"text/html; charset=utf-8\" />\r\n	<meta name=\"language\" content=\"en\" />\r\n<meta name=\"description\" content=\"King Mattress Pillow Top | Miralux\">\r\n<meta name=\"keywords\" content=\"King Mattress, Pillow Top\">\r\n<meta name=\"author\" content=\"Mattress Store San Diego\">\r\n','','Active',30),(459,'Miralux Queen Mattress','','60x80x12\"',299.00,'0','7531-Miralux Mattress Plush Corner_230x170.jpg','<p><span style=\"font-size:16px\">If you enjoy a soft comfort, the Sleep Inc by Corsicana Miralux Euro Pillow Top is one of the best values found on our site. The Verticoil system, comfort layers, and quilt all contain nice features typically reserved for mattresses much higher in price. This is a good choice for side sleepers or back sleepers who enjoy a soft, enveloping initial feel with solid underlying support. Features also a Tencel Fiber soft cover that helps keep you cooler and full foam encased edge support to add to the sleep surface. </span></p>\r\n\r\n<p><span style=\"font-size:16px\"><a href=\"http://Yelp.com/biz/mattress-store-san-diego-chula-vista-13\">See my 200+ 5-Star Reviews on Yelp! </a></span></p>\r\n',20,26,104,135,0,0,'<meta http-equiv=\"Content-Type\" content=\"text/html; charset=utf-8\" />\r\n	<meta name=\"language\" content=\"en\" />\r\n<meta name=\"description\" content=\"Online Mattress Dealer\">\r\n<meta name=\"keywords\" content=\"Mattress,Furniture,Pillow\">\r\n<meta name=\"author\" content=\"Sandiego Mattress \">','','Active',29),(460,'Miralux Cal. King Mattress','','72x84x12\"',399.00,'0','1735-Miralux Mattress Plush Corner_230x170.jpg','<p><span style=\"font-size:16px\">If you enjoy a soft comfort, the Sleep Inc by Corsicana Miralux Euro Pillow Top is one of the best values found on our site. The Verticoil system, comfort layers, and quilt all contain nice features typically reserved for mattresses much higher in price. This is a good choice for side sleepers or back sleepers who enjoy a soft, enveloping initial feel with solid underlying support. Features also a Tencel Fiber soft cover that helps keep you cooler and full foam encased edge support to add to the sleep surface. </span></p>\r\n\r\n<p><a href=\"http://Yelp.com/biz/mattress-store-san-diego-chula-vista-13\"><span style=\"font-size:16px\">See my 200+ 5-Star Reviews on Yelp!</span></a></p>\r\n\r\n<p>&nbsp;</p>\r\n',20,26,104,135,0,0,'<meta http-equiv=\"Content-Type\" content=\"text/html; charset=utf-8\" />\r\n	<meta name=\"language\" content=\"en\" />\r\n<meta name=\"description\" content=\"Cal. King Mattress Pillow Top | Miralux\">\r\n<meta name=\"keywords\" content=\"Ca. King Mattress, Pillow Top\">\r\n<meta name=\"author\" content=\"Mattress Store San Diego\">','','Active',31),(461,'Bridgeton Twin Mattress','','38x74x14\"',249.00,'0','6909-Bridgeton Pillow Top Mattress_Corner Crop_230x170.jpg','<p><span style=\"font-size:16px\">The Bridgeton Pillow Top Mattress gives you a comfortable feel like the Miralux but with a slightly firmer feel. Over 14&quot; or rich, high quality comfort foams in an inviting pillow top that is comfortable and very supportive. The Verticoil system, comfort layers, and quilt all contain nice features typically reserved for mattresses much higher in price. This is a good choice for side sleepers or back sleepers who enjoy a soft initial feel with solid underlying support. Features also a TruCool soft cover that helps keep you cooler and full foam encased edge support to add to the sleep surface. </span></p>\r\n\r\n<p><span style=\"font-size:16px\"><a href=\"http://Yelp.com/biz/mattress-store-san-diego-chula-vista-13\">See my 200+ 5-Star Reviews on Yelp! </a></span></p>\r\n\r\n<p>&nbsp;</p>\r\n',20,26,104,136,0,0,'<meta http-equiv=\"Content-Type\" content=\"text/html; charset=utf-8\" />\r\n	<meta name=\"language\" content=\"en\" />\r\n<meta name=\"description\" content=\"Twin Mattress Pillow Top | Bridgeton\">\r\n<meta name=\"keywords\" content=\"Twin Mattress, Pillow Top\">\r\n<meta name=\"author\" content=\"Mattress Store San Diego\">','','Active',32),(462,'Bridgeton Full Mattress','','52x74x14\"',329.00,'0','760-Bridgeton Pillow Top Mattress_Corner Crop_230x170.jpg','<p><span style=\"font-size:16px\">The Bridgeton Pillow Top Mattress gives you a comfortable feel like the Miralux but with a slightly firmer feel. Over 14&quot; or rich, high quality comfort foams in an inviting pillow top that is comfortable and very supportive. The Verticoil system, comfort layers, and quilt all contain nice features typically reserved for mattresses much higher in price. This is a good choice for side sleepers or back sleepers who enjoy a soft initial feel with solid underlying support. Features also a TruCool soft cover that helps keep you cooler and full foam encased edge support to add to the sleep surface. </span></p>\r\n\r\n<p><span style=\"font-size:16px\"><a href=\"http://Yelp.com/biz/mattress-store-san-diego-chula-vista-13\">See my 200+ 5-Star Reviews on Yelp! </a></span></p>\r\n\r\n<p>&nbsp;</p>\r\n',20,26,104,136,0,0,'<meta http-equiv=\"Content-Type\" content=\"text/html; charset=utf-8\" />\r\n	<meta name=\"language\" content=\"en\" />\r\n<meta name=\"description\" content=\"Full Mattress Pillow Top | Bridgeton\">\r\n<meta name=\"keywords\" content=\"Full Mattress, Pillow Top\">\r\n<meta name=\"author\" content=\"Mattress Store San Diego\">','','Active',33),(463,'Bridgeton Queen Mattress','','60x80x14\"',399.00,'0','3959-Bridgeton Pillow Top Mattress_Corner Crop_230x170.jpg','<p><span style=\"font-size:16px\">The Bridgeton Pillow Top Mattress gives you a comfortable feel like the Miralux but with a slightly firmer feel. Over 14&quot; or rich, high quality comfort foams in an inviting pillow top that is comfortable and very supportive. The Verticoil system, comfort layers, and quilt all contain nice features typically reserved for mattresses much higher in price. This is a good choice for side sleepers or back sleepers who enjoy a soft initial feel with solid underlying support. Features also a TruCool soft cover that helps keep you cooler and full foam encased edge support to add to the sleep surface. </span></p>\r\n\r\n<p><a href=\"http://Yelp.com/biz/mattress-store-san-diego-chula-vista-13\"><span style=\"font-size:16px\">See my 200+ 5-Star Reviews on Yelp! </span></a></p>\r\n\r\n<p>&nbsp;</p>\r\n',20,26,104,136,0,0,'<meta http-equiv=\"Content-Type\" content=\"text/html; charset=utf-8\" />\r\n	<meta name=\"language\" content=\"en\" />\r\n<meta name=\"description\" content=\"Queen Mattress Pillow Top | Bridgeton\">\r\n<meta name=\"keywords\" content=\"Queen Mattress, Pillow Top\">\r\n<meta name=\"author\" content=\"Mattress Store San Diego\">','','Active',34),(464,'Bridgeton King Mattress','','76x80x14\"',499.00,'0','5044-Bridgeton Pillow Top Mattress_Corner Crop_230x170.jpg','<p><span style=\"font-size:16px\">The Bridgeton Pillow Top Mattress gives you a comfortable feel like the Miralux but with a slightly firmer feel. Over 14&quot; or rich, high quality comfort foams in an inviting pillow top that is comfortable and very supportive. The Verticoil system, comfort layers, and quilt all contain nice features typically reserved for mattresses much higher in price. This is a good choice for side sleepers or back sleepers who enjoy a soft initial feel with solid underlying support. Features also a TruCool soft cover that helps keep you cooler and full foam encased edge support to add to the sleep surface. </span></p>\r\n\r\n<p><span style=\"font-size:16px\"><a href=\"http://Yelp.com/biz/mattress-store-san-diego-chula-vista-13\">See my 200+ 5-Star Reviews on Yelp! </a></span></p>\r\n\r\n<p>&nbsp;</p>\r\n',20,26,104,136,0,0,'<meta http-equiv=\"Content-Type\" content=\"text/html; charset=utf-8\" />\r\n	<meta name=\"language\" content=\"en\" />\r\n<meta name=\"description\" content=\"King Mattress Pillow Top | Bridgeton\">\r\n<meta name=\"keywords\" content=\"King Mattress, Pillow Top\">\r\n<meta name=\"author\" content=\"Mattress Store San Diego\">','','Active',35),(465,'Bridgeton Ca. King Mattress','','72x84x14\"',499.00,'0','4222-Bridgeton Pillow Top Mattress_Corner Crop_230x170.jpg','<p><span style=\"font-size:16px\">The Bridgeton Pillow Top Mattress gives you a comfortable feel like the Miralux but with a slightly firmer feel. Over 14&quot; or rich, high quality comfort foams in an inviting pillow top that is comfortable and very supportive. The Verticoil system, comfort layers, and quilt all contain nice features typically reserved for mattresses much higher in price. This is a good choice for side sleepers or back sleepers who enjoy a soft initial feel with solid underlying support. Features also a TruCool soft cover that helps keep you cooler and full foam encased edge support to add to the sleep surface. </span></p>\r\n\r\n<p><span style=\"font-size:16px\"><a href=\"http://Yelp.com/biz/mattress-store-san-diego-chula-vista-13\">See my 200+ 5-Star Reviews on Yelp! </a></span></p>\r\n\r\n<p>&nbsp;</p>\r\n',20,26,104,136,0,0,'<meta http-equiv=\"Content-Type\" content=\"text/html; charset=utf-8\" />\r\n	<meta name=\"language\" content=\"en\" />\r\n<meta name=\"description\" content=\"Ca. King Mattress Pillow Top | Bridgeton\">\r\n<meta name=\"keywords\" content=\"Ca. King Mattress, Pillow Top\">\r\n<meta name=\"author\" content=\"Mattress Store San Diego\">','','Active',36),(466,'Crystal Full Mattress ','','52x74x11\"',248.00,'0','9669-Crystal Mattress_230x170_Crop.jpg','<p><span style=\"font-size:16px\">Our Crystal mattress collection has a unique firm overall feel but with an initial plush top. &nbsp; Comfort and value comes from the Indivivual Wrap Coils and a nice soft Organic Cotton Quilted fabric that feels great and keeps you cooler. &nbsp; The Crystal is a Mattress Store San Diego Original design- 100% USA Made </span></p>\r\n\r\n<p><span style=\"font-size:16px\"><a href=\"http://Yelp.com/biz/mattress-store-san-diego-chula-vista-13\">See my 200+ 5-Star Reviews on Yelp! </a></span></p>\r\n\r\n<p>&nbsp;</p>\r\n',23,26,106,138,0,0,'\r\n<meta http-equiv=\"Content-Type\" content=\"text/html; charset=utf-8\" />\r\n	<meta name=\"language\" content=\"en\" />\r\n<meta name=\"description\" content=\"Full Mattress Pillow Top | Bridgeton\">\r\n<meta name=\"keywords\" content=\"Full Mattress, Pillow Top\">\r\n<meta name=\"author\" content=\"Mattress Store San Diego\">','','Active',1),(467,'Crystal Queen Mattress Ind. ','','60x80x11\"',278.00,'0','8515-Crystal Mattress_230x170_Crop.jpg','<p><span style=\"font-size:16px\">Our Crystal mattress collection has a unique firm overall feel but with an initial plush top. &nbsp; Comfort and value comes from the Indivivual Wrap Coils and a nice soft Organic Cotton Quilted fabric that feels great and keeps you cooler. &nbsp; The Crystal is a Mattress Store San Diego Original design- 100% USA Made </span></p>\r\n\r\n<p><span style=\"font-size:16px\"><a href=\"http://Yelp.com/biz/mattress-store-san-diego-chula-vista-13\">See my 200+ 5-Star Reviews on Yelp! </a></span></p>\r\n',20,26,106,138,0,0,'\r\n<meta http-equiv=\"Content-Type\" content=\"text/html; charset=utf-8\" />\r\n	<meta name=\"language\" content=\"en\" />\r\n<meta name=\"description\" content=\"Queen Mattress Pillow Top | Bridgeton\">\r\n<meta name=\"keywords\" content=\"Queen Mattress, Pillow Top\">\r\n<meta name=\"author\" content=\"Mattress Store San Diego\">','','Active',3),(468,'Crystal King Ind.','','76x80x11\"',429.00,'0','9922-Crystal Mattress_230x170_Crop.jpg','<p><span style=\"font-size:16px\">Our Crystal mattress collection has a unique firm overall feel but with an initial plush top. &nbsp; Comfort and value comes from the Indivivual Wrap Coils and a nice soft Organic Cotton Quilted fabric that feels great and keeps you cooler. &nbsp; The Crystal is a Mattress Store San Diego Original design- 100% USA Made </span></p>\r\n\r\n<p><span style=\"font-size:16px\"><a href=\"http://Yelp.com/biz/mattress-store-san-diego-chula-vista-13\">See my 200+ 5-Star Reviews on Yelp! </a></span></p>\r\n\r\n<p>&nbsp;</p>\r\n',20,26,106,138,0,0,'<meta http-equiv=\"Content-Type\" content=\"text/html; charset=utf-8\" />\r\n	<meta name=\"language\" content=\"en\" />\r\n<meta name=\"description\" content=\"King Mattress Pillow Top | Bridgeton\">\r\n<meta name=\"keywords\" content=\"King Mattress, Pillow Top\">\r\n<meta name=\"author\" content=\"Mattress Store San Diego\">','','Active',4),(469,'TEST-TEST','','120*60*110',1.00,'0','9409-ppp.jpg','<p>test</p>\r\n',5,26,103,0,0,0,'<meta http-equiv=\"Content-Type\" content=\"text/html; charset=utf-8\" />\r\n	<meta name=\"language\" content=\"en\" />\r\n<meta name=\"description\" content=\"Online Mattress Dealer\">\r\n<meta name=\"keywords\" content=\"Mattress,Furniture,Pillow\">\r\n<meta name=\"author\" content=\"Sandiego Mattress \">','','Active',3),(470,'aaaaaaaa','','120*60*110',55.00,'0','6678-good-morning-starshine.jpg','<p>t1</p>\r\n',5,26,103,113,0,0,'<meta http-equiv=\"Content-Type\" content=\"text/html; charset=utf-8\" />\r\n	<meta name=\"language\" content=\"en\" />\r\n<meta name=\"description\" content=\"Online Mattress Dealer\">\r\n<meta name=\"keywords\" content=\"Mattress,Furniture,Pillow\">\r\n<meta name=\"author\" content=\"Sandiego Mattress \">','','Active',2),(471,'my_mate','','120*60*110',29.00,'1','8109-Email_Leave.png','<p>test</p>\r\n',5,26,103,113,0,0,'<meta http-equiv=\"Content-Type\" content=\"text/html; charset=utf-8\" />\r\n	<meta name=\"language\" content=\"en\" />\r\n<meta name=\"description\" content=\"Online Mattress Dealer\">\r\n<meta name=\"keywords\" content=\"Mattress,Furniture,Pillow\">\r\n<meta name=\"author\" content=\"Sandiego Mattress \">','','Active',5);
/*!40000 ALTER TABLE `sdmatts_furniture` ENABLE KEYS */;
UNLOCK TABLES;

--
-- Table structure for table `sdmatts_health`
--

DROP TABLE IF EXISTS `sdmatts_health`;
/*!40101 SET @saved_cs_client     = @@character_set_client */;
/*!40101 SET character_set_client = utf8 */;
CREATE TABLE `sdmatts_health` (
  `id` int(11) NOT NULL AUTO_INCREMENT,
  `health_title` varchar(255) NOT NULL,
  `health_description` text NOT NULL,
  `health_image` varchar(255) NOT NULL,
  PRIMARY KEY (`id`)
) ENGINE=InnoDB AUTO_INCREMENT=5 DEFAULT CHARSET=latin1;
/*!40101 SET character_set_client = @saved_cs_client */;

--
-- Dumping data for table `sdmatts_health`
--

LOCK TABLES `sdmatts_health` WRITE;
/*!40000 ALTER TABLE `sdmatts_health` DISABLE KEYS */;
INSERT INTO `sdmatts_health` VALUES (2,' Trouble Sleeping','<p>What you eat has a direct effect on how well you sleep at night. Can&rsquo;t fall asleep? You might benefit from adding more potassium to your diet. You can find potassium naturally in bananas, baked potatoes, sweet potatoes, dark leafy greens, and beans. Another sleep-friendly snack option is low-fat yogurt or milk. Besides being rich in calcium, milk also contains tryptophan, which can help you fall asleep more easily. To see what else you should, or shouldn&rsquo;t, be eating before bed check out the Health Magazine article &ldquo;Best and Worst Foods for Sleep&quot;.</p>\r\n','1413980805-healthy_pic1.png'),(3,' Consistent Bedtime = Smaller Waistlin','<p>A new study out of Brigham Young University suggests that going to sleep and waking up at the same time every day is linked to a lower percentage of body fat in young women. To avoid packing on the pounds, try to keep your schedule as consistent as possible. If you can&rsquo;t get to sleep at the same time every night, be sure to at least wake up at the same time every day. The study found that a consistent wake time was more effective in maintaining a lower body fat than a consistent bedtime. For more information, you can read the study&rsquo;s findings here from the American Journal of Health Promotion.</p>\r\n','1413980864-healthy_pic2.png'),(4,'The Importance of Sleep','<p>A new study out of Brigham Young University suggests that going to sleep and waking up at the same time every day is linked to a lower percentage of body fat in young women. To avoid packing on the pounds, try to keep your schedule as consistent as possible. If you can&rsquo;t get to sleep at the same time every night, be sure to at least wake up at the same time every day. The study found that a consistent wake time was more effective in maintaining a lower body fat than a consistent bedtime. For more information, you can read the study&rsquo;s findings here from the American Journal of Health Promotion.</p>\r\n','1413981521-healthy_pic3.png');
/*!40000 ALTER TABLE `sdmatts_health` ENABLE KEYS */;
UNLOCK TABLES;

--
-- Table structure for table `sdmatts_home_images`
--

DROP TABLE IF EXISTS `sdmatts_home_images`;
/*!40101 SET @saved_cs_client     = @@character_set_client */;
/*!40101 SET character_set_client = utf8 */;
CREATE TABLE `sdmatts_home_images` (
  `home_image_id` int(11) NOT NULL AUTO_INCREMENT,
  `home_image_name` varchar(255) NOT NULL,
  `home_image_link` varchar(255) NOT NULL,
  `home_image_path` varchar(255) NOT NULL,
  `home_image_status` enum('Active','Inactive') NOT NULL,
  PRIMARY KEY (`home_image_id`)
) ENGINE=InnoDB AUTO_INCREMENT=6 DEFAULT CHARSET=latin1;
/*!40101 SET character_set_client = @saved_cs_client */;

--
-- Dumping data for table `sdmatts_home_images`
--

LOCK TABLES `sdmatts_home_images` WRITE;
/*!40000 ALTER TABLE `sdmatts_home_images` DISABLE KEYS */;
INSERT INTO `sdmatts_home_images` VALUES (1,'Over 200 5-Star Reviews!','https://www.yelp.com/biz/mattress-store-san-diego-chula-vista-13','75741478446503Yelp_200-Reviews_Phone_319x190.jpg','Active'),(2,'Image2e','https://rotrax.websitewelcome.com:2087/','78371462365366highlight.PNG','Inactive'),(3,'Image3','http://www.google.com','29441462365459link.PNG','Active'),(4,'Image4c','http://www.google.com','78441462365436youtube_embed.png','Active'),(5,'test','http://www.yelp.com/biz/mattress-store-san-diego-chula-vista-13','97161490007567Email_Leave.png','Active');
/*!40000 ALTER TABLE `sdmatts_home_images` ENABLE KEYS */;
UNLOCK TABLES;

--
-- Table structure for table `sdmatts_image_gallery`
--

DROP TABLE IF EXISTS `sdmatts_image_gallery`;
/*!40101 SET @saved_cs_client     = @@character_set_client */;
/*!40101 SET character_set_client = utf8 */;
CREATE TABLE `sdmatts_image_gallery` (
  `img_id` int(11) NOT NULL AUTO_INCREMENT,
  `furniture_id` int(11) NOT NULL,
  `img_path` varchar(255) NOT NULL,
  PRIMARY KEY (`img_id`),
  KEY `furniture_id` (`furniture_id`),
  CONSTRAINT `sdmatts_image_gallery_ibfk_1` FOREIGN KEY (`furniture_id`) REFERENCES `sdmatts_furniture` (`furniture_id`)
) ENGINE=InnoDB AUTO_INCREMENT=483 DEFAULT CHARSET=latin1;
/*!40101 SET character_set_client = @saved_cs_client */;

--
-- Dumping data for table `sdmatts_image_gallery`
--

LOCK TABLES `sdmatts_image_gallery` WRITE;
/*!40000 ALTER TABLE `sdmatts_image_gallery` DISABLE KEYS */;
INSERT INTO `sdmatts_image_gallery` VALUES (88,332,'56740-Zoned Gel Dough_1030x700.jpg'),(103,344,'10425-Zoned-Dough-Chamomile-Pillow_1030x700.jpg'),(104,344,'9767-Zoned-Dough-Pillow-Chamomile-case_1030x700.jpg'),(105,344,'83383-Zoned-Dough-Pillow-Chamomile-Hand_1030x700.jpg'),(110,347,'98743-Zoned-Dough-Pillow-Chamomile-case_1030x700.jpg'),(111,347,'32182-Zoned-Dough-Pillow-Chamomile-Hand_1030x700.jpg'),(118,347,'16401-Structures 5 Yr Warranty_Crop.jpg'),(120,344,'23236-Structures 5 Yr Warranty_Crop.jpg'),(121,332,'60143-Zoned-Gel-Dough_Bag_1030x700.jpg'),(123,332,'87168-Structures 5 Yr Warranty_Crop.jpg'),(124,351,'10745-Zoned Gel Dough_1030x700.jpg'),(125,351,'81100-Zoned-Gel-Dough_Bag_1030x700.jpg'),(126,351,'41369-Zoned-Gel-Pillow-Close-UP_1030x700.jpg'),(127,351,'95825-Structures 5 Yr Warranty_Crop.jpg'),(132,354,'87936-Zoned Dough Peppermint_1030x700.jpg'),(133,354,'89999-Gel-Peppermint-pillow_1030x700.jpg'),(134,354,'98315-Gel Peppermint pillow Hand.jpg'),(135,354,'93486-Gel Pillow Peppermint Case.jpg'),(136,354,'11932-Gel Pillows Warranty 5 year.jpg'),(137,355,'83952-Gel Pillows Warranty 5 year.jpg'),(138,355,'12251-Gel-Peppermint-pillow_1030x700.jpg'),(139,355,'2898-Gel Peppermint pillow Hand.jpg'),(140,355,'56164-Gel Pillow Peppermint Case.jpg'),(145,357,'98649-Mini-Peppermint-Aromatherapy-Spray-WB1468344331-600x600.jpg'),(146,358,'10438-Mini-Lavender-Aromatherapy-Spray-WB1468344314-600x600.jpg'),(147,358,'24841-Zoned Dough Lavender_1030x700.jpg'),(148,358,'53237-Zoned-Dough-Pillow-Lavender-Hand_1030x700.jpg'),(149,359,'16231-Zoned Dough Lavender_1030x700.jpg'),(150,359,'50001-Zoned-Dough-Lavender_1030x700.jpg'),(151,359,'24260-Zoned Dough Pillow Lavender Hand.jpg'),(152,359,'16388-Zoned Dough Pillow Lavender.jpg'),(153,360,'96822-Zoned Dough Lavender_1030x700.jpg'),(154,360,'92125-Zoned Dough Pillow Lavender Hand.jpg'),(155,360,'43997-Zoned Dough Pillow Lavender.jpg'),(156,361,'40962-Convolution Super Soft Pillow.jpg'),(157,361,'49965-Convolution Super Soft Pillow Case.jpg'),(158,361,'52487-Convolution Super Soft Pillow close up.jpg'),(159,361,'26137-Convolution 3 Levels of Comfort_1500x1500.jpg'),(160,361,'89562-Convolution 3 Yr Warranty_600x600.jpg'),(161,362,'97498-Convolution Super Soft Pillow.jpg'),(162,362,'94267-Convolution Super Soft Pillow Case.jpg'),(163,362,'39987-Convolution Super Soft Pillow close up.jpg'),(164,362,'18156-Convolution 3 Levels of Comfort_1500x1500.jpg'),(165,362,'65639-Convolution 3 Yr Warranty_600x600.jpg'),(166,363,'32941-Shoulder-Pillow-With-Side-Sleeper_1030x730.jpg'),(167,363,'43054-Shoulder-Gel-Side-Sleeper-Pillow-Full_1030x730.jpg'),(168,363,'23651-Shoulder Gel Side Sleeper Pillow Case_1030x850.jpg'),(169,364,'9163-Shoulder Gel Side Sleeper Pillow Case_1030x850.jpg'),(170,364,'18071-Shoulder-Gel-Side-Sleeper-Pillow-Full_1030x730.jpg'),(171,364,'8522-Shoulder Gel Side Sleeper Pillow.jpg'),(172,364,'73740-Shoulder-Pillow-With-Side-Sleeper_1030x730.jpg'),(173,365,'27816-9130tQgMLHL._SL1500_.jpg'),(174,365,'71428-Bamboo-Actual-Pillow-.jpg'),(175,366,'86154-9130tQgMLHL._SL1500_.jpg'),(176,366,'83219-Bamboo-Actual-Pillow-.jpg'),(216,388,'36703-Value-Comfort-Pillow-Top-Mattress_1057x453.jpg'),(217,388,'65302-Value Comfort Pillow TOp Mattress Specs.JPG'),(218,369,'83275-Corona_1.jpg'),(219,369,'1951-Corona New Mattress cornertext1.JPG'),(220,369,'27500-Corona Quilt.jpg'),(227,393,'76314-Corona_1057X453_NEW.jpg'),(228,394,'56778-Carmel Mattress View_1057x453.jpg'),(229,394,'47253-Carmel Mattress_1057x453 Fabric close up.jpg'),(230,395,'40915-St. Maarten Corner_1057x453a.jpg'),(231,395,'87577-St. Maarten Cover_1057x453A.jpg'),(234,396,'38547-Value-Comfort-Pillow-Top-Mattress_1057x453.jpg'),(235,397,'79149-Value-Comfort-Pillow-Top-Mattress_1057x453.jpg'),(247,403,'66444-Biotic Mattress_1057x672.jpg'),(248,403,'73326-Biotic Top_1057x672.jpg'),(249,403,'62754-Biotic Top_1057x453.jpg'),(250,403,'17431-Biotic_1057x453.jpg'),(251,404,'26792-Biotic Mattress_1057x672.jpg'),(252,404,'65805-Biotic Top_1057x672.jpg'),(253,404,'91440-Biotic Top_1057x453.jpg'),(254,404,'6825-Biotic_1057x453.jpg'),(255,405,'44591-Biotic Mattress_1057x672.jpg'),(256,405,'45949-Biotic Top_1057x672.jpg'),(257,405,'82383-Biotic Top_1057x453.jpg'),(258,405,'56455-Biotic_1057x453.jpg'),(259,406,'47469-Biotic Mattress_1057x672.jpg'),(260,406,'90445-Biotic Top_1057x672.jpg'),(261,406,'40019-Biotic Top_1057x453.jpg'),(262,406,'68733-Biotic_1057x453.jpg'),(263,407,'92307-Biotic Mattress_1057x672.jpg'),(264,407,'14540-Biotic Top_1057x672.jpg'),(265,407,'48073-Biotic Top_1057x453.jpg'),(266,407,'55348-Biotic_1057x453.jpg'),(267,408,'58924-Napa USA Corner_1057x673.jpg'),(268,408,'94324-Napa Set1_PS_1057x453.jpg'),(269,409,'32878-Napa USA Corner_1057x673.jpg'),(270,409,'13869-Napa Set1_PS_1057x453.jpg'),(271,410,'98434-Napa USA Corner_1057x673.jpg'),(272,410,'53931-St. Maarten Cover_1057x453A.jpg'),(273,411,'36432-Napa USA Corner_1057x673.jpg'),(274,411,'69499-Napa Set1_PS_1057x453.jpg'),(275,412,'26275-Napa USA Corner_1057x673.jpg'),(276,412,'90588-Napa Set1_PS_1057x453.jpg'),(277,412,'33529-St. Maarten Cover_1057x453A.jpg'),(278,413,'50967-Chenille_1030x700A.jpg'),(279,413,'87656-Chenille_1030x700B.jpg'),(280,413,'12458-Chenille-Firm-Mattress-Quilt_1030x700.jpg'),(281,413,'47115-Made in USA_1030x700.jpg'),(282,414,'44292-Chenille_1030x700A.jpg'),(283,414,'31192-Chenille_1030x700B.jpg'),(284,414,'23296-Chenille-Firm-Mattress-Quilt_1030x700.jpg'),(285,414,'39848-Made in USA_1030x700.jpg'),(286,415,'46290-chenille-mattress_1030x700.jpg'),(287,415,'66269-Chenille_1030x700A.jpg'),(288,415,'79152-Chenille_1030x700B.jpg'),(289,415,'83103-Chenille-Firm-Mattress-Quilt_1030x700.jpg'),(290,415,'95542-Made in USA_1030x700.jpg'),(291,416,'3059-chenille-mattress_1030x700.jpg'),(292,416,'35362-Chenille_1030x700B.jpg'),(293,416,'59637-Chenille_1030x700A.jpg'),(294,416,'49142-Chenille-Firm-Mattress-Quilt_1030x700.jpg'),(295,375,'40927-chenille-mattress_1030x700.jpg'),(296,375,'44589-Chenille_1030x700B.jpg'),(297,375,'114-Chenille_1030x700A.jpg'),(298,375,'14977-Chenille-Firm-Mattress-Quilt_1030x700.jpg'),(299,417,'91171-Crystal Mattress_1030x700_Crop2.jpg'),(300,417,'16826-Crystal Mattress_1030x700_Corner.jpg'),(301,417,'85044-Crystal Mattress_1030x700_front.jpg'),(305,418,'55975-Crystal Mattress_1030x700_Crop2.jpg'),(306,418,'9559-Crystal Mattress_1030x700_Corner.jpg'),(307,418,'77114-Crystal Mattress_1030x700_front.jpg'),(311,420,'23895-Crystal Mattress_1030x700_Crop2.jpg'),(312,420,'60908-Crystal Mattress_1030x700_Corner.jpg'),(313,420,'56867-Crystal Mattress_1030x700_front.jpg'),(314,421,'7787-Crystal Mattress_1030x700_Crop2.jpg'),(315,421,'92156-Crystal Mattress_1030x700_Corner.jpg'),(316,421,'69824-Crystal Mattress_1030x700_front.jpg'),(317,422,'40001-Crystal Mattress_1030x700_Crop2.jpg'),(318,422,'38827-Crystal Mattress_1030x700_Corner.jpg'),(319,422,'99357-Crystal Mattress_1030x700_front.jpg'),(320,423,'37925-Carmel Mattress_1030x700.jpg'),(321,423,'53089-Carmel_1030x700_front.jpg'),(322,423,'82036-Carmel Mattress_1030x700 Fabric close up.jpg'),(323,424,'62516-Carmel Mattress_1030x700.jpg'),(324,424,'94646-Carmel_1030x700_front.jpg'),(325,424,'14841-Carmel Mattress_1030x700 Fabric close up.jpg'),(329,426,'61552-Value Comfort Pillow Top Mattress Quilt_1030x700.jpg'),(330,426,'79055-Made in USA_1030x700.jpg'),(331,426,'82968-Value Comfort Pillow Top Mattress set_1030x700.jpg'),(333,426,'21275-Value Comfort Pillow Top Mattress corner_1030x700.jpg'),(334,427,'26362-Value Comfort Pillow Top Mattress set_1030x700.jpg'),(336,427,'58107-Value Comfort Pillow Top Mattress corner_1030x700.jpg'),(337,427,'35787-Value Comfort Pillow Top Mattress Quilt_1030x700.jpg'),(338,427,'642-Made in USA_1030x700.jpg'),(339,428,'83028-Value Comfort Pillow Top Mattress set_1030x700.jpg'),(340,428,'45609-Value Comfort Pillow Top Mattress_1030x700.jpg'),(341,428,'71423-Value Comfort Pillow Top Mattress Quilt_1030x700.jpg'),(342,428,'32974-Made in USA_1030x700.jpg'),(343,398,'26709-St. Maarten Mattress_1030x700.jpg'),(344,398,'32663-St. Maarten Mattress_1030x700_Corner.jpg'),(345,398,'71903-StMaarten_Specs_1030x700.jpg'),(346,398,'1228-Made in USA_1030x700.jpg'),(347,399,'351-St. Maarten Mattress_1030x700.jpg'),(348,399,'84380-St. Maarten Mattress_1030x700_Corner.jpg'),(349,399,'11150-StMaarten_Specs_1030x700.jpg'),(350,399,'96064-Made in USA_1030x700.jpg'),(359,429,'14968-St. Maarten Mattress_1030x700.jpg'),(360,429,'43528-St. Maarten Mattress_1030x700_Corner.jpg'),(361,429,'84344-StMaarten_Specs_1030x700.jpg'),(362,429,'35514-Made in USA_1030x700.jpg'),(363,430,'17498-St. Maarten Mattress_1030x700.jpg'),(364,430,'67380-St. Maarten Mattress_1030x700_Corner.jpg'),(365,430,'53364-StMaarten_Specs_1030x700.jpg'),(366,430,'11391-Made in USA_1030x700.jpg'),(367,431,'79009-St. Maarten Mattress_1030x700_Corner.jpg'),(368,431,'57680-StMaarten_Specs_1030x700.jpg'),(369,431,'5352-Made in USA_1030x700.jpg'),(373,434,'50356-Biotic Pillow Top Mattress_1030x700_Crop.jpg'),(374,434,'72494-Biotic_1030x700.jpg'),(375,435,'22188-Biotic_1030x700.jpg'),(376,435,'1295-Biotic Pillow Top Mattress_1030x700_Crop.jpg'),(377,435,'13078-Biotic Top_1057x453.jpg'),(378,436,'67085-Biotic Pillow Top Mattress_1030x700_Crop.jpg'),(379,436,'46066-Biotic_1030x700.jpg'),(380,436,'64533-Biotic Top_1057x453.jpg'),(381,437,'6803-Biotic Pillow Top Mattress_1030x700_Crop.jpg'),(382,437,'62376-Biotic_1030x700.jpg'),(383,438,'18403-Biotic Pillow Top Mattress_1030x700_Crop.jpg'),(384,438,'75184-Biotic_1030x700.jpg'),(385,438,'57103-Biotic Top_1057x453.jpg'),(389,440,'87506-St. Maarten Mattress_1030x700.jpg'),(390,440,'30050-St. Maarten Mattress_1030x700_Corner.jpg'),(391,440,'2839-StMaarten_Specs_1030x700.jpg'),(392,441,'33428-St. Maarten Corner_1057x453.jpg'),(393,441,'34386-St. Maarten Mattress_1030x700.jpg'),(394,441,'72000-StMaarten_Specs_1030x700.jpg'),(395,442,'78460-St. Maarten Mattress_1030x700.jpg'),(396,442,'569-St. Maarten Mattress_1030x700_Corner.jpg'),(397,442,'13421-StMaarten_Specs_1030x700.jpg'),(399,443,'66901-Napa USA Corner_1057x673.jpg'),(400,443,'87497-Napa Top_1030x700.jpg'),(401,443,'98094-Napa Specs_1030x700.jpg'),(402,444,'86644-Napa Set1_PS copy.jpg'),(403,444,'47837-Napa Mattress Set_1030x700.jpg'),(404,444,'85922-Napa Top_1030x700.jpg'),(405,444,'50575-Napa Specs_1030x700.jpg'),(406,445,'63228-Napa USA Corner_1057x673.jpg'),(407,445,'7533-Napa Top_1030x700.jpg'),(408,445,'9790-Napa Specs_1030x700.jpg'),(409,446,'3603-Napa USA Corner_1057x673.jpg'),(410,446,'62096-Napa Top_1030x700.jpg'),(411,446,'32333-Napa Specs_1030x700.jpg'),(412,447,'59393-Napa USA Corner_1057x673.jpg'),(413,447,'29276-Napa Top_1030x700.jpg'),(414,447,'4543-Napa Specs_1030x700.jpg'),(415,448,'15783-Soft Sleep Mattress crop_1030x700.jpg'),(416,448,'3914-Soft Sleep Mattress Corner_1030x700.jpg'),(417,448,'71080-Soft Sleep Mattress Cover_1030x700.jpg'),(418,449,'30104-Soft Sleep Mattress crop_1030x700.jpg'),(419,449,'42519-Soft Sleep Mattress Corner_1030x700.jpg'),(420,449,'81739-Soft Sleep Mattress Cover_1030x700.jpg'),(421,450,'48838-Soft Sleep Mattress crop_1030x700.jpg'),(422,450,'78196-Soft Sleep Mattress Corner_1030x700.jpg'),(423,450,'27317-Soft Sleep Mattress Cover_1030x700.jpg'),(424,451,'84948-Soft Sleep Mattress crop_1030x700.jpg'),(425,451,'62648-Soft Sleep Mattress Corner_1030x700.jpg'),(426,451,'44464-Soft Sleep Mattress Cover_1030x700.jpg'),(427,452,'43520-Soft Sleep Mattress crop_1030x700.jpg'),(428,452,'69066-Soft Sleep Mattress Corner_1030x700.jpg'),(429,452,'25826-Soft Sleep Mattress Cover_1030x700.jpg'),(433,454,'58328-Miralux Mattress Plush_1030x700.jpg'),(434,454,'55449-Miralux Mattress Plush Quilt_1030x700.jpg'),(435,454,'25670-Made in USA_1030x700.jpg'),(436,455,'94466-Miralux Mattress Plush_1030x700.jpg'),(437,455,'33690-Miralux Mattress Plush Quilt_1030x700.jpg'),(438,455,'74077-Miralux Mattress Plush_Crop_1030x700.jpg'),(439,455,'2362-Made in USA_1030x700.jpg'),(443,457,'61355-Miralux Mattress Plush_1030x700.jpg'),(444,457,'71017-Miralux Mattress Plush_Crop_1030x700.jpg'),(445,457,'87940-Miralux Mattress Plush Quilt_1030x700.jpg'),(450,459,'88658-Miralux Mattress Plush_1030x700.jpg'),(451,459,'83482-Miralux Mattress Plush_Crop_1030x700.jpg'),(452,459,'12916-Miralux Mattress Plush Quilt_1030x700.jpg'),(453,459,'62015-Made in USA_1030x700.jpg'),(454,460,'72247-Miralux Mattress Plush_Crop_1030x700.jpg'),(455,460,'64364-Miralux Mattress Plush_1030x700.jpg'),(456,460,'95450-Miralux Mattress Plush Quilt_1030x700.jpg'),(457,460,'73464-Tencel.jpg'),(458,461,'22938-Bridgeton Pillow Top Mattress_ Crop.jpg'),(459,461,'63753-Bridgeton Pillow Top Mattress_Corner Crop.jpg'),(460,461,'39574-Bridgeton Pillow Top Mattress_ Cover.jpg'),(461,462,'18552-Bridgeton Pillow Top Mattress_ Crop.jpg'),(462,462,'32161-Bridgeton Pillow Top Mattress_Corner Crop.jpg'),(463,462,'78408-Bridgeton Pillow Top Mattress_ Cover.jpg'),(464,463,'76475-Bridgeton Pillow Top Mattress_ Crop.jpg'),(465,463,'38678-Bridgeton Pillow Top Mattress_Corner Crop.jpg'),(466,463,'15810-Bridgeton Pillow Top Mattress_ Cover.jpg'),(467,465,'78098-Bridgeton Pillow Top Mattress_ Crop.jpg'),(468,465,'9507-Bridgeton Pillow Top Mattress_Corner Crop.jpg'),(469,465,'38452-Bridgeton Pillow Top Mattress_ Cover.jpg'),(470,466,'16765-Crystal Mattress_1030x700_Crop.jpg'),(471,466,'88981-Crystal Mattress Front_1030x700.jpg'),(472,466,'26854-Crystal Mattress Top_1030x700.jpg'),(473,467,'71660-Crystal Mattress_1030x700_Crop.jpg'),(474,467,'36849-Crystal Mattress Top_1030x700.jpg'),(475,467,'26015-Crystal Mattress Front_1030x700.jpg'),(476,468,'62018-Crystal Mattress_1030x700_Crop.jpg'),(477,468,'76654-Crystal Mattress Top_1030x700.jpg'),(478,468,'49993-Crystal Mattress Front_1030x700.jpg'),(479,469,'88615-lon.jpg'),(480,470,'74186-good-morning-starshine.jpg'),(481,423,'64812-Email_Leave.png'),(482,471,'73054-good-morning-starshine.jpg');
/*!40000 ALTER TABLE `sdmatts_image_gallery` ENABLE KEYS */;
UNLOCK TABLES;

--
-- Table structure for table `sdmatts_images`
--

DROP TABLE IF EXISTS `sdmatts_images`;
/*!40101 SET @saved_cs_client     = @@character_set_client */;
/*!40101 SET character_set_client = utf8 */;
CREATE TABLE `sdmatts_images` (
  `img_id` int(11) NOT NULL AUTO_INCREMENT,
  `img_title` varchar(100) NOT NULL,
  `img_path` varchar(255) NOT NULL,
  PRIMARY KEY (`img_id`),
  KEY `furniture_id` (`img_title`)
) ENGINE=InnoDB AUTO_INCREMENT=2 DEFAULT CHARSET=latin1;
/*!40101 SET character_set_client = @saved_cs_client */;

--
-- Dumping data for table `sdmatts_images`
--

LOCK TABLES `sdmatts_images` WRITE;
/*!40000 ALTER TABLE `sdmatts_images` DISABLE KEYS */;
INSERT INTO `sdmatts_images` VALUES (1,'Page1','50311490007529good-morning-starshine.jpg');
/*!40000 ALTER TABLE `sdmatts_images` ENABLE KEYS */;
UNLOCK TABLES;

--
-- Table structure for table `sdmatts_order`
--

DROP TABLE IF EXISTS `sdmatts_order`;
/*!40101 SET @saved_cs_client     = @@character_set_client */;
/*!40101 SET character_set_client = utf8 */;
CREATE TABLE `sdmatts_order` (
  `order_id` int(11) NOT NULL AUTO_INCREMENT,
  `user_id` int(11) NOT NULL,
  `order_gen_id` varchar(255) NOT NULL,
  `order_date` date NOT NULL,
  `name` varchar(255) NOT NULL,
  `user_email` varchar(255) NOT NULL,
  `user_phone` varchar(255) NOT NULL,
  `user_address` varchar(255) NOT NULL,
  `bill_state` varchar(255) NOT NULL,
  `bill_city` varchar(255) NOT NULL,
  `bill_pin` varchar(255) NOT NULL,
  `ship_name` varchar(255) NOT NULL,
  `ship_email` varchar(255) NOT NULL,
  `ship_address` varchar(255) NOT NULL,
  `ship_contact` varchar(255) NOT NULL,
  `ship_city` varchar(255) NOT NULL,
  `ship_state` varchar(255) NOT NULL,
  `ship_pin` varchar(255) NOT NULL,
  `total_amt` varchar(255) NOT NULL,
  `ipn_track_id` varchar(255) NOT NULL,
  `order_transaction_id` varchar(255) NOT NULL,
  `order_payment_status` enum('Paid','Not Paid') NOT NULL,
  PRIMARY KEY (`order_id`)
) ENGINE=InnoDB AUTO_INCREMENT=107 DEFAULT CHARSET=latin1;
/*!40101 SET character_set_client = @saved_cs_client */;

--
-- Dumping data for table `sdmatts_order`
--

LOCK TABLES `sdmatts_order` WRITE;
/*!40000 ALTER TABLE `sdmatts_order` DISABLE KEYS */;
INSERT INTO `sdmatts_order` VALUES (100,65,'MAT1475855524','2016-10-07','Darren Newell','darren@mattresssd.com','619-210-3714',' 601-C E. Palomar #423\r\nChula Vista, Ca. 91911','Ca','Chula vista','91911','Darren Newell','darren@mattresssd.com','601-C E. Palomar #423\r\nChula Vista, Ca. 91911','619-210-3714','Ca','Chula vista','91911','1.00','11','1','Paid'),(101,0,'MAT1477634734','2016-10-28','k','hgk@dry.gh','5463542',' hgj','','','','hgk','fghgj@fe.gj','ghj','32','','','','58.41','','','Not Paid'),(102,0,'MAT1477634734','2016-10-28','','','','','','','','','','','','','','','','','','Not Paid'),(103,65,'MAT1485412445','2017-01-26','Darren Newell','darren@mattresssd.com','619-210-3714',' 601-C E. Palomar #423\r\nChula Vista, Ca. 91911','','','','','','','','','','','98.00','','','Not Paid'),(104,75,'MAT1486362294','2017-02-06','Darren Newell','darren@mattresssd.com','6192103714',' 601-c e. palomar #423\r\nChula Vista, Ca. 91911','Ca','Chula Vista','91911','Darren Newell','darren@mattresssd.com','601-c e. palomar #423\r\nChula Vista, Ca. 91911','6192103714','Ca','Chula Vista','91911','12.00','','','Not Paid'),(105,65,'MAT1486679996','2017-02-09','Darren Newell','darren@mattresssd.com','619-210-3714',' 601-C E. Palomar #423\r\nChula Vista, Ca. 91911','','','','','','','','','','','98.00','11','1','Paid'),(106,75,'MAT1486681618','2017-02-09','Darren Newell','darren@mattresssd.com','6192103714',' 601-c e. palomar #423\r\nChula Vista, Ca. 91911','','','','','','','','','','','12.00','','','Not Paid');
/*!40000 ALTER TABLE `sdmatts_order` ENABLE KEYS */;
UNLOCK TABLES;

--
-- Table structure for table `sdmatts_order_detail`
--

DROP TABLE IF EXISTS `sdmatts_order_detail`;
/*!40101 SET @saved_cs_client     = @@character_set_client */;
/*!40101 SET character_set_client = utf8 */;
CREATE TABLE `sdmatts_order_detail` (
  `order_detail_id` int(11) NOT NULL AUTO_INCREMENT,
  `user_id` int(11) NOT NULL,
  `order_gen_id` varchar(255) NOT NULL,
  `furniture_id` int(11) NOT NULL,
  `sub_product_id` int(11) NOT NULL,
  `unit_price` float(11,2) NOT NULL,
  `quantity` int(5) NOT NULL,
  `total_price` float(11,2) NOT NULL,
  PRIMARY KEY (`order_detail_id`)
) ENGINE=InnoDB AUTO_INCREMENT=67 DEFAULT CHARSET=latin1;
/*!40101 SET character_set_client = @saved_cs_client */;

--
-- Dumping data for table `sdmatts_order_detail`
--

LOCK TABLES `sdmatts_order_detail` WRITE;
/*!40000 ALTER TABLE `sdmatts_order_detail` DISABLE KEYS */;
INSERT INTO `sdmatts_order_detail` VALUES (1,0,'MAT1414760927',7,0,200.00,1,200.00),(2,0,'MAT1414762166',257,0,98000.00,1,98000.00),(3,0,'MAT1414766917',257,0,98000.00,1,98000.00),(4,63,'MAT1415254922',257,0,98000.00,1,98000.00),(5,64,'MAT1467200401',257,0,98000.00,1,98000.00),(6,64,'MAT1467200401',6,0,1200.00,1,1200.00),(7,64,'MAT1467200401',259,0,98000.00,1,98000.00),(8,64,'MAT1467201199',257,0,98000.00,1,98000.00),(9,64,'MAT1467201199',6,0,1200.00,1,1200.00),(10,64,'MAT1467201199',7,0,200.00,1,200.00),(11,64,'MAT1467202796',257,0,98000.00,1,98000.00),(12,64,'MAT1467206729',6,0,1200.00,1,1200.00),(13,64,'MAT1467206729',257,0,98000.00,1,98000.00),(14,64,'MAT1467206729',260,0,4950.00,1,4950.00),(15,0,'MAT1467450514',257,0,98000.00,1,98000.00),(16,0,'MAT1467450736',258,0,98000.00,1,98000.00),(17,0,'MAT1467451861',259,0,98000.00,1,98000.00),(18,0,'MAT1467453361',260,0,4950.00,1,4950.00),(19,0,'MAT1467453391',257,0,98000.00,1,98000.00),(20,0,'MAT1467453418',260,0,4950.00,1,4950.00),(21,0,'MAT1467453670',258,0,98000.00,1,98000.00),(22,0,'MAT1467454011',258,0,98000.00,1,98000.00),(23,0,'MAT1467456775',257,0,98000.00,1,98000.00),(24,0,'MAT1467456813',263,0,11780.50,1,11780.50),(25,0,'MAT1467456872',258,0,98000.00,1,98000.00),(26,0,'MAT1467458751',262,0,1884.80,1,1884.80),(27,0,'MAT1467459888',257,0,98000.00,1,98000.00),(28,0,'MAT1467460083',257,0,98000.00,1,98000.00),(29,0,'MAT1467461457',259,0,98000.00,1,98000.00),(30,0,'MAT1467461549',257,0,98000.00,1,98000.00),(31,0,'MAT1467622164',263,0,11780.50,1,11780.50),(32,0,'MAT1467877614',257,0,98000.00,1,98000.00),(33,0,'MAT1467877614',261,0,1600.00,1,1600.00),(34,0,'',261,0,1600.00,1,1600.00),(35,0,'',0,6,1200.00,1,1200.00),(36,0,'MAT1467969040',0,8,200000.00,1,200000.00),(37,0,'MAT1467969094',0,9,200000.00,1,200000.00),(38,0,'MAT1467969160',0,8,200000.00,1,200000.00),(39,0,'MAT1467969307',0,8,200000.00,1,200000.00),(40,0,'MAT1467981578',257,0,98000.00,1,98000.00),(41,0,'MAT1467981578',0,6,1200.00,1,1200.00),(42,0,'MAT1467981578',263,0,11780.50,1,11780.50),(43,0,'MAT1467981578',0,10,2589.00,1,2589.00),(44,0,'MAT1467981735',270,0,606.36,1,606.36),(45,0,'MAT1467981735',0,9,200000.00,1,200000.00),(46,0,'MAT1467981735',258,0,98000.00,1,98000.00),(47,0,'MAT1467981928',257,0,98000.00,1,98000.00),(48,0,'MAT1467982251',258,0,98000.00,1,98000.00),(49,0,'MAT1467982375',270,0,606.36,1,606.36),(50,0,'MAT1467982643',0,7,200.00,1,200.00),(51,0,'MAT1467982846',0,9,200000.00,1,200000.00),(52,0,'MAT1469520006',258,0,98000.00,1,98000.00),(53,0,'MAT1469523503',257,0,98000.00,1,98000.00),(54,0,'MAT1469523612',257,0,98000.00,1,98000.00),(55,0,'MAT1469523828',0,0,200.00,1,200.00),(56,0,'MAT1471340336',0,9,200000.00,1,200000.00),(57,0,'MAT1471356077',0,9,200000.00,1,200000.00),(58,0,'MAT1471356979',270,0,606.36,1,606.36),(59,64,'MAT1473081882',325,0,4368.10,1,4368.10),(60,64,'MAT1473082001',324,0,2938.50,1,2938.50),(61,65,'MAT1475855524',333,0,1.00,1,1.00),(62,0,'MAT1477634734',332,0,58.41,1,58.41),(63,65,'MAT1485412445',0,33,98.00,1,98.00),(64,75,'MAT1486362294',0,16,12.00,1,12.00),(65,65,'MAT1486679996',0,14,12.00,1,12.00),(66,75,'MAT1486681618',0,14,12.00,1,12.00);
/*!40000 ALTER TABLE `sdmatts_order_detail` ENABLE KEYS */;
UNLOCK TABLES;

--
-- Table structure for table `sdmatts_order_temp`
--

DROP TABLE IF EXISTS `sdmatts_order_temp`;
/*!40101 SET @saved_cs_client     = @@character_set_client */;
/*!40101 SET character_set_client = utf8 */;
CREATE TABLE `sdmatts_order_temp` (
  `order_id` int(11) NOT NULL AUTO_INCREMENT,
  `user_id` int(11) NOT NULL,
  `session_id` varchar(255) NOT NULL,
  `name` varchar(255) NOT NULL,
  `user_email` varchar(255) NOT NULL,
  `user_phone` varchar(255) NOT NULL,
  `user_address` varchar(255) NOT NULL,
  `bill_state` varchar(255) NOT NULL,
  `bill_city` varchar(255) NOT NULL,
  `bill_pin` varchar(255) NOT NULL,
  `ship_name` varchar(255) NOT NULL,
  `ship_email` varchar(255) NOT NULL,
  `ship_address` varchar(255) NOT NULL,
  `ship_contact` varchar(255) NOT NULL,
  `ship_city` varchar(255) NOT NULL,
  `ship_state` varchar(255) NOT NULL,
  `ship_pin` varchar(255) NOT NULL,
  `total_amt` varchar(255) NOT NULL,
  PRIMARY KEY (`order_id`)
) ENGINE=InnoDB AUTO_INCREMENT=20 DEFAULT CHARSET=latin1;
/*!40101 SET character_set_client = @saved_cs_client */;

--
-- Dumping data for table `sdmatts_order_temp`
--

LOCK TABLES `sdmatts_order_temp` WRITE;
/*!40000 ALTER TABLE `sdmatts_order_temp` DISABLE KEYS */;
INSERT INTO `sdmatts_order_temp` VALUES (2,0,'qlo9hd9g4nqug5gg74u0er8ju4','yyyyyy','yyyy@yy.yy','67356',' ztjxj','aretu','xdfgj','346','yyyyyy','yyyy@yy.yy','ztjxj','67356','aretu','xdfgj','346','4950.00'),(3,0,'qlo9hd9g4nqug5gg74u0er8ju4','yyyyyy','yyyy@yy.yy','67356',' ztjxj','aretu','xdfgj','346','yyyyyy','yyyy@yy.yy','ztjxj','67356','aretu','xdfgj','346','4950.00'),(4,1,'aa91c8c4cc0b69397ae85e0c6e8201fd','1','1','1',' 1','1','1','1','1','1','1','1','1','1','1',''),(6,1,'257489aac89f9c4ed18672086876e8c8','1','1','1',' 1','1','1','1','1','1','1','1','1','1','1',''),(7,1,'9acc4832aa43438c0d2ce4139d7fd0d5','1','1','1',' 1','1','1','1','1','1','1','1','1','1','1',''),(8,1,'207a21f3b4e27304f37f0c860a63f88f','1','1','1',' 1','1','1','1','1','1','1','1','1','1','1',''),(9,1,'727815ab3fd4beee60465d8398cc1cae','1','1','1',' 1','1','1','1','1','1','1','1','1','1','1',''),(17,75,'17a0a12eda2ab15fdf84cae122766082','Darren Newell','dnewell1798@gmail.com','6192103714',' 601-c e. palomar #423\r\nChula Vista, Ca. 91911','California','Chula Vista','91913','Darren Newell','dnewell1798@gmail.com','601-c e. palomar #423\r\nChula Vista, Ca. 91911','6192103714','California','Chula Vista','91913','12.00'),(18,0,'685a7747b837c971a20c5b14067d2737','test','test','3434',' test','test','test','3434','test','test','test','3434','test','test','3434','98'),(19,0,'685a7747b837c971a20c5b14067d2737','test','test','3434',' test','test','test','3434','test','test','test','3434','test','test','3434','98');
/*!40000 ALTER TABLE `sdmatts_order_temp` ENABLE KEYS */;
UNLOCK TABLES;

--
-- Table structure for table `sdmatts_page`
--

DROP TABLE IF EXISTS `sdmatts_page`;
/*!40101 SET @saved_cs_client     = @@character_set_client */;
/*!40101 SET character_set_client = utf8 */;
CREATE TABLE `sdmatts_page` (
  `page_id` int(11) NOT NULL AUTO_INCREMENT,
  `page_title` varchar(255) NOT NULL,
  `overview` text NOT NULL,
  `page_detail` text NOT NULL,
  `meta_tag` varchar(255) NOT NULL,
  `meta_title` varchar(255) NOT NULL,
  `page_status` enum('Active','Inactive') NOT NULL,
  `page_type` varchar(255) NOT NULL,
  `date` date NOT NULL,
  PRIMARY KEY (`page_id`)
) ENGINE=InnoDB AUTO_INCREMENT=13 DEFAULT CHARSET=latin1;
/*!40101 SET character_set_client = @saved_cs_client */;

--
-- Dumping data for table `sdmatts_page`
--

LOCK TABLES `sdmatts_page` WRITE;
/*!40000 ALTER TABLE `sdmatts_page` DISABLE KEYS */;
INSERT INTO `sdmatts_page` VALUES (1,'contact','<ul> <li><strong><a href=\"http://localhost/mattress_yii\">619.210.3714</a></strong></li> <li><a href=\"http://localhost/mattress_yii\">707 L St.</a></li> <li><a href=\"http://localhost/mattress_yii\">Chula Vista, Ca. 91911</a></li> <li><a href=\"http://localhost/mattress_yii\">*L Stret Storage</a></li></ul>','<p><span style=\"font-size:24px\"><span style=\"color:#b22222\"><strong>I&#39;m Not at Location! </strong></span></span></p>\r\n\r\n<p>&nbsp;</p>\r\n\r\n<h1>Please Call or Text Darren First To Meet</h1>\r\n\r\n<p>&nbsp;</p>\r\n\r\n<h1>619-210-3714</h1>\r\n\r\n<h1>Showroom Located at:</h1>\r\n\r\n<h1>L Street Storage</h1>\r\n\r\n<h1>707 L St.<br />\r\nChula Vista, Ca. 91911</h1>\r\n\r\n<p>&nbsp;</p>\r\n\r\n<h2><a href=\"https://www.yelp.com/biz/mattress-store-san-diego-chula-vista-13\">Over 193 5-Star Yelp Reviews!</a>&nbsp;</h2>\r\n\r\n<h3>Mattress Store San Diego has no retail sales people, you deal directly with Darren, no fancy retail store and huge over head to pay- just great service with high quality beds at a fraction of the cost of the typical retail mattress store.</h3>\r\n\r\n<h3>I also offer beds and furniture, many in stock and more by special order!</h3>\r\n','This feature allows Meta Tag is to show up in the Page Source of website','Mattress Store San Diego | Contact Us','Active','aaaaa','2016-10-24'),(2,'Why Us ?','<p>\r\n dfdfd</p>\r\n','<h1>\n WHAT MAKES US UNIQUE</h1>\n<br />\n<h2>\n Huge Selection</h2>\n<p>\n With over 150 Living Rooms, 115 Dining Rooms, and 100 Bedrooms, we have a huge selection of the best brands to meet any design style.</p>\n<h2>\n Every Day Low Prices</h2>\n<p>\n We&#39;re committed to offering the lowest possible prices on furniture. Our 10% Price Guarantee backs that up.</p>\n<h2>\n One Low, Flat Delivery Fee</h2>\n<p>\n Delivery and assembly of unlimited items for one low, flat delivery fee. Same day delivery available in certain areas for funiture purchases made before 4:00p.m.</p>\n<h2>\n Fun Room</h2>\n<p>\n We have a supervised kid&#39;s fun room where children over 42 inches tall can watch movies and play video games while their parents shop unencumbered.</p>\n<h2>\n Shoppertainment</h2>\n<p>\n Enjoy our theater-sized big screens from our sea of recliners with some complementary Starbucks coffee..</p>\n<h2>\n Accessories</h2>\n<p>\n We have accessories to spice up every room in your home: lamps, plants, artwork, mirrors and many more. Stop by one of our store locations to view our full line of accessories today.</p>\n<h2>\n Gift Cards</h2>\n<p>\n With fully customizable amounts, gift cards are a great gift idea for that someone in need of some new home furnishings. Only available in store, please see a cashier for details.</p>\n','fdf','dfd','Active','information','2006-10-14'),(3,'Privacy Policy','<p>\r\n fsdf</p>\r\n','<h2>\r\n &nbsp;</h2>\r\n<h4>\r\n <span style=\"color:#daa520;\"><span style=\"font-size: 36px;\">Privacy Policy</span></span></h4>\r\n<p>\r\n &nbsp;</p>\r\n<h2>\r\n What is Personal Information?</h2>\r\n<p>\r\n Personal information is information that specifically identifies an individual such as a customer&rsquo;s name, address, telephone number, e&ndash;mail address, credit card or other account number, and information about that individual&rsquo;s activities when directly linked to that person, such as information about his or her purchases. Personal information also includes demographic information such as date of birth, gender, geographic area and preferences when such information is linked to other personal information that identifies you.</p>\r\n<p>\r\n Personal information does not include &ldquo;aggregate&rdquo; information. Aggregate information is data we collect about a group or category of products, services or customers, from which individual customer identities have been removed. In other words, information about how you use a service may be collected and combined with information about how others use the same service, but no personal information will be included in the resulting data. Likewise, information about the products you purchase may be collected and combined with information about the products purchased by others. Aggregate data helps us understand trends and customer needs so that we can better consider new products and services, and tailor existing products and services to customer desires.</p>\r\n<hr />\r\n<h2>\r\n Personal Information We Collect</h2>\r\n<p>\r\n You provide personal information to us in a number of ways when you visit our Site. For example, you provide us with personal information when you: (1) purchase products and services, (2) create an user account, (3) sign up for our email list or electronic newsletters, (3) participate in surveys, sweepstakes, and promotions, (4) create a wish list, (5) elect to share content from this website with your friends,(6) register on our site and create an account using already established social networking accounts such as Facebook and Twitter, (7) submit a warranty registration, and (8) contact us by email for any reason (such as to request customer service or provide us with your comments/feedback). We collect your name, billing and shipping addresses, email address, friend&#39;s email address, phone number, fax number, credit card information, login information, order information, wish list, and payment settings in this manner. We also collect personal information from you if you submit an online job application or resume to us, including your name and email address, as well as other employment related information that you provide to us at your option.</p>\r\n<p>\r\n When you visit our Site, some information is also automatically collected, such as your computer&rsquo;s Internet Protocol (IP) address, your computer&rsquo;s operating system, the browser type, the address of a referring web site, and the time and date of your visit and purchases. This information is collected through the use of &ldquo;cookies.&rdquo; Cookies are small files that are stored on your computer by a web site to give you a unique identification. We use cookies on our Site to help optimize your shopping experience by storing information about your preferences, allowing us to customize our site according to your individual interests, to speed up your searches, and to recognize you when you return to our site. For example, we use cookies to keep track of your shopping cart and to store your shipping information for delivery of future orders. We treat this information as personal information if we combine it with or link it to any of the personally identifying information mentioned above. Otherwise, it is used in the aggregate only.</p>\r\n<p>\r\n You may refuse to accept cookies by activating the setting on your browser which allows you to refuse the setting of cookies. However, if you select this setting you may be unable to access certain parts of our site.</p>\r\n<p>\r\n We also use &quot;pixel tags&quot; on our site (also known as &quot;Internet tags&quot;, &quot;web beacons&quot;, or &quot;clear GIFS&quot;), which are tiny graphic images. Pixel tags help us analyze our customers&#39; online behavior and measure the effectiveness of our website and our advertising. We work with service providers that help us track, collect, and analyze this information.</p>\r\n<hr />\r\n<h2>\r\n How We Use Personal Information</h2>\r\n<p>\r\n In general, we use personal information to process your requests or transactions and provide you with high-quality products and services or to inform you about other products or services we think will be of interest. For example, we use your information to deliver products or provide services you have purchased. When we use personal information in our internal marketing efforts, we provide you with choices (See Choice below) and do not disclose the information to third parties except as described in this privacy policy. We may also receive information from third parties with whom we have business relationships, and will combine this information with the other personal information we maintain about you. In such cases, this privacy policy governs this information.</p>\r\n<p>\r\n Pixel tags on our site may be used to collect information about your visit, included the pages you view, the features you use, the links you click, and other actions you take in connection with the site. This information may include your computer&#39;s IP address, your browser type, your operating system, date and time information, and other technical information about your computer. We may also track certain information about the identity of the website you visited immediately before coming to our site.</p>\r\n<p>\r\n Pixel tags and cookies in our emails to you may be used to track your interactions with those messages, such as when you receive, open, or click a link in an email message from us.</p>\r\n<p>\r\n We also work with business partners that use tracking technologies to deliver advertisements on our behalf across the Internet. These companies may collect information about your visits to our site and your inter action with our advertising and other communications.</p>\r\n<p>\r\n We may combine the information we collect through cookies and pixel tags with other information we have collected from you. This information may be used to improve our website, to personalize your online experience, to help us deliver information to you, to determine the effectiveness of our advertising, and for other internal business purposes.</p>\r\n<hr />\r\n<h2>\r\n Sharing of Personal Information</h2>\r\n<p>\r\n We do not sell, rent or share personal information with third parties without your prior consent except in the limited circumstances described in this privacy policy. We share personal information with third-party vendors who assist us in performing internal functions necessary to operate our business. These functions may include, for example, distributing emails, managing a database of customer information, providing fraud prevention, analyzing data, providing marketing assistance, processing credit card payments and fulfilling/delivering orders. We require our third party vendors to keep such information confidential and to only use the information for the purpose it was provided. We are not responsible for any additional information you provide directly to these parties, and we encourage you to become familiar with their practices before disclosing information directly to them.</p>\r\n<p>\r\n In addition, information about our customers, including personally identifiable information, may be disclosed as part of any merger, acquisition, debt financing, sale of company assets, as well as in the event of an insolvency, bankruptcy or receivership in which personally identifiable information could be transferred to third parties as one of the business assets of the company.</p>\r\n<p>\r\n We also disclose personal information when we believe it is appropriate to comply with the law (e.g., a lawful subpoena, warrant or court order); to enforce or apply this privacy policy or our other policies or agreements; to initiate, render, bill, and collect for amounts owed to us; to protect our or our customers&acute; rights, property or safety; to protect our customers from fraudulent, abusive, or unlawful use of our Site; or if we reasonably believe that an emergency involving immediate danger of death or serious physical injury to any person requires disclosure of communications or justifies disclosure of records without delay.</p>\r\n<p>\r\n In addition, information about our customers, including personally identifiable information, may be disclosed as part of any merger, acquisition, debt financing, sale of company assets, as well as in the event of an insolvency, bankruptcy or receivership in which personally identifiable information could be transferred to third parties as one of the business assets of the company.</p>\r\n<hr />\r\n<h2>\r\n Links to Other Web Sites</h2>\r\n<p>\r\n Our Site contains links to other web sites. Any personal information you provide on the linked pages is provided directly to that third party and is subject to that third party&#39;s privacy policy. Except as described above, we are not responsible for the content or privacy and security practices and policies of web sites to which we link. Links from our web site to third parties or to other sites are provided for your convenience. We encourage you to learn about their privacy and security practices and policies before providing them with personal information.</p>\r\n<hr />\r\n<h2>\r\n Use of our Site by Children</h2>\r\n<p>\r\n We encourage parents to take an active interest in their children&rsquo;s use of the Internet. Our site is not meant for children and we do not intend to collect information from children who are under 16 years of age. If you are under 16, you should not provide information on our Site and should ask your parent to do so for you.</p>\r\n<hr />\r\n<h2>\r\n Security</h2>\r\n<p>\r\n We have put into place reasonable security measures in an effort to protect personal information while it is under our control. All personal information relating to our customers is stored in a secure environment separate from our Site.</p>\r\n<hr />\r\n<h2>\r\n Choice</h2>\r\n<p>\r\n We give you the following options to opt-out of receiving communications from us or to request that we correct or delete your personal information: (1) contact our customer service department by phone at 700-200-405 (2) email us at <a href=\"mailto:customerservice@sleeptrain.com\">customerservice@sleeptrain.com</a>; or (3) write to us at the following address with your request:</p>\r\n<p>\r\n <a href=\"http://localhost/mattress_yii_old\">619.210.3714</a></p>\r\n<p>\r\n <a href=\"http://localhost/mattress_yii_old\">707 L St. #C108</a></p>\r\n<p>\r\n <a href=\"http://localhost/mattress_yii_old\">Chula Vista, Ca. 91911</a></p>\r\n<p>\r\n <a href=\"http://localhost/mattress_yii_old\">*L Stret Storage</a></p>\r\n<p>\r\n If, in the future, we decide to share personal information with any third parties for their own marketing purposes, we will update this privacy policy to reflect such change and provide you with the opportunity to opt-out of such disclosure of your personal information.</p>\r\n<hr />\r\n<h2>\r\n Policy Changes</h2>\r\n<p>\r\n We will periodically modify our Privacy Policy so that it remains relevant and current with changing technologies, applicable laws, evolving business practices, and the needs of our customers. Whenever we modify our privacy policy, we will post the revised policy here, with an updated revision date. If we make material changes to the policy or in how we will use your personal information, we will also notify you by other means, such as sending an email and/or posting a notice on our corporate website and/or social media pages prior to the changes taking effect. We will also keep prior versions of this Privacy Policy in an archive for your review. We encourage you to periodically review the privacy statements for the products and services you use to learn how we are protecting your information. If you continue to use our website after notice of the change has been given, you will be deemed to have accepted such changes.</p>\r\n<hr />\r\n<h2>\r\n Your Comments or Concerns</h2>\r\n<p>\r\n We welcome your feedback. If you have any comments or concerns about this privacy policy or would like to contact us for any reason, you may reach a customer service representative via e-mail at <a class=\"ApplyClass\" href=\"mailto:customerservice@sleeptrain.com\">mattress@gmail.com</a> or phone at 98546745625.</p>\r\n<p>\r\n You may unsubscribe from our emails by clicking on the Unsubscribe hyperlink at the bottom of the email. We will note in our database that you have elected to opt out of future emails from our company. Your record will still remain in our database but you will not receive any future mailings unless we manually opt you back in. You may also choose to opt out of emails by sending an email to us at <a class=\"ApplyClass\" href=\"mailto:customerservice@sleeptrain.com\">mattress@gmail.com</a>. If you choose to opt out with this method, please be sure to include the email address that you would like us to unsubscribe.</p>\r\n<p>\r\n This web-site tracks users to personalize and optimize your browsing experience. You may opt out of this tracking by clicking the link below. This will set a cookie in your browser that will turn off this tracking. Please note that if you delete your cookies, use a different browser, or buy a new computer, you will have to opt out again.</p>\r\n','fdf','dfd','Active','ffd','2014-10-06'),(4,'Delivery','<p>\r\n ds</p>\r\n','<h1>\n <span style=\"color:#faba5b;\">Delivery</span></h1>\n<h2>\n Free Same Day Delivery</h2>\n<p>\n <img align=\"right\" alt=\"Mattress in a home\" height=\"275\" hspace=\"10\" src=\"http://demandware.edgesuite.net/aaor_prd/on/demandware.static/Sites-SleepTrain-Site/Sites-SleepTrain-Library/default/v1412369656715/images/education/delivery-bedroom.jpg\" vspace=\"10\" width=\"350\" />Within any of our local delivery zones, purchase any in-stock item by 2 pm, and our professional red carpet delivery team will deliver your mattress for free the same day. Our delivery team will remove your old mattress, set up your new one and even wear cloth booties to ensure that your home stays clean &mdash; all at no cost to you! Delivery service is available 7 days a week.</p>\n<p>\n <em>Soft goods may be shipped via UPS if they are not purchased with a mattress. Same day delivery is not available in some outlying areas. Please call (800) 378-2337 or chat with us if you have any questions.</em></p>\n<h2>\n Free Delivery (Out-of-Market)</h2>\n<p>\n With Sleep Train, you can enjoy free delivery of your purchase anywhere in the continental U.S. Our delivery team will deliver and set up your new mattress within 1-4 weeks of the earliest date you are available to receive your product. You will be contacted within 3 weeks of your order to schedule a delivery time.</p>\n<p>\n All deliveries include set up in the room of your choice (including up to 2 flights of stairs), removal of packaging and the removal of one mattress set. Further accommodations can be requested at the time of delivery for additional fees. If you miss your agreed upon delivery time, you will be charged a $99 re-delivery fee.</p>\n<h2>\n Free Shipping</h2>\n<p>\n Small items such as sheets and pillows may be shipped to you separately by an external shipping carrier.</p>\n<h3>\n Preparing your home for delivery</h3>\n<p>\n With just a few minor preparations, your home will be ready for delivery of your new mattress set:</p>\n<ul>\n <li>\n Clear a delivery path from your front door to your bedroom &mdash; removing obstructions such as furniture, breakables and valuables.</li>\n <li>\n If the delivery path includes narrow hallways or stairs that may introduce the potential for damage to your home or new mattress, the delivery team may ask you to sign a damage waiver in order to proceed with delivery.</li>\n <li>\n Contain any house pets in a safe place during the delivery and set up of your new mattress set.</li>\n <li>\n We require that the person receiving and signing the delivery acknowledgment must be at least 18 years of age.</li>\n <li>\n Sleep Train must verify the identity of all C.O.D. customers. We require that all C.O.D. customers be present, with valid I.D. at the time of delivery. Local delivery areas only.</li>\n <li>\n Due to the limited allocation of space on our delivery trucks, we are unable to remove more items than are delivered.</li>\n</ul>\n','ds','xcx','Active','information','2014-10-06'),(5,'Warranty','<p>\r\n fdf</p>\r\n','<h1>\n <span style=\"color:#faba5b;\">Mattress Warranty</span></h1>\n<p>\n Sometimes even the best quality products will show early signs of wear, tear or manufacturer defect. During and beyond your 100-night comfort exchange period, the majority of products we sell are covered by national manufacturer&#39;s warranties. Below are several videos to review when considering a warranty claim.</p>\n','fgf','gfg','Active','information','2006-10-14'),(6,'satisfection','<p>\r\n sdsdsd</p>\r\n','<h4>\r\n Satisfection Assurance</h4>\r\n<p>\r\n &nbsp;</p>\r\n<p>\r\n Getting a good night&rsquo;s sleep on a mattress often comes down to one key factor: design of the coil. Sherwood mattresses feature an innovative open coil design that provides up to 21% more support than conventional mattresses.</p>\r\n<p>\r\n Why is the coil so important? The coil in a mattress supports your body, surrounding it with comfort.</p>\r\n<p>\r\n The core of any mattress is its support system, and most mass-market mattresses feature variants of an 80-year-old, Great Depression-era design. These spring units don&rsquo;t offer the consistent, edge-to-edge support for your body.</p>\r\n<p>\r\n Many sleepers move upwards to 35 times in a single night. And, if you share a bed, that&rsquo;s close to 70 adjustments. On a traditional innerspring</p>\r\n<p>\r\n &lt;h4&gt; Satisfection Assurance&lt;/h4&gt;</p>\r\n<p>\r\n mattress, you&rsquo;ll likely feel those disturbances. Sherwood mattresses feature a luxurious pocketed spring coil system. This allows each spring to respond independently to the shape of your body and improve conformance while virtually eliminating sleep-disturbing motion transfer. Our coil system creates a world of good for your back and spine, in and out of bed. It provides years of comfortable sleep.</p>\r\n','hg','hgh','Active','information','2014-10-06'),(7,'How To Buy A Mattress  ','<p>Arrange a SLEEP  Test</p>','<h1>HOW TO BUY A MATTRESS</h1>\r\n\r\n<p>&nbsp;</p>\r\n\r\n<h2>Huge Selection</h2>\r\n\r\n<p>&nbsp;</p>\r\n\r\n<p>With over 150 Living Rooms, 115 Dining Rooms, and 100 Bedrooms, we have a huge selection of the best brands to meet any design style.</p>\r\n\r\n<h2>Every Day Low Prices</h2>\r\n\r\n<p>We&#39;re committed to offering the lowest possible prices on furniture. Our 10% Price Guarantee backs that up.</p>\r\n\r\n<h2>One Low, Flat Delivery Fee</h2>\r\n\r\n<p>Delivery and assembly of unlimited items for one low, flat delivery fee. Same day delivery available in certain areas for funiture purchases made before 4:00p.m.</p>\r\n\r\n<h2>Fun Room</h2>\r\n\r\n<p>We have a supervised kid&#39;s fun room where children over 42 inches tall can watch movies and play video games while their parents shop unencumbered.</p>\r\n\r\n<h2>Shoppertainment</h2>\r\n\r\n<p>Enjoy our theater-sized big screens from our sea of recliners with some complementary Starbucks coffee..</p>\r\n\r\n<h2>Accessories</h2>\r\n\r\n<p>We have accessories to spice up every room in your home: lamps, plants, artwork, mirrors and many more. Stop by one of our store locations to view our full line of accessories today.</p>\r\n\r\n<h2>Gift Cards</h2>\r\n\r\n<p>With fully customizable amounts, gift cards are a great gift idea for that someone in need of some new home furnishings. Only available in store, please see a cashier for details.</p>\r\n','How To Buy A Mattress  ','How To Buy A Mattress  ','Active','How To Buy A Mattress  ','2016-05-05'),(8,'Why Buy From Us?','<p>    dfdfd</p>','<h1><strong>Why buy a mattress from us?</strong></h1>\r\n\r\n<h1>&nbsp;</h1>\r\n\r\n<h2><strong>The best thing about Mattress Store San Diego is&hellip;. &nbsp;We&rsquo;re not a mattress store! &nbsp;</strong></h2>\r\n\r\n<h3>&nbsp;</h3>\r\n\r\n<h3><strong>Just the best way to buy a really nice mattress and save you money</strong></h3>\r\n\r\n<h3>&nbsp;</h3>\r\n\r\n<h3><strong>Why?</strong></h3>\r\n\r\n<p>&nbsp;</p>\r\n\r\n<ul>\r\n	<li><span style=\"font-size:16px\"><em>Mattress Store San Diego is not in a retail location saving on rent &amp; employees to lower your &nbsp;price</em></span></li>\r\n	<li><span style=\"font-size:16px\"><em><em>Mattress Store San Diego</em>&nbsp;attracts customers to our showroom online saving costs of expensive print advertising</em></span></li>\r\n	<li><span style=\"font-size:16px\"><em>We have a local showroom/warehouse location for you to test the beds before buying</em></span></li>\r\n	<li><span style=\"font-size:16px\"><em>The mattresses I sell are the same you&rsquo;ll find in retail stores just for a lot less money</em></span></li>\r\n	<li><span style=\"font-size:16px\"><em>I take pride in providing an awesome experience serving our customers with personal service</em></span></li>\r\n	<li><span style=\"font-size:16px\"><em>No commission sales people</em></span></li>\r\n	<li><span style=\"font-size:16px\"><em>I&rsquo;ve been in the wholesale mattress business for 20+ years and use the same &ldquo;low pricing high volume&rdquo; model here</em></span></li>\r\n	<li><span style=\"font-size:16px\"><em>Buying a mattress should not be a difficult experience, we makes it easy</em></span></li>\r\n	<li><span style=\"font-size:16px\"><em>About 50% of my business is by referral&rsquo;s!</em></span></li>\r\n	<li><span style=\"font-size:16px\"><em>Our mattress factories work as partners to create the best values in quality, price and comfort</em></span></li>\r\n</ul>\r\n\r\n<p>&nbsp;</p>\r\n\r\n<p><span style=\"font-size:16px\">Give me a call, text or email today and experience the best way to buy a mattress.</span></p>\r\n\r\n<h3>&nbsp;</h3>\r\n\r\n<h3><span style=\"font-size:16px\">You can see what others are saying about us&nbsp;by visiting following us on&nbsp;<a href=\"https://twitter.com/MattressSD\" target=\"_blank\">Twitter</a>,&nbsp;<a href=\"https://www.facebook.com/MattressStoreSanDiego#\" target=\"_blank\">Facebook</a>&nbsp;&amp;&nbsp;<a href=\"http://instagram.com/mattressstoresd\" target=\"_blank\">Instagram.</a>&nbsp;&nbsp;</span></h3>\r\n\r\n<h3>&nbsp;</h3>\r\n\r\n<h3><span style=\"font-size:16px\">We would love your honest reviews on&nbsp;<a href=\"https://plus.google.com/104845776616507036442/about?hl=en\" target=\"_blank\">Google+</a>&nbsp;and&nbsp;<a href=\"http://www.yelp.com/biz/mattress-store-san-diego-chula-vista-13\" target=\"_blank\">Yelp!</a></span></h3>\r\n\r\n<h3>&nbsp;</h3>\r\n\r\n<h3><span style=\"font-size:16px\">Look forward to hearing from you!</span></h3>\r\n\r\n<h3>&nbsp;</h3>\r\n\r\n<h3><span style=\"font-size:16px\"><strong>Darren Newell</strong></span></h3>\r\n\r\n<h3>&nbsp;</h3>\r\n\r\n<h3><span style=\"font-size:16px\"><strong>619-210-3714 Mobile</strong></span></h3>\r\n\r\n<h3>&nbsp;</h3>\r\n\r\n<h3><span style=\"font-size:16px\"><strong><a href=\"http://mail.google.com/a/mattresssd.com\">darren@MattressSD.com</a></strong></span></h3>\r\n\r\n<p>&nbsp;</p>\r\n\r\n<p>&nbsp;</p>\r\n\r\n<p>&nbsp;</p>\r\n','c','c','Active','c','2017-02-21'),(9,'5 STAR REVIEWS ON YELP','<p>service you\'ll love</p>','<h1>HOW TO BUY A MATTRESS</h1>\r\n','HOW TO BUY A MATTRESS','How to buy a mattress | Mattress Store San Diego','Active','HOW TO BUY A MATTRESS','2016-10-24'),(10,'not a mattress store','<p>JUST THE BEST WAY TO BUY A MATTRESS</p>','<h1>HOW TO BUY A MATTRESS</h1>\r\n\r\n<p>&nbsp;</p>\r\n\r\n<h2>Huge Selection</h2>\r\n\r\n<p>&nbsp;</p>\r\n\r\n<p>With over 150 Living Rooms, 115 Dining Rooms, and 100 Bedrooms, we have a huge selection of the best brands to meet any design style.</p>\r\n\r\n<h2>Every Day Low Prices</h2>\r\n\r\n<p>We&#39;re committed to offering the lowest possible prices on furniture. Our 10% Price Guarantee backs that up.</p>\r\n\r\n<h2>One Low, Flat Delivery Fee</h2>\r\n\r\n<p>Delivery and assembly of unlimited items for one low, flat delivery fee. Same day delivery available in certain areas for funiture purchases made before 4:00p.m.</p>\r\n\r\n<h2>Fun Room</h2>\r\n\r\n<p>We have a supervised kid&#39;s fun room where children over 42 inches tall can watch movies and play video games while their parents shop unencumbered.</p>\r\n\r\n<h2>Shoppertainment</h2>\r\n\r\n<p>Enjoy our theater-sized big screens from our sea of recliners with some complementary Starbucks coffee..</p>\r\n\r\n<h2>Accessories</h2>\r\n\r\n<p>We have accessories to spice up every room in your home: lamps, plants, artwork, mirrors and many more. Stop by one of our store locations to view our full line of accessories today.</p>\r\n\r\n<h2>Gift Cards</h2>\r\n\r\n<p>With fully customizable amounts, gift cards are a great gift idea for that someone in need of some new home furnishings. Only available in store, please see a cashier for details.</p>\r\n','matress','matress','Active','information','2016-05-05'),(11,'How It Works ?','How It Works ?','<h1>\r\n HOW IT WORKS</h1>\r\n<br />\r\n<h2>\r\n Huge Selection</h2>\r\n<p>\r\n With over 150 Living Rooms, 115 Dining Rooms, and 100 Bedrooms, we have a huge selection of the best brands to meet any design style.</p>\r\n<h2>\r\n Every Day Low Prices</h2>\r\n<p>\r\n We&#39;re committed to offering the lowest possible prices on furniture. Our 10% Price Guarantee backs that up.</p>\r\n<h2>\r\n One Low, Flat Delivery Fee</h2>\r\n<p>\r\n Delivery and assembly of unlimited items for one low, flat delivery fee. Same day delivery available in certain areas for funiture purchases made before 4:00p.m.</p>\r\n<h2>\r\n Fun Room</h2>\r\n<p>\r\n We have a supervised kid&#39;s fun room where children over 42 inches tall can watch movies and play video games while their parents shop unencumbered.</p>\r\n<h2>\r\n Shoppertainment</h2>\r\n<p>\r\n Enjoy our theater-sized big screens from our sea of recliners with some complementary Starbucks coffee..</p>\r\n<h2>\r\n Accessories</h2>\r\n<p>\r\n We have accessories to spice up every room in your home: lamps, plants, artwork, mirrors and many more. Stop by one of our store locations to view our full line of accessories today.</p>\r\n<h2>\r\n Gift Cards</h2>\r\n<p>\r\n With fully customizable amounts, gift cards are a great gift idea for that someone in need of some new home furnishings. Only available in store, please see a cashier for details.</p>\r\n','How It Works ?','How It Works ?','Active','information','2016-04-29'),(12,'contact_7.7.16','<ul>\r\n <li><strong><a href=\"http://localhost/mattress_yii\">619.210.3714</a></strong></li>\r\n <li><a href=\"http://localhost/mattress_yii\">707 L St. #C108</a></li>\r\n <li><a href=\"http://localhost/mattress_yii\">Chula Vista, Ca. 91911</a></li>\r\n <li><a href=\"http://localhost/mattress_yii\">*L Stret Storage</a></li>\r\n</ul>\r\n','<ul>\r\n <li><a href=\"http://localhost/mattress_yii\">619.210.3714</a></li>\r\n <li><a href=\"http://localhost/mattress_yii\">707 L St. #C108</a></li>\r\n <li><a href=\"http://localhost/mattress_yii\">Chula Vista, Ca. 91911</a></li>\r\n <li><a href=\"http://localhost/mattress_yii\">*L Stret Storage</a></li>\r\n</ul>\r\n','aaaa','aaa','Active','aaaaa','2014-09-25');
/*!40000 ALTER TABLE `sdmatts_page` ENABLE KEYS */;
UNLOCK TABLES;

--
-- Table structure for table `sdmatts_page_11`
--

DROP TABLE IF EXISTS `sdmatts_page_11`;
/*!40101 SET @saved_cs_client     = @@character_set_client */;
/*!40101 SET character_set_client = utf8 */;
CREATE TABLE `sdmatts_page_11` (
  `page_id` int(11) NOT NULL AUTO_INCREMENT,
  `page_title` varchar(255) NOT NULL,
  `overview` text NOT NULL,
  `page_detail` text NOT NULL,
  `meta_tag` varchar(255) NOT NULL,
  `meta_title` varchar(255) NOT NULL,
  `page_status` enum('Active','Inactive') NOT NULL,
  `page_type` varchar(255) NOT NULL,
  `date` date NOT NULL,
  PRIMARY KEY (`page_id`)
) ENGINE=InnoDB AUTO_INCREMENT=8 DEFAULT CHARSET=latin1;
/*!40101 SET character_set_client = @saved_cs_client */;

--
-- Dumping data for table `sdmatts_page_11`
--

LOCK TABLES `sdmatts_page_11` WRITE;
/*!40000 ALTER TABLE `sdmatts_page_11` DISABLE KEYS */;
INSERT INTO `sdmatts_page_11` VALUES (2,'Why Us ?','<p>\r\n	dfdfd</p>\r\n','<h1>\n	WHAT MAKES US UNIQUE</h1>\n<br />\n<h2>\n	Huge Selection</h2>\n<p>\n	With over 150 Living Rooms, 115 Dining Rooms, and 100 Bedrooms, we have a huge selection of the best brands to meet any design style.</p>\n<h2>\n	Every Day Low Prices</h2>\n<p>\n	We&#39;re committed to offering the lowest possible prices on furniture. Our 10% Price Guarantee backs that up.</p>\n<h2>\n	One Low, Flat Delivery Fee</h2>\n<p>\n	Delivery and assembly of unlimited items for one low, flat delivery fee. Same day delivery available in certain areas for funiture purchases made before 4:00p.m.</p>\n<h2>\n	Fun Room</h2>\n<p>\n	We have a supervised kid&#39;s fun room where children over 42 inches tall can watch movies and play video games while their parents shop unencumbered.</p>\n<h2>\n	Shoppertainment</h2>\n<p>\n	Enjoy our theater-sized big screens from our sea of recliners with some complementary Starbucks coffee..</p>\n<h2>\n	Accessories</h2>\n<p>\n	We have accessories to spice up every room in your home: lamps, plants, artwork, mirrors and many more. Stop by one of our store locations to view our full line of accessories today.</p>\n<h2>\n	Gift Cards</h2>\n<p>\n	With fully customizable amounts, gift cards are a great gift idea for that someone in need of some new home furnishings. Only available in store, please see a cashier for details.</p>\n','fdf','dfd','Active','information','2006-10-14'),(3,'Privacy Policy','<p>\r\n	fsdf</p>\r\n','<h2>\r\n	&nbsp;</h2>\r\n<h4>\r\n	<span style=\"color:#daa520;\"><span style=\"font-size: 36px;\">Privacy Policy</span></span></h4>\r\n<p>\r\n	&nbsp;</p>\r\n<h2>\r\n	What is Personal Information?</h2>\r\n<p>\r\n	Personal information is information that specifically identifies an individual such as a customer&rsquo;s name, address, telephone number, e&ndash;mail address, credit card or other account number, and information about that individual&rsquo;s activities when directly linked to that person, such as information about his or her purchases. Personal information also includes demographic information such as date of birth, gender, geographic area and preferences when such information is linked to other personal information that identifies you.</p>\r\n<p>\r\n	Personal information does not include &ldquo;aggregate&rdquo; information. Aggregate information is data we collect about a group or category of products, services or customers, from which individual customer identities have been removed. In other words, information about how you use a service may be collected and combined with information about how others use the same service, but no personal information will be included in the resulting data. Likewise, information about the products you purchase may be collected and combined with information about the products purchased by others. Aggregate data helps us understand trends and customer needs so that we can better consider new products and services, and tailor existing products and services to customer desires.</p>\r\n<hr />\r\n<h2>\r\n	Personal Information We Collect</h2>\r\n<p>\r\n	You provide personal information to us in a number of ways when you visit our Site. For example, you provide us with personal information when you: (1) purchase products and services, (2) create an user account, (3) sign up for our email list or electronic newsletters, (3) participate in surveys, sweepstakes, and promotions, (4) create a wish list, (5) elect to share content from this website with your friends,(6) register on our site and create an account using already established social networking accounts such as Facebook and Twitter, (7) submit a warranty registration, and (8) contact us by email for any reason (such as to request customer service or provide us with your comments/feedback). We collect your name, billing and shipping addresses, email address, friend&#39;s email address, phone number, fax number, credit card information, login information, order information, wish list, and payment settings in this manner. We also collect personal information from you if you submit an online job application or resume to us, including your name and email address, as well as other employment related information that you provide to us at your option.</p>\r\n<p>\r\n	When you visit our Site, some information is also automatically collected, such as your computer&rsquo;s Internet Protocol (IP) address, your computer&rsquo;s operating system, the browser type, the address of a referring web site, and the time and date of your visit and purchases. This information is collected through the use of &ldquo;cookies.&rdquo; Cookies are small files that are stored on your computer by a web site to give you a unique identification. We use cookies on our Site to help optimize your shopping experience by storing information about your preferences, allowing us to customize our site according to your individual interests, to speed up your searches, and to recognize you when you return to our site. For example, we use cookies to keep track of your shopping cart and to store your shipping information for delivery of future orders. We treat this information as personal information if we combine it with or link it to any of the personally identifying information mentioned above. Otherwise, it is used in the aggregate only.</p>\r\n<p>\r\n	You may refuse to accept cookies by activating the setting on your browser which allows you to refuse the setting of cookies. However, if you select this setting you may be unable to access certain parts of our site.</p>\r\n<p>\r\n	We also use &quot;pixel tags&quot; on our site (also known as &quot;Internet tags&quot;, &quot;web beacons&quot;, or &quot;clear GIFS&quot;), which are tiny graphic images. Pixel tags help us analyze our customers&#39; online behavior and measure the effectiveness of our website and our advertising. We work with service providers that help us track, collect, and analyze this information.</p>\r\n<hr />\r\n<h2>\r\n	How We Use Personal Information</h2>\r\n<p>\r\n	In general, we use personal information to process your requests or transactions and provide you with high-quality products and services or to inform you about other products or services we think will be of interest. For example, we use your information to deliver products or provide services you have purchased. When we use personal information in our internal marketing efforts, we provide you with choices (See Choice below) and do not disclose the information to third parties except as described in this privacy policy. We may also receive information from third parties with whom we have business relationships, and will combine this information with the other personal information we maintain about you. In such cases, this privacy policy governs this information.</p>\r\n<p>\r\n	Pixel tags on our site may be used to collect information about your visit, included the pages you view, the features you use, the links you click, and other actions you take in connection with the site. This information may include your computer&#39;s IP address, your browser type, your operating system, date and time information, and other technical information about your computer. We may also track certain information about the identity of the website you visited immediately before coming to our site.</p>\r\n<p>\r\n	Pixel tags and cookies in our emails to you may be used to track your interactions with those messages, such as when you receive, open, or click a link in an email message from us.</p>\r\n<p>\r\n	We also work with business partners that use tracking technologies to deliver advertisements on our behalf across the Internet. These companies may collect information about your visits to our site and your inter action with our advertising and other communications.</p>\r\n<p>\r\n	We may combine the information we collect through cookies and pixel tags with other information we have collected from you. This information may be used to improve our website, to personalize your online experience, to help us deliver information to you, to determine the effectiveness of our advertising, and for other internal business purposes.</p>\r\n<hr />\r\n<h2>\r\n	Sharing of Personal Information</h2>\r\n<p>\r\n	We do not sell, rent or share personal information with third parties without your prior consent except in the limited circumstances described in this privacy policy. We share personal information with third-party vendors who assist us in performing internal functions necessary to operate our business. These functions may include, for example, distributing emails, managing a database of customer information, providing fraud prevention, analyzing data, providing marketing assistance, processing credit card payments and fulfilling/delivering orders. We require our third party vendors to keep such information confidential and to only use the information for the purpose it was provided. We are not responsible for any additional information you provide directly to these parties, and we encourage you to become familiar with their practices before disclosing information directly to them.</p>\r\n<p>\r\n	In addition, information about our customers, including personally identifiable information, may be disclosed as part of any merger, acquisition, debt financing, sale of company assets, as well as in the event of an insolvency, bankruptcy or receivership in which personally identifiable information could be transferred to third parties as one of the business assets of the company.</p>\r\n<p>\r\n	We also disclose personal information when we believe it is appropriate to comply with the law (e.g., a lawful subpoena, warrant or court order); to enforce or apply this privacy policy or our other policies or agreements; to initiate, render, bill, and collect for amounts owed to us; to protect our or our customers&acute; rights, property or safety; to protect our customers from fraudulent, abusive, or unlawful use of our Site; or if we reasonably believe that an emergency involving immediate danger of death or serious physical injury to any person requires disclosure of communications or justifies disclosure of records without delay.</p>\r\n<p>\r\n	In addition, information about our customers, including personally identifiable information, may be disclosed as part of any merger, acquisition, debt financing, sale of company assets, as well as in the event of an insolvency, bankruptcy or receivership in which personally identifiable information could be transferred to third parties as one of the business assets of the company.</p>\r\n<hr />\r\n<h2>\r\n	Links to Other Web Sites</h2>\r\n<p>\r\n	Our Site contains links to other web sites. Any personal information you provide on the linked pages is provided directly to that third party and is subject to that third party&#39;s privacy policy. Except as described above, we are not responsible for the content or privacy and security practices and policies of web sites to which we link. Links from our web site to third parties or to other sites are provided for your convenience. We encourage you to learn about their privacy and security practices and policies before providing them with personal information.</p>\r\n<hr />\r\n<h2>\r\n	Use of our Site by Children</h2>\r\n<p>\r\n	We encourage parents to take an active interest in their children&rsquo;s use of the Internet. Our site is not meant for children and we do not intend to collect information from children who are under 16 years of age. If you are under 16, you should not provide information on our Site and should ask your parent to do so for you.</p>\r\n<hr />\r\n<h2>\r\n	Security</h2>\r\n<p>\r\n	We have put into place reasonable security measures in an effort to protect personal information while it is under our control. All personal information relating to our customers is stored in a secure environment separate from our Site.</p>\r\n<hr />\r\n<h2>\r\n	Choice</h2>\r\n<p>\r\n	We give you the following options to opt-out of receiving communications from us or to request that we correct or delete your personal information: (1) contact our customer service department by phone at 700-200-405 (2) email us at <a href=\"mailto:customerservice@sleeptrain.com\">customerservice@sleeptrain.com</a>; or (3) write to us at the following address with your request:</p>\r\n<p>\r\n	<a href=\"http://localhost/mattress_yii_old\">619.210.3714</a></p>\r\n<p>\r\n	<a href=\"http://localhost/mattress_yii_old\">707 L St. #C108</a></p>\r\n<p>\r\n	<a href=\"http://localhost/mattress_yii_old\">Chula Vista, Ca. 91911</a></p>\r\n<p>\r\n	<a href=\"http://localhost/mattress_yii_old\">*L Stret Storage</a></p>\r\n<p>\r\n	If, in the future, we decide to share personal information with any third parties for their own marketing purposes, we will update this privacy policy to reflect such change and provide you with the opportunity to opt-out of such disclosure of your personal information.</p>\r\n<hr />\r\n<h2>\r\n	Policy Changes</h2>\r\n<p>\r\n	We will periodically modify our Privacy Policy so that it remains relevant and current with changing technologies, applicable laws, evolving business practices, and the needs of our customers. Whenever we modify our privacy policy, we will post the revised policy here, with an updated revision date. If we make material changes to the policy or in how we will use your personal information, we will also notify you by other means, such as sending an email and/or posting a notice on our corporate website and/or social media pages prior to the changes taking effect. We will also keep prior versions of this Privacy Policy in an archive for your review. We encourage you to periodically review the privacy statements for the products and services you use to learn how we are protecting your information. If you continue to use our website after notice of the change has been given, you will be deemed to have accepted such changes.</p>\r\n<hr />\r\n<h2>\r\n	Your Comments or Concerns</h2>\r\n<p>\r\n	We welcome your feedback. If you have any comments or concerns about this privacy policy or would like to contact us for any reason, you may reach a customer service representative via e-mail at <a class=\"ApplyClass\" href=\"mailto:customerservice@sleeptrain.com\">mattress@gmail.com</a> or phone at 98546745625.</p>\r\n<p>\r\n	You may unsubscribe from our emails by clicking on the Unsubscribe hyperlink at the bottom of the email. We will note in our database that you have elected to opt out of future emails from our company. Your record will still remain in our database but you will not receive any future mailings unless we manually opt you back in. You may also choose to opt out of emails by sending an email to us at <a class=\"ApplyClass\" href=\"mailto:customerservice@sleeptrain.com\">mattress@gmail.com</a>. If you choose to opt out with this method, please be sure to include the email address that you would like us to unsubscribe.</p>\r\n<p>\r\n	This web-site tracks users to personalize and optimize your browsing experience. You may opt out of this tracking by clicking the link below. This will set a cookie in your browser that will turn off this tracking. Please note that if you delete your cookies, use a different browser, or buy a new computer, you will have to opt out again.</p>\r\n','fdf','dfd','Active','ffd','2014-10-06'),(4,'Delivery','<p>\r\n	ds</p>\r\n','<h1>\n	<span style=\"color:#faba5b;\">Delivery</span></h1>\n<h2>\n	Free Same Day Delivery</h2>\n<p>\n	<img align=\"right\" alt=\"Mattress in a home\" height=\"275\" hspace=\"10\" src=\"http://demandware.edgesuite.net/aaor_prd/on/demandware.static/Sites-SleepTrain-Site/Sites-SleepTrain-Library/default/v1412369656715/images/education/delivery-bedroom.jpg\" vspace=\"10\" width=\"350\" />Within any of our local delivery zones, purchase any in-stock item by 2 pm, and our professional red carpet delivery team will deliver your mattress for free the same day. Our delivery team will remove your old mattress, set up your new one and even wear cloth booties to ensure that your home stays clean &mdash; all at no cost to you! Delivery service is available 7 days a week.</p>\n<p>\n	<em>Soft goods may be shipped via UPS if they are not purchased with a mattress. Same day delivery is not available in some outlying areas. Please call (800) 378-2337 or chat with us if you have any questions.</em></p>\n<h2>\n	Free Delivery (Out-of-Market)</h2>\n<p>\n	With Sleep Train, you can enjoy free delivery of your purchase anywhere in the continental U.S. Our delivery team will deliver and set up your new mattress within 1-4 weeks of the earliest date you are available to receive your product. You will be contacted within 3 weeks of your order to schedule a delivery time.</p>\n<p>\n	All deliveries include set up in the room of your choice (including up to 2 flights of stairs), removal of packaging and the removal of one mattress set. Further accommodations can be requested at the time of delivery for additional fees. If you miss your agreed upon delivery time, you will be charged a $99 re-delivery fee.</p>\n<h2>\n	Free Shipping</h2>\n<p>\n	Small items such as sheets and pillows may be shipped to you separately by an external shipping carrier.</p>\n<h3>\n	Preparing your home for delivery</h3>\n<p>\n	With just a few minor preparations, your home will be ready for delivery of your new mattress set:</p>\n<ul>\n	<li>\n		Clear a delivery path from your front door to your bedroom &mdash; removing obstructions such as furniture, breakables and valuables.</li>\n	<li>\n		If the delivery path includes narrow hallways or stairs that may introduce the potential for damage to your home or new mattress, the delivery team may ask you to sign a damage waiver in order to proceed with delivery.</li>\n	<li>\n		Contain any house pets in a safe place during the delivery and set up of your new mattress set.</li>\n	<li>\n		We require that the person receiving and signing the delivery acknowledgment must be at least 18 years of age.</li>\n	<li>\n		Sleep Train must verify the identity of all C.O.D. customers. We require that all C.O.D. customers be present, with valid I.D. at the time of delivery. Local delivery areas only.</li>\n	<li>\n		Due to the limited allocation of space on our delivery trucks, we are unable to remove more items than are delivered.</li>\n</ul>\n','ds','xcx','Active','information','2014-10-06'),(5,'Warranty','<p>\r\n	fdf</p>\r\n','<h1>\n	<span style=\"color:#faba5b;\">Mattress Warranty</span></h1>\n<p>\n	Sometimes even the best quality products will show early signs of wear, tear or manufacturer defect. During and beyond your 100-night comfort exchange period, the majority of products we sell are covered by national manufacturer&#39;s warranties. Below are several videos to review when considering a warranty claim.</p>\n','fgf','gfg','Active','information','2006-10-14'),(6,'satisfection','<p>\r\n	sdsdsd</p>\r\n','<h4>\r\n	Satisfection Assurance</h4>\r\n<p>\r\n	&nbsp;</p>\r\n<p>\r\n	Getting a good night&rsquo;s sleep on a mattress often comes down to one key factor: design of the coil. Sherwood mattresses feature an innovative open coil design that provides up to 21% more support than conventional mattresses.</p>\r\n<p>\r\n	Why is the coil so important? The coil in a mattress supports your body, surrounding it with comfort.</p>\r\n<p>\r\n	The core of any mattress is its support system, and most mass-market mattresses feature variants of an 80-year-old, Great Depression-era design. These spring units don&rsquo;t offer the consistent, edge-to-edge support for your body.</p>\r\n<p>\r\n	Many sleepers move upwards to 35 times in a single night. And, if you share a bed, that&rsquo;s close to 70 adjustments. On a traditional innerspring</p>\r\n<p>\r\n	<h4>Satisfection Assurance</h4></p>\r\n<p>\r\n	mattress, you&rsquo;ll likely feel those disturbances. Sherwood mattresses feature a luxurious pocketed spring coil system. This allows each spring to respond independently to the shape of your body and improve conformance while virtually eliminating sleep-disturbing motion transfer. Our coil system creates a world of good for your back and spine, in and out of bed. It provides years of comfortable sleep.</p>\r\n','hg','hgh','Active','information','2014-10-31'),(7,'Contact','<p>Arrange a SLEEP  Test</p>','<p>Comfort Touch Mattress &amp; Electropedic Adjustable Beds offers relaxing, high quality adjustable beds and specialty mattresses in San Diego, Ca.</p>\r\n\r\n<p>&nbsp;</p>\r\n\r\n<p>At Comfort Touch Mattress and Adjustable Beds, we have been serving the San Diego area for over 40 years. We strive to assist our customers in finding the perfect mattress for their individual needs. We offer the largest collection of adjustable beds as well as standard beds from all national manufacturers on display in our store. This helps you in comparing each brand, side-by-side, to find the one that best suits your body type, health needs and comfort requirements. Some of top brands includes Electropedic Adjustable Beds, Spinal Care, Latex International and more.</p>\r\n\r\n<p>&nbsp;</p>\r\n\r\n<p>We have been an A+ Rated company since 1977 with the San Diego Better Business Bureau, and we&#39;re recognized as one of the top 100 businesses in San Diego.</p>\r\n','hello','hello','Active','information','2007-11-14');
/*!40000 ALTER TABLE `sdmatts_page_11` ENABLE KEYS */;
UNLOCK TABLES;

--
-- Table structure for table `sdmatts_product_temp`
--

DROP TABLE IF EXISTS `sdmatts_product_temp`;
/*!40101 SET @saved_cs_client     = @@character_set_client */;
/*!40101 SET character_set_client = utf8 */;
CREATE TABLE `sdmatts_product_temp` (
  `product_temp_id` int(11) NOT NULL AUTO_INCREMENT,
  `user_id` int(11) NOT NULL,
  `session_id` varchar(255) NOT NULL,
  `furnirure_id` varchar(255) NOT NULL,
  `sub_product_id` int(11) NOT NULL,
  `qty` int(5) NOT NULL,
  `price` float(10,2) NOT NULL,
  `total_amt` float(10,2) NOT NULL,
  PRIMARY KEY (`product_temp_id`)
) ENGINE=InnoDB AUTO_INCREMENT=80 DEFAULT CHARSET=latin1;
/*!40101 SET character_set_client = @saved_cs_client */;

--
-- Dumping data for table `sdmatts_product_temp`
--

LOCK TABLES `sdmatts_product_temp` WRITE;
/*!40000 ALTER TABLE `sdmatts_product_temp` DISABLE KEYS */;
INSERT INTO `sdmatts_product_temp` VALUES (3,1,'5f13bd288c10b8d5d06a77af859b2ad7','257',0,1,98000.00,98000.00),(8,1,'3cd96f8e80f73084fac43d2d81cd2d35','257',0,1,98000.00,98000.00),(9,1,'6709efeb57332b53b3b91cfbe0bd2d68','257',0,1,98000.00,98000.00),(12,1,'8b92884ce694f822bdbd99888ff1be8e','257',0,1,98000.00,98000.00),(13,1,'59f3a244f1af3200a999b59c773451d3','258',0,1,98000.00,98000.00),(14,1,'c75b1451c072de2169350ae80626c99b','257',0,1,98000.00,98000.00),(15,1,'cc54bc6b4d3b9777830605dd950e928c','258',0,1,98000.00,98000.00),(16,1,'efd71f637b17d39e233c109760521417','257',0,1,98000.00,98000.00),(17,1,'','',0,0,0.00,0.00),(18,1,'6gkagvr1gv89v3u8sv31ucc4r3','257',0,1,98000.00,98000.00),(19,1,'6gkagvr1gv89v3u8sv31ucc4r3','6',0,1,1200.00,1200.00),(20,1,'6l6u2kpttiefhbdarg5evfea64','257',0,1,98000.00,98000.00),(21,1,'6l6u2kpttiefhbdarg5evfea64','6',0,1,1200.00,1200.00),(22,1,'6l6u2kpttiefhbdarg5evfea64','263',0,1,11780.50,11780.50),(23,1,'6l6u2kpttiefhbdarg5evfea64','12',0,1,1230.00,1230.00),(24,1,'vbioprlr3a1ihck95cu2qit332','10',0,1,2589.00,2589.00),(25,1,'jfe6h1gnm0mdco409b4v9h3pr3','257',0,1,98000.00,98000.00),(26,1,'3h1re6eot4mps1jfpf2msnkid3','257',0,1,98000.00,98000.00),(35,1,'vj5vs0totatqj9te6o2f8u0416','260',0,1,4950.00,4950.00),(37,1,'qlo9hd9g4nqug5gg74u0er8ju4','260',0,1,4950.00,4950.00),(41,1,'6rdcfpdgrkh7po5eqrok5sbfv6','257',0,1,98000.00,98000.00),(42,1,'tvvjv03gk1es70368imokc5mo2','257',0,1,98000.00,98000.00),(43,1,'kbi1e1mgcdubufrqrc8b518kb4','272',0,1,606.36,606.36),(44,1,'4ovvagrl4fmg5p8r2sedvo9rh2','282',0,1,-28.52,-28.52),(45,1,'4ovvagrl4fmg5p8r2sedvo9rh2','258',0,1,98000.00,98000.00),(50,1,'soitc1jqlec89timj1g60gfun1','312',0,1,261225.59,261225.59),(51,1,'ot8h5rupok9ptvun8h7ufm4u03','257',0,1,98000.00,98000.00),(52,1,'u1kihr4cllme25suoa4pfjkkg5','257',0,1,98000.00,98000.00),(53,1,'tqsevkf8s22irej39tto9uv3e4','',7,1,200.00,200.00),(54,1,'3vd7n9dmcsrnplr7l48kmugnj0','257',0,1,98000.00,98000.00),(55,1,'138207eb436c37b1611fe3556bad76d8','318',0,1,3265.00,3265.00),(56,1,'138207eb436c37b1611fe3556bad76d8','258',0,1,98000.00,98000.00),(58,1,'e96bff6fe682d9495db5fadc153a3df7','',10,1,2589.00,2589.00),(62,1,'d6914d8d6e9690d94dbdbb91f258bee1','385',0,1,2700.00,2700.00),(63,1,'055d13830347c6e223a962ee20ff3ccd','383',0,1,30.60,30.60),(65,1,'e07ba528cadbfd13b8dbdf0948121ae2','369',0,1,98.00,128.00),(67,1,'2367672851e1d34270148d891de801b8','386',0,1,100.00,100.00),(68,1,'9aca02d52e180a65da8c93ba850aac14','386',0,1,100.00,100.00),(69,1,'21f25ac7dfa8d657372ac6f86d734a57','387',0,1,900.00,900.00),(70,1,'86e1135d9da024eb74cd90f84fa766fb','383',0,1,30.60,60.60),(71,1,'77e394e340275eea8af6eb81334788d0','387',0,1,900.00,920.00),(72,1,'f682e9cad57a56469cda10b7568b1064','387',0,1,900.00,900.00),(73,1,'a8887ac41cf0190d72eb5bc6553018d5','387',0,1,900.00,900.00),(77,1,'685a7747b837c971a20c5b14067d2737','369',0,1,98.00,98.00),(78,1,'17a0a12eda2ab15fdf84cae122766082','',35,1,148.00,148.00),(79,1,'67c3044c98cd7382375ba388a36ae7e3','',33,1,98.00,98.00);
/*!40000 ALTER TABLE `sdmatts_product_temp` ENABLE KEYS */;
UNLOCK TABLES;

--
-- Table structure for table `sdmatts_setting`
--

DROP TABLE IF EXISTS `sdmatts_setting`;
/*!40101 SET @saved_cs_client     = @@character_set_client */;
/*!40101 SET character_set_client = utf8 */;
CREATE TABLE `sdmatts_setting` (
  `setting_id` int(11) NOT NULL AUTO_INCREMENT,
  `setting_key` text NOT NULL,
  `setting_value` text NOT NULL,
  `setting_meta_tag` text NOT NULL,
  PRIMARY KEY (`setting_id`)
) ENGINE=InnoDB AUTO_INCREMENT=17 DEFAULT CHARSET=latin1;
/*!40101 SET character_set_client = @saved_cs_client */;

--
-- Dumping data for table `sdmatts_setting`
--

LOCK TABLES `sdmatts_setting` WRITE;
/*!40000 ALTER TABLE `sdmatts_setting` DISABLE KEYS */;
INSERT INTO `sdmatts_setting` VALUES (1,'Phone Number','619.210.3714','No Content Required'),(2,'Twitter link','https://twitter.com/MattressSD','No Content Required'),(3,'facebook link','https://www.facebook.com/MattressStoreSanDiego/','No Content Required'),(4,'instagram link','https://www.instagram.com/mattressstoresd/','No Content Required'),(5,'YouTube Link','https://www.youtube.com/channel/UC0ksaFVai2GNRNapp9EwYXw','No Content Required'),(6,'yelp link','http://www.yelp.com/biz/mattress-store-san-diego-chula-vista-13','No Content Required'),(7,'Google map code','<iframe frameborder=\"0\" height=\"480\" marginheight=\"0\" marginwidth=\"0\" scrolling=\"no\" src=\"https://maps.google.com/maps?f=q&amp;source=s_q&amp;hl=en&amp;geocode=&amp;q=+The+Mattress+Center,+960+Los+Vallecitos+Blvd,+San+Marcos,+CA&amp;aq=0&amp;oq=The+Mattress+Center&amp;sll=33.14148,-117.184459&amp;sspn=0.205861,0.349846&amp;ie=UTF8&amp;hq=&amp;hnear=&amp;t=m&amp;ll=33.14148,-117.184459&amp;spn=0.008625,0.013733&amp;z=16&amp;output=embed\" width=\"620\"></iframe><br />\r\n			<small><a href=\"https://maps.google.co.in/maps?ie=UTF-8&amp;q=8055+Clairemont+Mesa+Boulevard+San+Diego,+CA+92111+%28858%29+560-6446&amp;fb=1&amp;gl=in&amp;hq=%28858%29+560-6446&amp;hnear=0x80dbffbd54cd59bd:0x202c48190c8ea58,8055+Clairemont+Mesa+Blvd,+San+Diego,+CA+92111,+USA&amp;ei=0cvwUpifJYXzrQf2p4D4Aw&amp;ved=0CIwBEMgT\" style=\"color:#0000FF;text-align:left\">View Larger Map</a></small>','No Content Required'),(8,'address','<font color=\"white\">619.210.3714</font><br/><br/>\r\n<b><font size=\"4\" color=\"white\">I\'M NOT ON SITE</font></b><br/>\r\n<img width=\"141\" height=\"71\" src=\"http://mattressstoresandiego.net/images/smiley-face-emoticon-575.jpg\">\r\n</a><br/>\r\n<b><font size=\"4\">L  Stret Storage</font></b><br/>\r\n707 L St. <b><font size=\"4\" color=\"red\">C109</font></b><br/>\r\nChula Vista, Ca. 91911\r\n','No Content Required'),(9,'Review link','https://plus.google.com/104845776616507036442/about?hl=en','No Content Required'),(10,'paypal_id','dnewell1798@gmail.com','No Content Required'),(11,'Contact Page Email ','Darren@mattresssd.com','No Content Required'),(12,'From email','darren@mattresssd.com','No Content Required'),(13,'Price Listing Meta Tag','Title for price','<meta name=\"description\" content=\"Free Web tutorials\"><meta name=\"keywords\" content=\"HTML,CSS,XML,JavaScript\">'),(14,'Category Listing Meta Tag','Category for price','<meta name=\"description\" content=\"Free Web tutorials\"><meta name=\"keywords\" content=\"HTML,CSS,XML,JavaScript\">'),(15,'Home Page Title And Meta Tag','Mattress Store San Diego | Quality Low Price Mattresses and Furniture','<meta name=\"description\" content=\"Free Web tutorials\"><meta name=\"keywords\" content=\"HTML,CSS,XML,JavaScript\">'),(16,'Others Page Title And Meta Tag','dfgdfg','<meta name=\"description\" content=\"Free Web tutorials\"><meta name=\"keywords\" content=\"HTML,CSS,XML,JavaScript\">');
/*!40000 ALTER TABLE `sdmatts_setting` ENABLE KEYS */;
UNLOCK TABLES;

--
-- Table structure for table `sdmatts_setting_11`
--

DROP TABLE IF EXISTS `sdmatts_setting_11`;
/*!40101 SET @saved_cs_client     = @@character_set_client */;
/*!40101 SET character_set_client = utf8 */;
CREATE TABLE `sdmatts_setting_11` (
  `setting_id` int(11) NOT NULL AUTO_INCREMENT,
  `setting_key` text NOT NULL,
  `setting_value` text NOT NULL,
  PRIMARY KEY (`setting_id`)
) ENGINE=InnoDB AUTO_INCREMENT=12 DEFAULT CHARSET=latin1;
/*!40101 SET character_set_client = @saved_cs_client */;

--
-- Dumping data for table `sdmatts_setting_11`
--

LOCK TABLES `sdmatts_setting_11` WRITE;
/*!40000 ALTER TABLE `sdmatts_setting_11` DISABLE KEYS */;
INSERT INTO `sdmatts_setting_11` VALUES (1,'Phone Number','619.210.3714'),(2,'twitter link','https://twitter.com/MattressSD'),(3,'facebook link','https://www.facebook.com/MattressStoreSanDiego/'),(4,'instagram link','https://www.instagram.com/mattressstoresd/'),(5,'google plus link','https://plus.google.com/104845776616507036442/about?hl=en'),(6,'yelp link','http://www.yelp.com/biz/mattress-store-san-diego-chula-vista-13'),(7,'Google map code','<iframe frameborder=\"0\" height=\"480\" marginheight=\"0\" marginwidth=\"0\" scrolling=\"no\" src=\"https://maps.google.com/maps?f=q&amp;source=s_q&amp;hl=en&amp;geocode=&amp;q=+The+Mattress+Center,+960+Los+Vallecitos+Blvd,+San+Marcos,+CA&amp;aq=0&amp;oq=The+Mattress+Center&amp;sll=33.14148,-117.184459&amp;sspn=0.205861,0.349846&amp;ie=UTF8&amp;hq=&amp;hnear=&amp;t=m&amp;ll=33.14148,-117.184459&amp;spn=0.008625,0.013733&amp;z=16&amp;output=embed\" width=\"620\"></iframe><br />\r\n			<small><a href=\"https://maps.google.co.in/maps?ie=UTF-8&amp;q=8055+Clairemont+Mesa+Boulevard+San+Diego,+CA+92111+%28858%29+560-6446&amp;fb=1&amp;gl=in&amp;hq=%28858%29+560-6446&amp;hnear=0x80dbffbd54cd59bd:0x202c48190c8ea58,8055+Clairemont+Mesa+Blvd,+San+Diego,+CA+92111,+USA&amp;ei=0cvwUpifJYXzrQf2p4D4Aw&amp;ved=0CIwBEMgT\" style=\"color:#0000FF;text-align:left\">View Larger Map</a></small>'),(8,'address','619.210.3714<br/>\r\n707 L St. #C109<br/>\r\nChula Vista, Ca. 91911<br/>\r\nL  Street Storage Building'),(9,'Review link','https://plus.google.com/104845776616507036442/about?hl=en'),(10,'paypal_id','dnewell1798@gmail.com'),(11,'Contact Page Email ','sudipta@webhawkstechnology.com');
/*!40000 ALTER TABLE `sdmatts_setting_11` ENABLE KEYS */;
UNLOCK TABLES;

--
-- Table structure for table `sdmatts_slider`
--

DROP TABLE IF EXISTS `sdmatts_slider`;
/*!40101 SET @saved_cs_client     = @@character_set_client */;
/*!40101 SET character_set_client = utf8 */;
CREATE TABLE `sdmatts_slider` (
  `slider_id` int(11) NOT NULL AUTO_INCREMENT,
  `slider_name` varchar(255) NOT NULL,
  `slider_caption` varchar(255) NOT NULL,
  `slider_image` varchar(255) NOT NULL,
  `slider_overview` text NOT NULL,
  `slider_status` enum('Active','Inactive') NOT NULL,
  PRIMARY KEY (`slider_id`)
) ENGINE=InnoDB AUTO_INCREMENT=14 DEFAULT CHARSET=latin1;
/*!40101 SET character_set_client = @saved_cs_client */;

--
-- Dumping data for table `sdmatts_slider`
--

LOCK TABLES `sdmatts_slider` WRITE;
/*!40000 ALTER TABLE `sdmatts_slider` DISABLE KEYS */;
INSERT INTO `sdmatts_slider` VALUES (13,'Mattress Store San Diego in Chula Vista','xx','ways-to-say-good-morning.jpg','ss','Active');
/*!40000 ALTER TABLE `sdmatts_slider` ENABLE KEYS */;
UNLOCK TABLES;

--
-- Table structure for table `sdmatts_slider_26.7.16`
--

DROP TABLE IF EXISTS `sdmatts_slider_26.7.16`;
/*!40101 SET @saved_cs_client     = @@character_set_client */;
/*!40101 SET character_set_client = utf8 */;
CREATE TABLE `sdmatts_slider_26.7.16` (
  `slider_id` int(11) NOT NULL AUTO_INCREMENT,
  `slider_name` varchar(255) NOT NULL,
  `slider_caption` varchar(255) NOT NULL,
  `slider_image` varchar(255) NOT NULL,
  `slider_overview` text NOT NULL,
  `slider_status` enum('Active','Inactive') NOT NULL,
  PRIMARY KEY (`slider_id`)
) ENGINE=InnoDB AUTO_INCREMENT=28 DEFAULT CHARSET=latin1;
/*!40101 SET character_set_client = @saved_cs_client */;

--
-- Dumping data for table `sdmatts_slider_26.7.16`
--

LOCK TABLES `sdmatts_slider_26.7.16` WRITE;
/*!40000 ALTER TABLE `sdmatts_slider_26.7.16` DISABLE KEYS */;
INSERT INTO `sdmatts_slider_26.7.16` VALUES (9,'BEST WAY TO BUY ','A REALLY NICE MATTRESS','BR10_LifeStyle_WC_29 ID.jpg','ssss','Inactive'),(10,'slider1','BESPOKE MATTRESS','slider2.png','sss','Inactive'),(11,'slider2','BESPOKE MATTRESS','slider3.png','sss','Inactive'),(14,'oooo','oooo','8541463567976slider2.png','oooooo','Inactive'),(15,'rtwer','ertwe','94071463568560home-office.jpg','drser','Inactive'),(16,'dfh','adrf','4124146356864794071463568560home-office.jpg','fdfh','Inactive'),(17,'art','art','81301463570356slider2.JPG','aer','Active'),(18,'eart','r','58051463570368slider1.JPG','er','Active'),(27,'22222222','22222222222','43721469444104Banner Testing_Lady-with-daughter laughing_1170x400.jpeg','22','Active');
/*!40000 ALTER TABLE `sdmatts_slider_26.7.16` ENABLE KEYS */;
UNLOCK TABLES;

--
-- Table structure for table `sdmatts_sub_product`
--

DROP TABLE IF EXISTS `sdmatts_sub_product`;
/*!40101 SET @saved_cs_client     = @@character_set_client */;
/*!40101 SET character_set_client = utf8 */;
CREATE TABLE `sdmatts_sub_product` (
  `sub_product_id` int(11) NOT NULL AUTO_INCREMENT,
  `sub_product_name` varchar(255) NOT NULL,
  `sub_product_image` varchar(255) NOT NULL,
  `sub_product_des` varchar(255) NOT NULL,
  `sub_product_cost` float(11,2) NOT NULL,
  `sub_product_dimenssion` varchar(255) NOT NULL,
  `sub_product_status` enum('Active','Inactive','Pending') NOT NULL,
  `master_collection_metatag` text NOT NULL,
  `sub_product_shopping` varchar(255) NOT NULL,
  PRIMARY KEY (`sub_product_id`)
) ENGINE=InnoDB AUTO_INCREMENT=148 DEFAULT CHARSET=latin1;
/*!40101 SET character_set_client = @saved_cs_client */;

--
-- Dumping data for table `sdmatts_sub_product`
--

LOCK TABLES `sdmatts_sub_product` WRITE;
/*!40000 ALTER TABLE `sdmatts_sub_product` DISABLE KEYS */;
INSERT INTO `sdmatts_sub_product` VALUES (14,'Chamomile Natural Oil Spray','9100-lon.jpg','<p>Aroma Therapy Chamomile Natural Oil Spray</p>\r\n',12.00,'2.0 Ml','Active','<meta http-equiv=\"Content-Type\" content=\"text/html; charset=utf-8\" />\r\n\r\n	<meta name=\"language\" content=\"en\" />\r\n\r\n<meta name=\"description\" content=\"Online Mattress Dealer\">\r\n\r\n<meta name=\"keywords\" content=\"Mattress,Furniture,Pillow\">\r\n\r\n<meta name=\"author\" content=\"Sandiego Mattress \">\r\n\r\n','Keep your Chamomile pillow scent fresh with the natural oil spray in a 2.0 ML bottle'),(15,'Lavender Natural Oil Spray','1257-Mini-Lavender-Aromatherapy-Spray-WB1468344314-600x600.jpg','<p>cc</p>\r\n',12.00,'2.0 ML','Active','<meta http-equiv=\"Content-Type\" content=\"text/html; charset=utf-8\" />\r\n\r\n	<meta name=\"language\" content=\"en\" />\r\n\r\n<meta name=\"description\" content=\"Online Mattress Dealer\">\r\n\r\n<meta name=\"keywords\" content=\"Mattress,Furniture,Pillow\">\r\n\r\n<meta name=\"author\" content=\"Sandiego Mattress \">\r\n\r\n','Made from real essential oil from the Lavandula angustifolia plant, this 2 mL tester size aromatherapy spray invites customers to breathe in the naturally relaxing scent of lavender. This is an excellent way for customers to experience the relaxing scent '),(16,'Peppermint Natural Oil Spray','9474-Mini-Peppermint-Aromatherapy-Spray-WB1468344331-600x600.jpg','<p>cc</p>\r\n',12.00,'2.0 ML','Active','<meta http-equiv=\"Content-Type\" content=\"text/html; charset=utf-8\" />\r\n\r\n	<meta name=\"language\" content=\"en\" />\r\n\r\n<meta name=\"description\" content=\"Online Mattress Dealer\">\r\n\r\n<meta name=\"keywords\" content=\"Mattress,Furniture,Pillow\">\r\n\r\n<meta name=\"author\" content=\"Sandiego Mattress \">\r\n\r\n','\r\nMade from real essential oil derived from the M. piperita plant, this 2 mL tester size aromatherapy spray invites customers to breathe in the mood-enhancing scent of peppermint. This is an excellent way for customers to experience the relaxing scent of '),(17,'King Z-Gel Dough Pillow','9628-Zoned Gel Dough_1030x700.jpg','<p>cc</p>\r\n',69.00,'35x16','Active','<meta http-equiv=\"Content-Type\" content=\"text/html; charset=utf-8\" />\r\n\r\n	<meta name=\"language\" content=\"en\" />\r\n\r\n<meta name=\"description\" content=\"Online Mattress Dealer\">\r\n\r\n<meta name=\"keywords\" content=\"Mattress,Furniture,Pillow\">\r\n\r\n<meta name=\"author\" content=\"Sandiego Mattress \">\r\n\r\n','Combining the cooling benefits of Gel Dough with the comfort and breathability of Zones Technology, the Zoned Gel Dough pillow offers optimal comfort for restful sleep. The Gel Dough formula creates a cooler, softer memory foam that maintains form for'),(18,'Queen Z-Gel Dough Pillow','9917-Zoned Gel Dough_1030x700.jpg','<p>cc</p>\r\n',59.00,'29x16','Active','<meta http-equiv=\"Content-Type\" content=\"text/html; charset=utf-8\" />\r\n\r\n	<meta name=\"language\" content=\"en\" />\r\n\r\n<meta name=\"description\" content=\"Online Mattress Dealer\">\r\n\r\n<meta name=\"keywords\" content=\"Mattress,Furniture,Pillow\">\r\n\r\n<meta name=\"author\" content=\"Sandiego Mattress \">\r\n\r\n','Combining the cooling benefits of Gel Dough with the comfort and breathability of Zones Technology, the Zoned Gel Dough pillow offers optimal comfort for restful sleep. The Gel Dough formula creates a cooler, softer memory foam that maintains form for'),(19,'Queen Lavender Z-Gel Dough Pillow','3056-Zoned Dough Lavender_1030x700.jpg','<p>cc</p>\r\n',59.00,'29x16','Active','<meta http-equiv=\"Content-Type\" content=\"text/html; charset=utf-8\" />\r\n\r\n	<meta name=\"language\" content=\"en\" />\r\n\r\n<meta name=\"description\" content=\"Online Mattress Dealer\">\r\n\r\n<meta name=\"keywords\" content=\"Mattress,Furniture,Pillow\">\r\n\r\n<meta name=\"author\" content=\"Sandiego Mattress \">\r\n\r\n','The right softness and support, combined with natural aromatherapy, creates a truly relaxing experience. Plush, curve-conforming Dough memory foam is infused with real lavender oil for cozy, natural relaxation. Lavender has long been used as a natural wa'),(20,'King Lavender Z-Gel Dough Pillow','6087-Zoned Dough Lavender_1030x700.jpg','<p>cc</p>\r\n',69.00,'35x16','Active','<meta http-equiv=\"Content-Type\" content=\"text/html; charset=utf-8\" />\r\n\r\n	<meta name=\"language\" content=\"en\" />\r\n\r\n<meta name=\"description\" content=\"Online Mattress Dealer\">\r\n\r\n<meta name=\"keywords\" content=\"Mattress,Furniture,Pillow\">\r\n\r\n<meta name=\"author\" content=\"Sandiego Mattress \">\r\n\r\n','The right softness and support, combined with natural aromatherapy, creates a truly relaxing experience. Plush, curve-conforming Dough memory foam is infused with real lavender oil for cozy, natural relaxation. Lavender has long been used as a natural wa'),(21,'Queen Chamomile Z-Gel Dough Pillow','5547-Zoned Dough Chamomile_1030x700.jpg','<p>cc</p>\r\n',59.00,'29x16','Active','<meta http-equiv=\"Content-Type\" content=\"text/html; charset=utf-8\" />\r\n\r\n	<meta name=\"language\" content=\"en\" />\r\n\r\n<meta name=\"description\" content=\"Online Mattress Dealer\">\r\n\r\n<meta name=\"keywords\" content=\"Mattress,Furniture,Pillow\">\r\n\r\n<meta name=\"author\" content=\"Sandiego Mattress \">\r\n\r\n','Relax naturally with plush memory foam paired with relaxing aromatherapy spray. Plush, pressure-easing Dough memory foam is infused with the scent of chamomile for cozy, natural relaxation. Roman chamomile is known for its soothing and relaxing propertie'),(22,'King Chamomile Z-Gel Dough Pillow','4209-Zoned Dough Chamomile_1030x700.jpg','<p>cc</p>\r\n',69.00,'35x16','Active','<meta http-equiv=\"Content-Type\" content=\"text/html; charset=utf-8\" />\r\n\r\n	<meta name=\"language\" content=\"en\" />\r\n\r\n<meta name=\"description\" content=\"Online Mattress Dealer\">\r\n\r\n<meta name=\"keywords\" content=\"Mattress,Furniture,Pillow\">\r\n\r\n<meta name=\"author\" content=\"Sandiego Mattress \">\r\n\r\n','Relax naturally with plush memory foam paired with relaxing aromatherapy spray. Plush, pressure-easing Dough memory foam is infused with the scent of chamomile for cozy, natural relaxation. Roman chamomile is known for its soothing and relaxing propertie'),(23,'Queen Peppermint Z-Gel Dough Pillow','9328-Zoned Dough Peppermint_1030x700.jpg','<p>cc</p>\r\n',59.00,'29x16','Active','<meta http-equiv=\"Content-Type\" content=\"text/html; charset=utf-8\" />\r\n\r\n	<meta name=\"language\" content=\"en\" />\r\n\r\n<meta name=\"description\" content=\"Online Mattress Dealer\">\r\n\r\n<meta name=\"keywords\" content=\"Mattress,Furniture,Pillow\">\r\n\r\n<meta name=\"author\" content=\"Sandiego Mattress \">\r\n\r\n','Comfort and support meets natural aromatherapy with the Zoned Dough Peppermint pillow. Plush, curve-conforming Dough memory foam is infused with real peppermint oil for natural relaxation. Peppermint is known to aid in deep, clear breathing and promote '),(24,'King Peppermint Z-Gel Dough Pillow','7164-Gel-Peppermint-pillow_1030x700.jpg','<p>cc</p>\r\n',69.00,'35x16','Active','<meta http-equiv=\"Content-Type\" content=\"text/html; charset=utf-8\" />\r\n\r\n	<meta name=\"language\" content=\"en\" />\r\n\r\n<meta name=\"description\" content=\"Online Mattress Dealer\">\r\n\r\n<meta name=\"keywords\" content=\"Mattress,Furniture,Pillow\">\r\n\r\n<meta name=\"author\" content=\"Sandiego Mattress \">\r\n\r\n','Comfort and support meets natural aromatherapy with the Zoned Dough Peppermint pillow. Plush, curve-conforming Dough memory foam is infused with real peppermint oil for natural relaxation. Peppermint is known to aid in deep, clear breathing and promote '),(27,'Z-Convolution Queen Soft Pillow','7727-Convolution Super Soft Pillow_230x175.jpg','<p>cc</p>\r\n',59.00,'29x16','Active','<meta http-equiv=\"Content-Type\" content=\"text/html; charset=utf-8\" />\r\n\r\n	<meta name=\"language\" content=\"en\" />\r\n\r\n<meta name=\"description\" content=\"Online Mattress Dealer\">\r\n\r\n<meta name=\"keywords\" content=\"Mattress,Furniture,Pillow\">\r\n\r\n<meta name=\"author\" content=\"Sandiego Mattress \">\r\n\r\n','Created for ultimate versatility and comfort, the Gel Convolution pillow includes a removable Gel Dough core encased in Gelled Microfiber fill offering different levels of customizable support for all sleeping positions. The convoluted memory foam core is'),(28,'Z-Convolution King Soft Pillow','6393-Convolution Super Soft Pillow_230x175.jpg','<p>cc</p>\r\n',69.00,'35x16','Active','<meta http-equiv=\"Content-Type\" content=\"text/html; charset=utf-8\" />\r\n\r\n	<meta name=\"language\" content=\"en\" />\r\n\r\n<meta name=\"description\" content=\"Online Mattress Dealer\">\r\n\r\n<meta name=\"keywords\" content=\"Mattress,Furniture,Pillow\">\r\n\r\n<meta name=\"author\" content=\"Sandiego Mattress \">\r\n\r\n','Created for ultimate versatility and comfort, the Gel Convolution pillow includes a removable Gel Dough core encased in Gelled Microfiber fill offering different levels of customizable support for all sleeping positions. The convoluted memory foam core is'),(29,'Shoulder Gel Side Sleeper Queen','4031-Shoulder-Gel-Side-Sleeper-Pillow_230x175.jpg','<p>cc</p>\r\n',59.00,'29x16','Active','<meta http-equiv=\"Content-Type\" content=\"text/html; charset=utf-8\" />\r\n\r\n	<meta name=\"language\" content=\"en\" />\r\n\r\n<meta name=\"description\" content=\"Online Mattress Dealer\">\r\n\r\n<meta name=\"keywords\" content=\"Mattress,Furniture,Pillow\">\r\n\r\n<meta name=\"author\" content=\"Sandiego Mattress \">\r\n\r\n','Gel-infused Dough memory foam cradles the head and neck to relieve pressure, while an ample layer of liquid Z Gel captures and distributes heat for a comfortable sleep temperature. Combined our best cooling technologies with a unique shoulder recess that '),(30,'Shoulder Gel Side Sleeper King','4179-Shoulder-Gel-Side-Sleeper-Pillow_230x175.jpg','<p>cc</p>\r\n',69.00,'35x16','Active','<meta http-equiv=\"Content-Type\" content=\"text/html; charset=utf-8\" />\r\n\r\n	<meta name=\"language\" content=\"en\" />\r\n\r\n<meta name=\"description\" content=\"Online Mattress Dealer\">\r\n\r\n<meta name=\"keywords\" content=\"Mattress,Furniture,Pillow\">\r\n\r\n<meta name=\"author\" content=\"Sandiego Mattress \">\r\n\r\n','Gel-infused Dough memory foam cradles the head and neck to relieve pressure, while an ample layer of liquid Z Gel captures and distributes heat for a comfortable sleep temperature. Combined our best cooling technologies with a unique shoulder recess that '),(31,'Bamboo Memory Foam Pillow Queen','8285-Bamboo-Pillow-and-Roll-Case_230x175.jpg','<p>cc</p>\r\n',22.00,'29x16','Active','<meta http-equiv=\"Content-Type\" content=\"text/html; charset=utf-8\" />\r\n\r\n	<meta name=\"language\" content=\"en\" />\r\n\r\n<meta name=\"description\" content=\"Online Mattress Dealer\">\r\n\r\n<meta name=\"keywords\" content=\"Mattress,Furniture,Pillow\">\r\n\r\n<meta name=\"author\" content=\"Sandiego Mattress \">\r\n\r\n','One of favorite pillows! Filled with a memory foam filling and features a removable and washable cover that has real bamboo fiber to help keep you cooler.\r\n\r\n*Cover is 40%Bamboo/60%Polyester Hypoallergenic\r\n*100% Shredded Memory Foam\r\n*Conforms to your sl'),(32,'Bamboo Memory Foam Pillow King','3681-Bamboo-Pillow-and-Roll-Case_230x175.jpg','<p>cc</p>\r\n',24.00,'35x16','Active','<meta http-equiv=\"Content-Type\" content=\"text/html; charset=utf-8\" />\r\n\r\n	<meta name=\"language\" content=\"en\" />\r\n\r\n<meta name=\"description\" content=\"Online Mattress Dealer\">\r\n\r\n<meta name=\"keywords\" content=\"Mattress,Furniture,Pillow\">\r\n\r\n<meta name=\"author\" content=\"Sandiego Mattress \">\r\n\r\n','One of favorite pillows! Filled with a memory foam filling and features a removable and washable cover that has real bamboo fiber to help keep you cooler.\r\n\r\n*Cover is 40%Bamboo/60%Polyester Hypoallergenic\r\n*100% Shredded Memory Foam\r\n*Conforms to your sl'),(33,'Corona Twin Mattress','2745-Corona_230x174.jpg','<p>Twin Mattress</p>\r\n',98.00,'38x74x8\"','Active','<meta http-equiv=\"Content-Type\" content=\"text/html; charset=utf-8\" />\r\n\r\n	<meta name=\"language\" content=\"en\" />\r\n\r\n<meta name=\"description\" content=\"Online Mattress Dealer\">\r\n\r\n<meta name=\"keywords\" content=\"Mattress,Furniture,Pillow\">\r\n\r\n<meta name=\"author\" content=\"Sandiego Mattress \">\r\n\r\n','Twin Mattress'),(34,'Corona Twin Matt + Box','7857-Corona_230x174.jpg','<p>Twin Box Set</p>\r\n',148.00,'38x74','Active','<meta http-equiv=\"Content-Type\" content=\"text/html; charset=utf-8\" />\r\n\r\n	<meta name=\"language\" content=\"en\" />\r\n\r\n<meta name=\"description\" content=\"Online Mattress Dealer\">\r\n\r\n<meta name=\"keywords\" content=\"Mattress,Furniture,Pillow\">\r\n\r\n<meta name=\"author\" content=\"Sandiego Mattress \">\r\n\r\n','Twin Mattress + Box'),(35,'Corona Full Mattress','2904-Corona_230x174.jpg','<p>Corona Full Mattress</p>\r\n',148.00,'52x74x8\"','Active','<meta http-equiv=\"Content-Type\" content=\"text/html; charset=utf-8\" />\r\n\r\n	<meta name=\"language\" content=\"en\" />\r\n\r\n<meta name=\"description\" content=\"Online Mattress Dealer\">\r\n\r\n<meta name=\"keywords\" content=\"Mattress,Furniture,Pillow\">\r\n\r\n<meta name=\"author\" content=\"Corona Full Mattress \">\r\n\r\n','Corona Full Mattress'),(36,'Corona Full Mattress + Box','4506-Corona_230x174.jpg','<p>Corona Full Mattress + Box</p>\r\n',209.00,'52x74','Active','<meta http-equiv=\"Content-Type\" content=\"text/html; charset=utf-8\" />\r\n\r\n	<meta name=\"language\" content=\"en\" />\r\n\r\n<meta name=\"description\" content=\"Corona Full Mattress Set\">\r\n\r\n<meta name=\"keywords\" content=\"Mattress,Furniture,Pillow\">\r\n\r\n<meta name=\"author\" content=\"Sandiego Mattress \">\r\n\r\n','Corona Full Mattress + Box'),(37,'Corona Queen Mattress','7267-Corona_230x174.jpg','<p>Corona Queen&nbsp;Mattress&nbsp;</p>\r\n',178.00,'60x80x8\"','Active','<meta http-equiv=\"Content-Type\" content=\"text/html; charset=utf-8\" />\r\n\r\n	<meta name=\"language\" content=\"en\" />\r\n\r\n<meta name=\"description\" content=\"Online Mattress Dealer\">\r\n\r\n<meta name=\"keywords\" content=\"Mattress,Furniture,Pillow\">\r\n\r\n<meta name=\"author\" content=\"Corona Queen Mattress \">\r\n\r\n','Corona QueenMattress'),(38,'Corona Queen Mattress + Box','8141-Corona_230x174.jpg','<p>Corona Queen&nbsp;Mattress + Box</p>\r\n',248.00,'60x80','Active','<meta http-equiv=\"Content-Type\" content=\"text/html; charset=utf-8\" />\r\n\r\n	<meta name=\"language\" content=\"en\" />\r\n\r\n<meta name=\"description\" content=\"Online Mattress Dealer\">\r\n\r\n<meta name=\"keywords\" content=\"Mattress,Furniture,Pillow\">\r\n\r\n<meta name=\"author\" content=\"Corona Queen Mattress \">\r\n\r\n','Corona QueenMattress + Box'),(39,'Carmel Twin Mattress + Box','1218-Carmel Mattress_230x175.jpg','<p>Carmel Twin Mattress + Box</p>\r\n',168.00,'38x74x91/2\"','Active','<meta http-equiv=\"Content-Type\" content=\"text/html; charset=utf-8\" />\r\n\r\n	<meta name=\"language\" content=\"en\" />\r\n\r\n<meta name=\"description\" content=\"Online Mattress Dealer\">\r\n\r\n<meta name=\"keywords\" content=\"Mattress,Furniture,Pillow\">\r\n\r\n<meta name=\"author\" content=\"Sandiego Mattress \">\r\n\r\n','Carmel Twin Mattress + Box'),(40,'Carmel Full Mattress ','232-Carmel Mattress_230x175.jpg','<p>Carmel Full Mattress&nbsp;</p>\r\n',168.00,'52x74x91/2\"','Active','<meta http-equiv=\"Content-Type\" content=\"text/html; charset=utf-8\" />\r\n\r\n	<meta name=\"language\" content=\"en\" />\r\n\r\n<meta name=\"description\" content=\"Online Mattress Dealer\">\r\n\r\n<meta name=\"keywords\" content=\"Mattress,Furniture,Pillow\">\r\n\r\n<meta name=\"author\" content=\"Sandiego Mattress \">\r\n\r\n','Carmel Full Mattress '),(41,'Carmel Full Mattress  + Box','8760-Carmel Mattress_230x175.jpg','<p>Carmel Full Mattress + Box</p>\r\n',229.00,'52x74x91/2\"','Active','<meta http-equiv=\"Content-Type\" content=\"text/html; charset=utf-8\" />\r\n\r\n	<meta name=\"language\" content=\"en\" />\r\n\r\n<meta name=\"description\" content=\"Online Mattress Dealer\">\r\n\r\n<meta name=\"keywords\" content=\"Mattress,Furniture,Pillow\">\r\n\r\n<meta name=\"author\" content=\"Sandiego Mattress \">\r\n\r\n','Carmel Full Mattress + Box'),(51,'St. Maarten Twin Mattress + Box','1965-St.-Maarten-Corner_1057x453.jpg','<p>cc</p>\r\n',229.00,'38x74x12\"','Active','<meta http-equiv=\"Content-Type\" content=\"text/html; charset=utf-8\" />\r\n\r\n	<meta name=\"language\" content=\"en\" />\r\n\r\n<meta name=\"description\" content=\"Online Mattress Dealer\">\r\n\r\n<meta name=\"keywords\" content=\"Mattress,Furniture,Pillow\">\r\n\r\n<meta name=\"author\" content=\"Sandiego Mattress \">\r\n\r\n','cc'),(52,'St. Maarten Full  Mattress','3111-St.-Maarten-Corner_1057x453.jpg','<p>cc</p>\r\n',209.00,'52x74x12\"','Active','<meta http-equiv=\"Content-Type\" content=\"text/html; charset=utf-8\" />\r\n\r\n	<meta name=\"language\" content=\"en\" />\r\n\r\n<meta name=\"description\" content=\"Online Mattress Dealer\">\r\n\r\n<meta name=\"keywords\" content=\"Mattress,Furniture,Pillow\">\r\n\r\n<meta name=\"author\" content=\"Sandiego Mattress \">\r\n\r\n','cc'),(53,'St. Maarten Full  Mattress + Box','1302-St.-Maarten-Corner_1057x453.jpg','<p>CC</p>\r\n',289.00,'52x74x12\"','Active','<meta http-equiv=\"Content-Type\" content=\"text/html; charset=utf-8\" />\r\n\r\n	<meta name=\"language\" content=\"en\" />\r\n\r\n<meta name=\"description\" content=\"Online Mattress Dealer\">\r\n\r\n<meta name=\"keywords\" content=\"Mattress,Furniture,Pillow\">\r\n\r\n<meta name=\"author\" content=\"Sandiego Mattress \">\r\n\r\n','cc'),(54,'St. Maarten Queen Mattress','778-St.-Maarten-Corner_1057x453.jpg','<p>cc</p>\r\n',239.00,'60x80x12\"','Active','<meta http-equiv=\"Content-Type\" content=\"text/html; charset=utf-8\" />\r\n\r\n	<meta name=\"language\" content=\"en\" />\r\n\r\n<meta name=\"description\" content=\"Online Mattress Dealer\">\r\n\r\n<meta name=\"keywords\" content=\"Mattress,Furniture,Pillow\">\r\n\r\n<meta name=\"author\" content=\"Sandiego Mattress \">\r\n\r\n','CC'),(55,'St. Maarten Queen Mattress + Box','1296-St.-Maarten-Corner_1057x453.jpg','<p>cc</p>\r\n',339.00,'60x80x12\"','Active','<meta http-equiv=\"Content-Type\" content=\"text/html; charset=utf-8\" />\r\n\r\n	<meta name=\"language\" content=\"en\" />\r\n\r\n<meta name=\"description\" content=\"Online Mattress Dealer\">\r\n\r\n<meta name=\"keywords\" content=\"Mattress,Furniture,Pillow\">\r\n\r\n<meta name=\"author\" content=\"Sandiego Mattress \">\r\n\r\n','cc'),(56,'St. Maarten King Mattress','2305-St.-Maarten-Corner_1057x453.jpg','<p>cc</p>\r\n',329.00,'76x80x12\"','Active','<meta http-equiv=\"Content-Type\" content=\"text/html; charset=utf-8\" />\r\n\r\n	<meta name=\"language\" content=\"en\" />\r\n\r\n<meta name=\"description\" content=\"Online Mattress Dealer\">\r\n\r\n<meta name=\"keywords\" content=\"Mattress,Furniture,Pillow\">\r\n\r\n<meta name=\"author\" content=\"Sandiego Mattress \">\r\n\r\n','cc'),(57,'St. Maarten King Mattress + Box','7969-St.-Maarten-Corner_1057x453.jpg','<p>CC</p>\r\n',429.00,'76x80x12\"','Active','<meta http-equiv=\"Content-Type\" content=\"text/html; charset=utf-8\" />\r\n\r\n	<meta name=\"language\" content=\"en\" />\r\n\r\n<meta name=\"description\" content=\"Online Mattress Dealer\">\r\n\r\n<meta name=\"keywords\" content=\"Mattress,Furniture,Pillow\">\r\n\r\n<meta name=\"author\" content=\"Sandiego Mattress \">\r\n\r\n','cc'),(58,'St. Maarten Ca. King Mattress','6758-St.-Maarten-Corner_1057x453.jpg','<p>cc</p>\r\n',329.00,'72x84x12\"','Active','<meta http-equiv=\"Content-Type\" content=\"text/html; charset=utf-8\" />\r\n\r\n	<meta name=\"language\" content=\"en\" />\r\n\r\n<meta name=\"description\" content=\"Online Mattress Dealer\">\r\n\r\n<meta name=\"keywords\" content=\"Mattress,Furniture,Pillow\">\r\n\r\n<meta name=\"author\" content=\"Sandiego Mattress \">\r\n\r\n','cc'),(59,'St. Maarten Ca. King Mattress + Box','8064-St.-Maarten-Corner_1057x453.jpg','<p>cc</p>\r\n',429.00,'72x84x12\"','Active','<meta http-equiv=\"Content-Type\" content=\"text/html; charset=utf-8\" />\r\n\r\n	<meta name=\"language\" content=\"en\" />\r\n\r\n<meta name=\"description\" content=\"Online Mattress Dealer\">\r\n\r\n<meta name=\"keywords\" content=\"Mattress,Furniture,Pillow\">\r\n\r\n<meta name=\"author\" content=\"Sandiego Mattress \">\r\n\r\n','cc'),(60,'Biotic Twin Mattress + Box','4818-Biotic Mattress Pillow Top_230x175.jpg','<p>CC</p>\r\n',229.00,'38x74x12\"','Active','<meta http-equiv=\"Content-Type\" content=\"text/html; charset=utf-8\" />\r\n\r\n	<meta name=\"language\" content=\"en\" />\r\n\r\n<meta name=\"description\" content=\"Online Mattress Dealer\">\r\n\r\n<meta name=\"keywords\" content=\"Mattress,Furniture,Pillow\">\r\n\r\n<meta name=\"author\" content=\"Sandiego Mattress \">\r\n\r\n','Cc'),(62,'Biotic Full Mattress ','2021-Biotic Mattress Pillow Top_230x175.jpg','<p>CC</p>\r\n',229.00,'52x74x12\"','Active','<meta http-equiv=\"Content-Type\" content=\"text/html; charset=utf-8\" />\r\n\r\n	<meta name=\"language\" content=\"en\" />\r\n\r\n<meta name=\"description\" content=\"Online Mattress Dealer\">\r\n\r\n<meta name=\"keywords\" content=\"Mattress,Furniture,Pillow\">\r\n\r\n<meta name=\"author\" content=\"Sandiego Mattress \">\r\n\r\n','CC'),(63,'Biotic Full Mattress + Box','75-Biotic Mattress Pillow Top_230x175.jpg','<p>CC</p>\r\n',289.00,'52x74x12\"','Active','<meta http-equiv=\"Content-Type\" content=\"text/html; charset=utf-8\" />\r\n\r\n	<meta name=\"language\" content=\"en\" />\r\n\r\n<meta name=\"description\" content=\"Online Mattress Dealer\">\r\n\r\n<meta name=\"keywords\" content=\"Mattress,Furniture,Pillow\">\r\n\r\n<meta name=\"author\" content=\"Sandiego Mattress \">\r\n\r\n','CC'),(64,'Biotic Queen Mattress','9606-Biotic Mattress Pillow Top_230x175.jpg','<p>CC</p>\r\n',239.00,'60x80x12\"','Active','<meta http-equiv=\"Content-Type\" content=\"text/html; charset=utf-8\" />\r\n\r\n	<meta name=\"language\" content=\"en\" />\r\n\r\n<meta name=\"description\" content=\"Online Mattress Dealer\">\r\n\r\n<meta name=\"keywords\" content=\"Mattress,Furniture,Pillow\">\r\n\r\n<meta name=\"author\" content=\"Sandiego Mattress \">\r\n\r\n','CC'),(65,'Biotic Queen Mattress + Box','9421-Biotic Mattress Pillow Top_230x175.jpg','<p>CC</p>\r\n',339.00,'60x80x12\"','Active','<meta http-equiv=\"Content-Type\" content=\"text/html; charset=utf-8\" />\r\n\r\n	<meta name=\"language\" content=\"en\" />\r\n\r\n<meta name=\"description\" content=\"Online Mattress Dealer\">\r\n\r\n<meta name=\"keywords\" content=\"Mattress,Furniture,Pillow\">\r\n\r\n<meta name=\"author\" content=\"Sandiego Mattress \">\r\n\r\n','CC'),(66,'Biotic King Mattress','2436-Biotic Mattress Pillow Top_230x175.jpg','<p>CC</p>\r\n',329.00,'76x80x12\"','Active','<meta http-equiv=\"Content-Type\" content=\"text/html; charset=utf-8\" />\r\n\r\n	<meta name=\"language\" content=\"en\" />\r\n\r\n<meta name=\"description\" content=\"Online Mattress Dealer\">\r\n\r\n<meta name=\"keywords\" content=\"Mattress,Furniture,Pillow\">\r\n\r\n<meta name=\"author\" content=\"Sandiego Mattress \">\r\n\r\n','CC'),(67,'Biotic King Mattress + Box','4456-Biotic Mattress Pillow Top_230x175.jpg','<p>CC</p>\r\n',429.00,'76x80x12\"','Active','<meta http-equiv=\"Content-Type\" content=\"text/html; charset=utf-8\" />\r\n\r\n	<meta name=\"language\" content=\"en\" />\r\n\r\n<meta name=\"description\" content=\"Online Mattress Dealer\">\r\n\r\n<meta name=\"keywords\" content=\"Mattress,Furniture,Pillow\">\r\n\r\n<meta name=\"author\" content=\"Sandiego Mattress \">\r\n\r\n','CC'),(68,'Biotic Cal. King Mattress','2330-Biotic Mattress Pillow Top_230x175.jpg','<p>CC</p>\r\n',329.00,'72x84x12\"','Active','<meta http-equiv=\"Content-Type\" content=\"text/html; charset=utf-8\" />\r\n\r\n	<meta name=\"language\" content=\"en\" />\r\n\r\n<meta name=\"description\" content=\"Online Mattress Dealer\">\r\n\r\n<meta name=\"keywords\" content=\"Mattress,Furniture,Pillow\">\r\n\r\n<meta name=\"author\" content=\"Sandiego Mattress \">\r\n\r\n','CC'),(69,'Biotic Cal. King Mattress + Box','8473-Biotic Mattress Pillow Top_230x175.jpg','<p>CC</p>\r\n',429.00,'72x84x12\"','Active','<meta http-equiv=\"Content-Type\" content=\"text/html; charset=utf-8\" />\r\n\r\n	<meta name=\"language\" content=\"en\" />\r\n\r\n<meta name=\"description\" content=\"Online Mattress Dealer\">\r\n\r\n<meta name=\"keywords\" content=\"Mattress,Furniture,Pillow\">\r\n\r\n<meta name=\"author\" content=\"Sandiego Mattress \">\r\n\r\n','CC'),(70,'Chenille Firm Twin Mattress + Box','9422-Chenille Firm Mattress_230x175.jpg','<p>CC</p>\r\n',299.00,'38x74x11\"','Active','<meta http-equiv=\"Content-Type\" content=\"text/html; charset=utf-8\" />\r\n\r\n	<meta name=\"language\" content=\"en\" />\r\n\r\n<meta name=\"description\" content=\"Online Mattress Dealer\">\r\n\r\n<meta name=\"keywords\" content=\"Mattress,Furniture,Pillow\">\r\n\r\n<meta name=\"author\" content=\"Sandiego Mattress \">\r\n\r\n','The Chenille firm mattress collection is popular for those looking for a firm, comfortable quality mattress while still low priced with a lot of incredible features:\r\n\r\nIndividual Wrap Coils\r\nFoam Encased Support Edges\r\nTru-Cool Cotton Fabric\r\n\r\n\r\n'),(71,'Chenille Firm Full Mattress','5433-Chenille Firm Mattress_230x175.jpg','<p>cc</p>\r\n',259.00,'52x74x11\"','Active','<meta http-equiv=\"Content-Type\" content=\"text/html; charset=utf-8\" />\r\n\r\n	<meta name=\"language\" content=\"en\" />\r\n\r\n<meta name=\"description\" content=\"Online Mattress Dealer\">\r\n\r\n<meta name=\"keywords\" content=\"Mattress,Furniture,Pillow\">\r\n\r\n<meta name=\"author\" content=\"Sandiego Mattress \">\r\n\r\n','cc'),(72,'Chenille Firm Full Mattress + Box','6778-Chenille Firm Mattress_230x175.jpg','<p>cc</p>\r\n',359.00,'52x74x11\"','Active','<meta http-equiv=\"Content-Type\" content=\"text/html; charset=utf-8\" />\r\n\r\n	<meta name=\"language\" content=\"en\" />\r\n\r\n<meta name=\"description\" content=\"Online Mattress Dealer\">\r\n\r\n<meta name=\"keywords\" content=\"Mattress,Furniture,Pillow\">\r\n\r\n<meta name=\"author\" content=\"Sandiego Mattress \">\r\n\r\n','cc'),(73,'Chenille Firm Queen Mattress','2115-Chenille Firm Mattress_230x175.jpg','<p>cc</p>\r\n',299.00,'60x80x11\"','Active','<meta http-equiv=\"Content-Type\" content=\"text/html; charset=utf-8\" />\r\n\r\n	<meta name=\"language\" content=\"en\" />\r\n\r\n<meta name=\"description\" content=\"Online Mattress Dealer\">\r\n\r\n<meta name=\"keywords\" content=\"Mattress,Furniture,Pillow\">\r\n\r\n<meta name=\"author\" content=\"Sandiego Mattress \">\r\n\r\n','cc'),(74,'Chenille Firm Queen Mattress + Box','4826-Chenille Firm Mattress_230x175.jpg','<p>cc</p>\r\n',399.00,'60x80x11\"','Active','<meta http-equiv=\"Content-Type\" content=\"text/html; charset=utf-8\" />\r\n\r\n	<meta name=\"language\" content=\"en\" />\r\n\r\n<meta name=\"description\" content=\"Online Mattress Dealer\">\r\n\r\n<meta name=\"keywords\" content=\"Mattress,Furniture,Pillow\">\r\n\r\n<meta name=\"author\" content=\"Sandiego Mattress \">\r\n\r\n','cc'),(75,'Chenille Firm King Mattress','9396-Chenille Firm Mattress_230x175.jpg','<p>cc</p>\r\n',399.00,'76x80x11\"','Active','<meta http-equiv=\"Content-Type\" content=\"text/html; charset=utf-8\" />\r\n\r\n	<meta name=\"language\" content=\"en\" />\r\n\r\n<meta name=\"description\" content=\"Online Mattress Dealer\">\r\n\r\n<meta name=\"keywords\" content=\"Mattress,Furniture,Pillow\">\r\n\r\n<meta name=\"author\" content=\"Sandiego Mattress \">\r\n\r\n','cc'),(76,'Chenille Firm King Mattress + Box','8614-Chenille Firm Mattress_230x175.jpg','<p>cc</p>\r\n',529.00,'76x80x11\"','Active','<meta http-equiv=\"Content-Type\" content=\"text/html; charset=utf-8\" />\r\n\r\n	<meta name=\"language\" content=\"en\" />\r\n\r\n<meta name=\"description\" content=\"Online Mattress Dealer\">\r\n\r\n<meta name=\"keywords\" content=\"Mattress,Furniture,Pillow\">\r\n\r\n<meta name=\"author\" content=\"Sandiego Mattress \">\r\n\r\n','cc'),(77,'Chenille Firm Ca. King Mattress','1563-Chenille Firm Mattress_230x175.jpg','<p>cc</p>\r\n',399.00,'72x84x11\"','Active','<meta http-equiv=\"Content-Type\" content=\"text/html; charset=utf-8\" />\r\n\r\n	<meta name=\"language\" content=\"en\" />\r\n\r\n<meta name=\"description\" content=\"Online Mattress Dealer\">\r\n\r\n<meta name=\"keywords\" content=\"Mattress,Furniture,Pillow\">\r\n\r\n<meta name=\"author\" content=\"Sandiego Mattress \">\r\n\r\n','cc'),(78,'Chenille Firm Ca. King Mattress + Box','8265-Chenille Firm Mattress_230x175.jpg','<p>cc</p>\r\n',529.00,'72x84x11\"','Active','<meta http-equiv=\"Content-Type\" content=\"text/html; charset=utf-8\" />\r\n\r\n	<meta name=\"language\" content=\"en\" />\r\n\r\n<meta name=\"description\" content=\"Online Mattress Dealer\">\r\n\r\n<meta name=\"keywords\" content=\"Mattress,Furniture,Pillow\">\r\n\r\n<meta name=\"author\" content=\"Sandiego Mattress \">\r\n\r\n','cc'),(79,'Crystal Twin Mattress + Box','8204-Crystal Mattress CornerWide_230x175.jpg','<p>cc</p>\r\n',299.00,'38x74x11\"','Active','<meta http-equiv=\"Content-Type\" content=\"text/html; charset=utf-8\" />\r\n\r\n	<meta name=\"language\" content=\"en\" />\r\n\r\n<meta name=\"description\" content=\"Online Mattress Dealer\">\r\n\r\n<meta name=\"keywords\" content=\"Mattress,Furniture,Pillow\">\r\n\r\n<meta name=\"author\" content=\"Sandiego Mattress \">\r\n\r\n','cc'),(80,'Crystal Full Mattress','7957-Crystal Mattress CornerWide_230x175.jpg','<p>cc</p>\r\n',248.00,'52x74x11\"','Active','<meta http-equiv=\"Content-Type\" content=\"text/html; charset=utf-8\" />\r\n\r\n	<meta name=\"language\" content=\"en\" />\r\n\r\n<meta name=\"description\" content=\"Online Mattress Dealer\">\r\n\r\n<meta name=\"keywords\" content=\"Mattress,Furniture,Pillow\">\r\n\r\n<meta name=\"author\" content=\"Sandiego Mattress \">\r\n\r\n','cc'),(81,'Crystal Full Mattress + Box','6322-Crystal Mattress CornerWide_230x175.jpg','<p>cc</p>\r\n',318.00,'52x74x11\"','Active','<meta http-equiv=\"Content-Type\" content=\"text/html; charset=utf-8\" />\r\n\r\n	<meta name=\"language\" content=\"en\" />\r\n\r\n<meta name=\"description\" content=\"Online Mattress Dealer\">\r\n\r\n<meta name=\"keywords\" content=\"Mattress,Furniture,Pillow\">\r\n\r\n<meta name=\"author\" content=\"Sandiego Mattress \">\r\n\r\n','cc'),(82,'Crystal Queen Mattress','1059-Crystal Mattress CornerWide_230x175.jpg','<p>cc</p>\r\n',278.00,'60x80x11\"','Active','<meta http-equiv=\"Content-Type\" content=\"text/html; charset=utf-8\" />\r\n\r\n	<meta name=\"language\" content=\"en\" />\r\n\r\n<meta name=\"description\" content=\"Online Mattress Dealer\">\r\n\r\n<meta name=\"keywords\" content=\"Mattress,Furniture,Pillow\">\r\n\r\n<meta name=\"author\" content=\"Sandiego Mattress \">\r\n\r\n','cc'),(83,'Crystal Queen Mattress + Box','9089-Crystal Mattress CornerWide_230x175.jpg','<p>cc</p>\r\n',378.00,'60x80x11\"','Active','<meta http-equiv=\"Content-Type\" content=\"text/html; charset=utf-8\" />\r\n\r\n	<meta name=\"language\" content=\"en\" />\r\n\r\n<meta name=\"description\" content=\"Online Mattress Dealer\">\r\n\r\n<meta name=\"keywords\" content=\"Mattress,Furniture,Pillow\">\r\n\r\n<meta name=\"author\" content=\"Sandiego Mattress \">\r\n\r\n','cc'),(84,'Crystal King Mattress','3168-Crystal Mattress CornerWide_230x175.jpg','<p>cc</p>\r\n',429.00,'76x80x11\"','Active','<meta http-equiv=\"Content-Type\" content=\"text/html; charset=utf-8\" />\r\n\r\n	<meta name=\"language\" content=\"en\" />\r\n\r\n<meta name=\"description\" content=\"Online Mattress Dealer\">\r\n\r\n<meta name=\"keywords\" content=\"Mattress,Furniture,Pillow\">\r\n\r\n<meta name=\"author\" content=\"Sandiego Mattress \">\r\n\r\n','cc'),(85,'Crystal King Mattress + Box','5537-Crystal Mattress CornerWide_230x175.jpg','<p>cc</p>\r\n',549.00,'76x80x11\"','Active','<meta http-equiv=\"Content-Type\" content=\"text/html; charset=utf-8\" />\r\n\r\n	<meta name=\"language\" content=\"en\" />\r\n\r\n<meta name=\"description\" content=\"Online Mattress Dealer\">\r\n\r\n<meta name=\"keywords\" content=\"Mattress,Furniture,Pillow\">\r\n\r\n<meta name=\"author\" content=\"Sandiego Mattress \">\r\n\r\n','cc'),(86,'Crystal Ca.King Mattress','9562-Crystal Mattress CornerWide_230x175.jpg','<p>cc</p>\r\n',429.00,'72x84x11\"','Active','<meta http-equiv=\"Content-Type\" content=\"text/html; charset=utf-8\" />\r\n\r\n	<meta name=\"language\" content=\"en\" />\r\n\r\n<meta name=\"description\" content=\"Online Mattress Dealer\">\r\n\r\n<meta name=\"keywords\" content=\"Mattress,Furniture,Pillow\">\r\n\r\n<meta name=\"author\" content=\"Sandiego Mattress \">\r\n\r\n','cc'),(87,'Crystal Ca.King Mattress + Box','7882-Crystal Mattress CornerWide_230x175.jpg','<p>cc</p>\r\n',529.00,'72x84x11\"','Active','<meta http-equiv=\"Content-Type\" content=\"text/html; charset=utf-8\" />\r\n\r\n	<meta name=\"language\" content=\"en\" />\r\n\r\n<meta name=\"description\" content=\"Online Mattress Dealer\">\r\n\r\n<meta name=\"keywords\" content=\"Mattress,Furniture,Pillow\">\r\n\r\n<meta name=\"author\" content=\"Sandiego Mattress \">\r\n\r\n','ss'),(88,'Value Comfort Twin Mattress + Box','7941-Value-Comfort-Pillow-Top-Mattress_1057x453.jpg','<p><span style=\"font-size:16px\">Test where mattress collection description comes out</span></p>\r\n',188.00,'38x74x10\"','Active','<meta http-equiv=\"Content-Type\" content=\"text/html; charset=utf-8\" />\r\n\r\n	<meta name=\"language\" content=\"en\" />\r\n\r\n<meta name=\"description\" content=\"Online Mattress Dealer\">\r\n\r\n<meta name=\"keywords\" content=\"Mattress,Furniture,Pillow\">\r\n\r\n<meta name=\"author\" content=\"Sandiego Mattress \">\r\n\r\n','Test where sub product shopping details comes out'),(89,'Value Comfort Full Mattress','3124-Value-Comfort-Pillow-Top-Mattress_1057x453.jpg','<p><span style=\"font-size:16px\">Test where mattress collection description comes out</span></p>\r\n',188.00,'52x74x10\"','Active','<meta http-equiv=\"Content-Type\" content=\"text/html; charset=utf-8\" />\r\n\r\n	<meta name=\"language\" content=\"en\" />\r\n\r\n<meta name=\"description\" content=\"Online Mattress Dealer\">\r\n\r\n<meta name=\"keywords\" content=\"Mattress,Furniture,Pillow\">\r\n\r\n<meta name=\"author\" content=\"Sandiego Mattress \">\r\n\r\n','Test where sub product shopping details comes out'),(90,'Value Comfort Full Mattress + Box','7083-Value-Comfort-Pillow-Top-Mattress_1057x453.jpg','<p>test</p>\r\n',258.00,'52x74x10\"','Active','<meta http-equiv=\"Content-Type\" content=\"text/html; charset=utf-8\" />\r\n\r\n	<meta name=\"language\" content=\"en\" />\r\n\r\n<meta name=\"description\" content=\"Online Mattress Dealer\">\r\n\r\n<meta name=\"keywords\" content=\"Mattress,Furniture,Pillow\">\r\n\r\n<meta name=\"author\" content=\"Sandiego Mattress \">\r\n\r\n','test'),(91,'Value Comfort Queen Mattress','6815-Value-Comfort-Pillow-Top-Mattress_1057x453.jpg','<p>Test</p>\r\n',198.00,'60x80x10\"','Active','<meta http-equiv=\"Content-Type\" content=\"text/html; charset=utf-8\" />\r\n\r\n	<meta name=\"language\" content=\"en\" />\r\n\r\n<meta name=\"description\" content=\"Online Mattress Dealer\">\r\n\r\n<meta name=\"keywords\" content=\"Mattress,Furniture,Pillow\">\r\n\r\n<meta name=\"author\" content=\"Sandiego Mattress \">\r\n\r\n','test'),(92,'Value Comfort Queen Mattress + Box','5033-Value-Comfort-Pillow-Top-Mattress_1057x453.jpg','<p>test</p>\r\n',298.00,'60x80x10\"','Active','<meta http-equiv=\"Content-Type\" content=\"text/html; charset=utf-8\" />\r\n\r\n	<meta name=\"language\" content=\"en\" />\r\n\r\n<meta name=\"description\" content=\"Online Mattress Dealer\">\r\n\r\n<meta name=\"keywords\" content=\"Mattress,Furniture,Pillow\">\r\n\r\n<meta name=\"author\" content=\"Sandiego Mattress \">\r\n\r\n','test'),(93,'Value Comfort King Mattress','3024-Value-Comfort-Pillow-Top-Mattress_1057x453.jpg','<p>test</p>\r\n',248.00,'76x80x10\"','Active','<meta http-equiv=\"Content-Type\" content=\"text/html; charset=utf-8\" />\r\n\r\n	<meta name=\"language\" content=\"en\" />\r\n\r\n<meta name=\"description\" content=\"Online Mattress Dealer\">\r\n\r\n<meta name=\"keywords\" content=\"Mattress,Furniture,Pillow\">\r\n\r\n<meta name=\"author\" content=\"Sandiego Mattress \">\r\n\r\n','test'),(94,'Value Comfort King Mattress + Box','7156-Value-Comfort-Pillow-Top-Mattress_1057x453.jpg','<p>test</p>\r\n',378.00,'76x80x10\"','Active','<meta http-equiv=\"Content-Type\" content=\"text/html; charset=utf-8\" />\r\n\r\n	<meta name=\"language\" content=\"en\" />\r\n\r\n<meta name=\"description\" content=\"Online Mattress Dealer\">\r\n\r\n<meta name=\"keywords\" content=\"Mattress,Furniture,Pillow\">\r\n\r\n<meta name=\"author\" content=\"Sandiego Mattress \">\r\n\r\n','test'),(95,'Value Comfort Ca. King Mattress','6793-Value-Comfort-Pillow-Top-Mattress_1057x453.jpg','<p>test</p>\r\n',248.00,'72x84x10\"','Active','<meta http-equiv=\"Content-Type\" content=\"text/html; charset=utf-8\" />\r\n\r\n	<meta name=\"language\" content=\"en\" />\r\n\r\n<meta name=\"description\" content=\"Online Mattress Dealer\">\r\n\r\n<meta name=\"keywords\" content=\"Mattress,Furniture,Pillow\">\r\n\r\n<meta name=\"author\" content=\"Sandiego Mattress \">\r\n\r\n','test'),(96,'Value Comfort Ca. King Mattress + Box','3985-Value-Comfort-Pillow-Top-Mattress_1057x453.jpg','<p>Test</p>\r\n',378.00,'72x84x10\"','Active','<meta http-equiv=\"Content-Type\" content=\"text/html; charset=utf-8\" />\r\n\r\n	<meta name=\"language\" content=\"en\" />\r\n\r\n<meta name=\"description\" content=\"Online Mattress Dealer\">\r\n\r\n<meta name=\"keywords\" content=\"Mattress,Furniture,Pillow\">\r\n\r\n<meta name=\"author\" content=\"Sandiego Mattress \">\r\n\r\n','test'),(97,'Napa Twin Mattress + Box','5209-Napa Set1_PS_1057x453.jpg','<p>Napa 12&quot; Foam Encased Verticoil Pillow Top Mattress</p>\r\n',249.00,'38x74x12\"','Active','<meta http-equiv=\"Content-Type\" content=\"text/html; charset=utf-8\" />\r\n\r\n	<meta name=\"language\" content=\"en\" />\r\n\r\n<meta name=\"description\" content=\"Napa 12\" Foam Encased Mattress\">\r\n\r\n<meta name=\"keywords\" content=\"Mattress,Furniture,Pillow\">\r\n\r\n<meta name=\"author\" content=\"Mattress Store San Diego\">\r\n\r\n','Nice medium feel with an upgraded verticoil spring system and foam encased edge supports.  The Napa is one of our most popular beds for feel, comfort and overall value'),(98,'Napa Full Mattress','5384-Napa Set1_PS_1057x453.jpg','<p><span style=\"font-size:16px\">Napa 12&quot; Foam Encased Verticoil Pillow Top Mattress</span></p>\r\n',239.00,'52x74x12\"','Active','<meta http-equiv=\"Content-Type\" content=\"text/html; charset=utf-8\" />\r\n\r\n	<meta name=\"language\" content=\"en\" />\r\n\r\n<meta name=\"description\" content=\"Napa 12\" Foam Encased Mattress\">\r\n\r\n<meta name=\"keywords\" content=\"Mattress,Furniture,Pillow\">\r\n\r\n<meta name=\"author\" content=\"Mattress Store San Diego\">\r\n\r\n','Nice medium feel with an upgraded verticoil spring system and foam encased edge supports.  The Napa is one of our most popular beds for feel, comfort and overall value'),(99,'Napa Full Mattress + Box','2612-Napa Set1_PS_1057x453.jpg','<p>Napa 12&quot; Foam Encased Verticoil Pillow Top Mattress</p>\r\n',319.00,'52x74x12\"','Active','<meta http-equiv=\"Content-Type\" content=\"text/html; charset=utf-8\" />\r\n\r\n	<meta name=\"language\" content=\"en\" />\r\n\r\n<meta name=\"description\" content=\"Napa Full Mattress set\">\r\n\r\n<meta name=\"keywords\" content=\"Mattress,Furniture,Pillow\">\r\n\r\n<meta name=\"author\" content=\"Mattress Store San Diego\">\r\n\r\n','Nice medium feel with an upgraded verticoil spring system and foam encased edge supports.  The Napa is one of our most popular beds for feel, comfort and overall value'),(100,'Napa Queen Mattress','6398-Napa Set1_PS_1057x453.jpg','<p>Napa 12&quot; Foam Encased Verticoil Pillow Top Mattress</p>\r\n',229.00,'60x80x12\"','Active','<meta http-equiv=\"Content-Type\" content=\"text/html; charset=utf-8\" />\r\n\r\n	<meta name=\"language\" content=\"en\" />\r\n\r\n<meta name=\"description\" content=\"Napa Queen Mattress\">\r\n\r\n<meta name=\"keywords\" content=\"Mattress,Furniture,Pillow\">\r\n\r\n<meta name=\"author\" content=\"Mattress Store San Diego \">\r\n\r\n','Nice medium feel with an upgraded verticoil spring system and foam encased edge supports.  The Napa is one of our most popular beds for feel, comfort and overall value'),(101,'Napa Queen Mattress + Box','8272-Napa Set1_PS_1057x453.jpg','<p>Napa 12&quot; Foam Encased Verticoil Pillow Top Mattress</p>\r\n',329.00,'60x80x12\"','Active','<meta http-equiv=\"Content-Type\" content=\"text/html; charset=utf-8\" />\r\n\r\n	<meta name=\"language\" content=\"en\" />\r\n\r\n<meta name=\"description\" content=\"Napa Queen Mattress\">\r\n\r\n<meta name=\"keywords\" content=\"Mattress,Furniture,Pillow\">\r\n\r\n<meta name=\"author\" content=\"Mattress Store San Diego \">\r\n\r\n','Nice medium feel with an upgraded verticoil spring system and foam encased edge supports.  The Napa is one of our most popular beds for feel, comfort and overall value'),(102,'Napa King Mattress','6924-Napa Set1_PS_1057x453.jpg','<p>Napa 12&quot; Foam Encased Verticoil Pillow Top Mattress</p>\r\n',339.00,'76x80x12\"','Active','<meta http-equiv=\"Content-Type\" content=\"text/html; charset=utf-8\" />\r\n\r\n	<meta name=\"language\" content=\"en\" />\r\n\r\n<meta name=\"description\" content=\"Napa King pillow top mattress\">\r\n\r\n<meta name=\"keywords\" content=\"Mattress,Furniture,Pillow\">\r\n\r\n<meta name=\"author\" content=\"Mattress Store San Diego \">\r\n\r\n','Nice medium feel with an upgraded verticoil spring system and foam encased edge supports.  The Napa is one of our most popular beds for feel, comfort and overall value'),(103,'Napa King Mattress + Box','5022-Napa Set1_PS_1057x453.jpg','<p>Napa 12&quot; Foam Encased Verticoil Pillow Top Mattress</p>\r\n',479.00,'76x80x12\"','Active','<meta http-equiv=\"Content-Type\" content=\"text/html; charset=utf-8\" />\r\n\r\n	<meta name=\"language\" content=\"en\" />\r\n\r\n<meta name=\"description\" content=\"Online Mattress Dealer\">\r\n\r\n<meta name=\"keywords\" content=\"Mattress,Furniture,Pillow\">\r\n\r\n<meta name=\"author\" content=\"Sandiego Mattress \">\r\n\r\n','Nice medium feel with an upgraded verticoil spring system and foam encased edge supports.  The Napa is one of our most popular beds for feel, comfort and overall valueNapa 12\" Foam Encased Verticoil Pillow Top Mattress'),(104,'Napa Ca. King Mattress','6860-Napa Set1_PS_1057x453.jpg','<p>Napa 12&quot; Foam Encased Verticoil Pillow Top Mattress</p>\r\n',339.00,'72x84x12\"','Active','<meta http-equiv=\"Content-Type\" content=\"text/html; charset=utf-8\" />\r\n\r\n	<meta name=\"language\" content=\"en\" />\r\n\r\n<meta name=\"description\" content=\"Napa Cal King Mattress\">\r\n\r\n<meta name=\"keywords\" content=\"Mattress,Furniture,Pillow\">\r\n\r\n<meta name=\"author\" content=\"Mattress Store San Diego\">\r\n\r\n','Nice medium feel with an upgraded verticoil spring system and foam encased edge supports.  The Napa is one of our most popular beds for feel, comfort and overall value'),(105,'Napa Ca. King Mattress + Box','9205-Napa Set1_PS_1057x453.jpg','<p>Napa 12&quot; Foam Encased Verticoil Pillow Top Mattress</p>\r\n',479.00,'72x84x12\"','Active','<meta http-equiv=\"Content-Type\" content=\"text/html; charset=utf-8\" />\r\n\r\n	<meta name=\"language\" content=\"en\" />\r\n\r\n<meta name=\"description\" content=\"Napa Cal King Mattress Set\">\r\n\r\n<meta name=\"keywords\" content=\"Mattress,Furniture,Pillow\">\r\n\r\n<meta name=\"author\" content=\"Mattress Store San Diego \">\r\n\r\n','Nice medium feel with an upgraded verticoil spring system and foam encased edge supports.  The Napa is one of our most popular beds for feel, comfort and overall value'),(106,'Twin Mattress Protector','3553-Prime Smooth_1030x700.jpg','<p>Prime Smooth Mattress Protector</p>\r\n',29.00,'38x74x1\"','Active','<meta http-equiv=\"Content-Type\" content=\"text/html; charset=utf-8\" />\r\n\r\n	<meta name=\"language\" content=\"en\" />\r\n\r\n<meta name=\"description\" content=\"Online Mattress Dealer\">\r\n\r\n<meta name=\"keywords\" content=\"Mattress,Furniture,Pillow\">\r\n\r\n<meta name=\"author\" content=\"Sandiego Mattress \">\r\n\r\n','Twin Prime Smooth Mattress Protector water proof and save your mattress!'),(107,'Full Mattress Protector','9529-Prime Smooth_1030x700.jpg','<p>Prime Smooth Mattress Protector</p>\r\n',35.00,'52x74x1\"','Active','<meta http-equiv=\"Content-Type\" content=\"text/html; charset=utf-8\" />\r\n\r\n	<meta name=\"language\" content=\"en\" />\r\n\r\n<meta name=\"description\" content=\"Online Mattress Dealer\">\r\n\r\n<meta name=\"keywords\" content=\"Mattress,Furniture,Pillow\">\r\n\r\n<meta name=\"author\" content=\"Sandiego Mattress \">\r\n\r\n','Full prime smooth mattress protector.  Water proof and save your mattress from hair, king, moisture, liquids and accidents!'),(108,'Queen Mattress Protector','4219-Prime Smooth_1030x700.jpg','<p>Queen Prime Smooth Mattress Protector</p>\r\n',39.00,'60x80x1\"','Active','<meta http-equiv=\"Content-Type\" content=\"text/html; charset=utf-8\" />\r\n\r\n	<meta name=\"language\" content=\"en\" />\r\n\r\n<meta name=\"description\" content=\"Online Mattress Dealer\">\r\n\r\n<meta name=\"keywords\" content=\"Mattress,Furniture,Pillow\">\r\n\r\n<meta name=\"author\" content=\"Sandiego Mattress \">\r\n\r\n','Queen prime smooth mattress protector.  Water proof and save your mattress from hair, skin, moisture, liquids and accidents! Lower price than any retail outlet and the best quality you can find'),(109,'King Mattress Protector','8458-Prime Smooth_1030x700.jpg','<p>King&nbsp;Prime Smooth Mattress Protector</p>\r\n',49.00,'76x80x1\"','Active','<meta http-equiv=\"Content-Type\" content=\"text/html; charset=utf-8\" />\r\n\r\n	<meta name=\"language\" content=\"en\" />\r\n\r\n<meta name=\"description\" content=\"Online Mattress Dealer\">\r\n\r\n<meta name=\"keywords\" content=\"Mattress,Furniture,Pillow\">\r\n\r\n<meta name=\"author\" content=\"Sandiego Mattress \">\r\n\r\n','King prime smooth mattress protector.  Water proof and save your mattress from hair, skin, moisture, liquids and accidents! Lower price than any retail outlet and the best quality you can find\r\n'),(110,'Ca. King Mattress Protector','4809-Prime Smooth_1030x700.jpg','<p>King prime smooth mattress protector</p>\r\n',49.00,'72x84x1\"','Active','<meta http-equiv=\"Content-Type\" content=\"text/html; charset=utf-8\" />\r\n\r\n	<meta name=\"language\" content=\"en\" />\r\n\r\n<meta name=\"description\" content=\"Online Mattress Dealer\">\r\n\r\n<meta name=\"keywords\" content=\"Mattress,Furniture,Pillow\">\r\n\r\n<meta name=\"author\" content=\"Sandiego Mattress \">\r\n\r\n','Ca. King prime smooth mattress protector.  Water proof and save your mattress from hair, skin, moisture, liquids and accidents! Lower price than any retail outlet and the best quality you can find\r\n'),(111,'Twin Mattress Protector Zippered','8474-Prime Smooth_1030x700.jpg','<p>Encase Smooth Zippered 4-sided Mattress Protector</p>\r\n',39.00,'38x74x1\"','Active','<meta http-equiv=\"Content-Type\" content=\"text/html; charset=utf-8\" />\r\n\r\n	<meta name=\"language\" content=\"en\" />\r\n\r\n<meta name=\"description\" content=\"Online Mattress Dealer\">\r\n\r\n<meta name=\"keywords\" content=\"Mattress,Furniture,Pillow\">\r\n\r\n<meta name=\"author\" content=\"Sandiego Mattress \">\r\n\r\n','Twin Encase Smooth Zippered mattress protector.  Water proof and save your mattress from hair, skin, moisture, liquids and accidents! Lower price than any retail outlet and the best quality you can find'),(112,'Full Mattress Protector Zippered','9685-Prime Smooth_1030x700.jpg','<p>Full&nbsp;Encase Smooth Zippered 4-sided Mattress Protector</p>\r\n',49.00,'52x74x1\"','Active','<meta http-equiv=\"Content-Type\" content=\"text/html; charset=utf-8\" />\r\n\r\n	<meta name=\"language\" content=\"en\" />\r\n\r\n<meta name=\"description\" content=\"Online Mattress Dealer\">\r\n\r\n<meta name=\"keywords\" content=\"Mattress,Furniture,Pillow\">\r\n\r\n<meta name=\"author\" content=\"Sandiego Mattress \">\r\n\r\n','Full Encase Smooth Zippered mattress protector.  Water proof and save your mattress from hair, skin, moisture, liquids and accidents! Lower price than any retail outlet and the best quality you can find\r\n'),(113,'Queen Mattress Protector Zippered','8218-Prime Smooth_1030x700.jpg','<p>Queen Encase Smooth Zippered mattress protector</p>\r\n',59.00,'60x80x1\"','Active','<meta http-equiv=\"Content-Type\" content=\"text/html; charset=utf-8\" />\r\n\r\n	<meta name=\"language\" content=\"en\" />\r\n\r\n<meta name=\"description\" content=\"Online Mattress Dealer\">\r\n\r\n<meta name=\"keywords\" content=\"Mattress,Furniture,Pillow\">\r\n\r\n<meta name=\"author\" content=\"Sandiego Mattress \">\r\n\r\n','Queen Encase Smooth Zippered mattress protector.  Water proof and save your mattress from hair, skin, moisture, liquids and accidents! Lower price than any retail outlet and the best quality you can find\r\n'),(114,'King Mattress Protector Zippered','9243-Prime Smooth_1030x700.jpg','<p>King Encase Smooth Zippered mattress protector</p>\r\n',69.00,'76x80x1\"','Active','<meta http-equiv=\"Content-Type\" content=\"text/html; charset=utf-8\" />\r\n\r\n	<meta name=\"language\" content=\"en\" />\r\n\r\n<meta name=\"description\" content=\"Online Mattress Dealer\">\r\n\r\n<meta name=\"keywords\" content=\"Mattress,Furniture,Pillow\">\r\n\r\n<meta name=\"author\" content=\"Sandiego Mattress \">\r\n\r\n','King Encase Smooth Zippered mattress protector.  Water proof and save your mattress from hair, skin, moisture, liquids and accidents! Lower price than any retail outlet and the best quality you can find\r\n'),(115,'Ca. King Mattress Protector Zippered','2170-Prime Smooth_1030x700.jpg','<p>Ca. King Encase Smooth Zippered mattress protector</p>\r\n',69.00,'72x84x1\"','Active','<meta http-equiv=\"Content-Type\" content=\"text/html; charset=utf-8\" />\r\n\r\n	<meta name=\"language\" content=\"en\" />\r\n\r\n<meta name=\"description\" content=\"Online Mattress Dealer\">\r\n\r\n<meta name=\"keywords\" content=\"Mattress,Furniture,Pillow\">\r\n\r\n<meta name=\"author\" content=\"Sandiego Mattress \">\r\n\r\n','Ca. King Encase Smooth Zippered mattress protector.  Water proof and save your mattress from hair, skin, moisture, liquids and accidents! Lower price than any retail outlet and the best quality you can find\r\n'),(116,'Crystal Queen Mattress + Box','9324-Carmel_1030x700_front.jpg','<p>Carmel Queen Pillow Top Mattress and Box</p>\r\n',268.00,'60x80x9 1/2\"','Active','<meta http-equiv=\"Content-Type\" content=\"text/html; charset=utf-8\" />\r\n\r\n	<meta name=\"language\" content=\"en\" />\r\n\r\n<meta name=\"description\" content=\"Online Mattress Dealer\">\r\n\r\n<meta name=\"keywords\" content=\"Mattress,Furniture,Pillow\">\r\n\r\n<meta name=\"author\" content=\"Sandiego Mattress \">\r\n\r\n','Value and Comfort are what makes the Carmel Queen Pillow Top Mattress and Box a best seller'),(117,'Value Comfort Twin Mattress + Box','6050-Value Comfort Pillow Top Mattress_230x175.jpg','<p><span style=\"font-size:16px\">The Value Comfort is a great value pillow top mattress.</span></p>\r\n',188.00,'38x74x10\"','Active','<meta http-equiv=\"Content-Type\" content=\"text/html; charset=utf-8\" />\r\n	<meta name=\"language\" content=\"en\" />\r\n<meta name=\"description\" content=\"Twin Pillow Top Mattress Value Comfort\">\r\n<meta name=\"keywords\" content=\"Mattress, Furniture, Pillow Top Mattress\">\r\n<meta name=\"author\" content=\"Mattress St\r\n\r\n',' It has a Leggett & Platt 396 Bonnell Coil system and a nice soft cotton cover for a nice medium feel.  These mattresses are also warrantied for 12 years with the first year being non pro-rated!'),(118,'Value Comfort Full Mattress','6821-Value Comfort Pillow Top Mattress_230x175.jpg','<p><span style=\"font-size:16px\">The Value Comfort is a great value pillow top mattress.</span></p>\r\n',188.00,'52x74x10\"','Active','<meta http-equiv=\"Content-Type\" content=\"text/html; charset=utf-8\" />\r\n	<meta name=\"language\" content=\"en\" />\r\n<meta name=\"description\" content=\"Full Pillow Top Mattress Value Comfort\">\r\n<meta name=\"keywords\" content=\"Mattress, Furniture, Pillow Top Mattress\">\r\n<meta name=\"author\" content=\"Mattress\"','Featuring a Leggett & Platt 396 Bonnell Coil system and a nice soft cotton cover for a nice medium feel.  These mattresses are also warrantied for 12 years with the first year being non pro-rated!\r\n'),(119,'Value Comfort Full Mattress + Box','4413-Value Comfort Pillow Top Mattress_230x175.jpg','<p>The Value Comfort is a great value pillow top mattress.</p>\r\n',258.00,'52x74x10\"','Active','<meta http-equiv=\"Content-Type\" content=\"text/html; charset=utf-8\" />\r\n\r\n	<meta name=\"language\" content=\"en\" />\r\n\r\n<meta name=\"description\" content=\"Full Pillow Top Set\">\r\n\r\n<meta name=\"keywords\" content=\"Mattress,Furniture,Pillow\">\r\n\r\n<meta name=\"author\" content=\"Mattress Store San Diego\">\r\n\r\n','Featuring a Leggett & Platt 396 Bonnell Coil system and a nice soft cotton cover for a nice medium feel.  These mattresses are also warrantied for 12 years with the first year being non pro-rated!\r\n'),(120,'Value Comfort Queen Mattress','9990-Value Comfort Pillow Top Mattress_230x175.jpg','<p>The Value Comfort is a great value pillow top mattress.</p>\r\n',198.00,'60x80x10\"','Active','<meta http-equiv=\"Content-Type\" content=\"text/html; charset=utf-8\" />\r\n	<meta name=\"language\" content=\"en\" />\r\n<meta name=\"description\" content=\"Quee Pillow Top Mattress Value Comfort\">\r\n<meta name=\"keywords\" content=\"Mattress, Furniture, Pillow Top Mattress\">\r\n<meta name=\"author\" content=\"Mattress St\r\n\r\n','Featuring a Leggett & Platt 396 Bonnell Coil system and a nice soft cotton cover for a nice medium feel.  These mattresses are also warrantied for 12 years with the first year being non pro-rated!'),(121,'Value Comfort Queen Mattress + Box','1260-Value Comfort Pillow Top Mattress_230x175.jpg','<p>The Value Comfort is a great value pillow top mattress</p>\r\n',288.00,'60x80x10\"','Active','<meta http-equiv=\"Content-Type\" content=\"text/html; charset=utf-8\" />\r\n\r\n	<meta name=\"language\" content=\"en\" />\r\n\r\n<meta name=\"description\" content=\"Queen Pillow Top Matt\">\r\n\r\n<meta name=\"keywords\" content=\"Queen Mattress, Furniture, Pillow Top\">\r\n\r\n<meta name=\"author\" content=\"Mattress Store San Diego\">\r\n\r\n','Featuring a Leggett & Platt 396 Bonnell Coil system and a nice soft cotton cover for a nice medium feel.  These mattresses are also warrantied for 12 years with the first year being non pro-rated!'),(122,'Biotic Twin Mattress','1833-Biotic_1030x700.jpg','<p>The Biotic is a great medium feel mattress collection that features a Bonnell coil spring unit, foam encased edge support, 12 Inch profile pillow top and a nice soft stretch knit fabric.</p>\r\n\r\n<p>&nbsp;</p>\r\n',169.00,'38x74x12\"','Active','<meta http-equiv=\"Content-Type\" content=\"text/html; charset=utf-8\" />\r\n\r\n	<meta name=\"language\" content=\"en\" />\r\n\r\n<meta name=\"description\" content=\"Twin Mattress Pillow Top Biotic\">\r\n\r\n<meta name=\"keywords\" content=\"Pillow Mattress, Twin Mattress\">\r\n\r\n<meta name=\"author\" content=\"MattressStoreSD.com \">\r\n\r\n','This is great option for a good solid mattress where you\'ll have a more usable mattress surface with the foam encased edge supports. Feels great and a nice alternative to the St. MaartenMattress.'),(123,'Soft Sleep Twin Mattress','9248-Soft Sleep Mattress crop_1030x700.jpg','<p>Great soft feel with an indivually wrap coil system, encased foam edge supports and a soft white stretch knit cotton cover.</p>\r\n',249.00,'38x74x12\"','Active','<meta http-equiv=\"Content-Type\" content=\"text/html; charset=utf-8\" />\r\n\r\n	<meta name=\"language\" content=\"en\" />\r\n\r\n<meta name=\"description\" content=\"Soft Sleep Indiviual Wrap Coil Twin Mattress\">\r\n\r\n<meta name=\"keywords\" content=\"Twin Mattress, Pillow Top Mattress, Furniture, Pillows, mattresses\">\r\n\r\n<met\r\n\r\n','Hard to find a better value for a individually wrap coil plush feel mattress collection at this price.  The Soft Sleep is our go to bed for people looking for a soft but supportive feel.'),(124,'Soft Sleep Twin Mattress + Box','4497-Soft Sleep Mattress crop_1030x700.jpg','<p><span style=\"font-size:16px\">Great soft feel with an indivually wrap coil system, encased foam edge supports and a soft white stretch knit cotton cover.</span></p>\r\n',299.00,'38x74x12\"','Active','<meta http-equiv=\"Content-Type\" content=\"text/html; charset=utf-8\" />\r\n\r\n	<meta name=\"language\" content=\"en\" />\r\n\r\n<meta name=\"description\" content=\"Twin Mattress | Soft Sleep\">\r\n\r\n<meta name=\"keywords\" content=\"Twin Mattress,Furniture,Pillow\">\r\n\r\n<meta name=\"author\" content=\"Mattress Store San Diego\">','Hard to find a better value for a individually wrap coil plush feel mattress collection at this price.  \r\nThe Soft Sleep is our go to bed for people looking for a soft but supportive feel.'),(125,'Soft Sleep Full Mattress','7076-Soft Sleep Mattress crop_1030x700.jpg','<p><span style=\"font-size:16px\">Great soft feel with an indivually wrap coil system, encased foam edge supports and a soft white stretch knit cotton cover.</span></p>\r\n',299.00,'52x74x12\"','Active','<meta http-equiv=\"Content-Type\" content=\"text/html; charset=utf-8\" />\r\n\r\n	<meta name=\"language\" content=\"en\" />\r\n\r\n<meta name=\"description\" content=\"Full Mattress | Soft Sleep\">\r\n\r\n<meta name=\"keywords\" content=\"Twin Mattress,Furniture,Pillow\">\r\n\r\n<meta name=\"author\" content=\"Mattress Store San Diego\">\r\n\r\n','The Soft Sleep is our go to bed for people looking for a soft but supportive feel.'),(126,'Soft Sleep Full Mattress + Box','4020-Soft Sleep Mattress crop_1030x700.jpg','<p><span style=\"font-size:16px\">Great soft feel with an indivually wrap coil system, encased foam edge supports and a soft white stretch knit cotton cover.</span></p>\r\n',379.00,'52x74x12\"','Active','<meta http-equiv=\"Content-Type\" content=\"text/html; charset=utf-8\" />\r\n\r\n	<meta name=\"language\" content=\"en\" />\r\n\r\n<meta name=\"description\" content=\"Full Mattress | Soft Sleep\">\r\n\r\n<meta name=\"keywords\" content=\"Twin Mattress,Furniture,Pillow\">\r\n\r\n<meta name=\"author\" content=\"Mattress Store San Diego\">\r\n','Hard to find a better value for a individually wrap coil plush feel mattress collection at this price.  \r\nThe Soft Sleep is our go to bed for people looking for a soft but supportive feel.'),(127,'Soft Sleep Queen Mattress','4287-Soft Sleep Mattress crop_1030x700.jpg','<p><span style=\"font-size:16px\">Great soft feel with an indivually wrap coil system, encased foam edge supports and a soft white stretch knit cotton cover.</span></p>\r\n',349.00,'60x80x12\"','Active','\r\n<meta http-equiv=\"Content-Type\" content=\"text/html; charset=utf-8\" />\r\n\r\n	<meta name=\"language\" content=\"en\" />\r\n\r\n<meta name=\"description\" content=\"Queen Mattress | Soft Sleep\">\r\n\r\n<meta name=\"keywords\" content=\"Queen Mattress,Furniture,Pillow\">\r\n\r\n<meta name=\"author\" content=\"Mattress Store San Diego\">','Hard to find a better value for a individually wrap coil plush feel mattress collection at this price.  \r\nThe Soft Sleep is our go to bed for people looking for a soft but supportive feel.'),(128,'Soft Sleep Queen Mattress + Box','5583-Soft Sleep Mattress crop_1030x700.jpg','<p><span style=\"font-size:16px\">Great soft feel with an indivually wrap coil system, encased foam edge supports and a soft white stretch knit cotton cover. </span></p>\r\n',429.00,'60x80x12\"','Active','\r\n<meta http-equiv=\"Content-Type\" content=\"text/html; charset=utf-8\" />\r\n\r\n	<meta name=\"language\" content=\"en\" />\r\n\r\n<meta name=\"description\" content=\"Queen Mattress | Soft Sleep\">\r\n\r\n<meta name=\"keywords\" content=\"Queen Mattress,Furniture,Pillow\">\r\n\r\n<meta name=\"author\" content=\"Mattress Store San Diego\">\r\n\r\n','Hard to find a better value for a individually wrap coil plush feel mattress collection at this price.  The Soft Sleep is our go to bed for people looking for a soft but supportive feel.'),(129,'Soft Sleep King Mattress','3504-Soft Sleep Mattress crop_1030x700.jpg','<p><span style=\"font-size:16px\">Great soft feel with an indivually wrap coil system, encased foam edge supports and a soft white stretch knit cotton cover.</span></p>\r\n',529.00,'76x80x12\"','Active','<meta http-equiv=\"Content-Type\" content=\"text/html; charset=utf-8\" />\r\n\r\n	<meta name=\"language\" content=\"en\" />\r\n\r\n<meta name=\"description\" content=\"King Mattress | Soft Sleep\">\r\n\r\n<meta name=\"keywords\" content=\"King Mattress,Furniture,Pillow\">\r\n\r\n<meta name=\"author\" content=\"Mattress Store San Diego\">\r\n\r\n','Hard to find a better value for a individually wrap coil plush feel mattress collection at this price.  The Soft Sleep is our go to bed for people looking for a soft but supportive feel.'),(130,'Soft Sleep King Mattress + Box','2238-Soft Sleep Mattress crop_1030x700.jpg','<p><span style=\"font-size:16px\">Great soft feel with an indivually wrap coil system, encased foam edge supports and a soft white stretch knit cotton cover. </span></p>\r\n',599.00,'76x80x12\"','Active','<meta http-equiv=\"Content-Type\" content=\"text/html; charset=utf-8\" />\r\n\r\n	<meta name=\"language\" content=\"en\" />\r\n\r\n<meta name=\"description\" content=\"King Mattress | Soft Sleep\">\r\n\r\n<meta name=\"keywords\" content=\"King Mattress,Furniture,Pillow\">\r\n\r\n<meta name=\"author\" content=\"Mattress Store San Diego\">\r\n','Hard to find a better value for a individually wrap coil plush feel mattress collection at this price.  The Soft Sleep is our go to bed for people looking for a soft but supportive feel.'),(131,'Soft Sleep Ca. King Mattress','3463-Soft Sleep Mattress crop_1030x700.jpg','<p><span style=\"font-size:16px\">Great soft feel with an indivually wrap coil system, encased foam edge supports and a soft white stretch knit cotton cover.</span></p>\r\n',479.00,'72x84x12\"','Active','<meta http-equiv=\"Content-Type\" content=\"text/html; charset=utf-8\" />\r\n\r\n	<meta name=\"language\" content=\"en\" />\r\n\r\n<meta name=\"description\" content=\"Ca. King Mattress | Soft Sleep\">\r\n\r\n<meta name=\"keywords\" content=\"Ca. King Mattress,Furniture,Pillow\">\r\n\r\n<meta name=\"author\" content=\"Mattress Store San Di\r\n\r\n','Hard to find a better value for a individually wrap coil plush feel mattress collection at this price.  The Soft Sleep is our go to bed for people looking for a soft but supportive feel.'),(132,'Soft Sleep Ca. King Mattress + Box','6385-Soft Sleep Mattress crop_1030x700.jpg','<p><span style=\"font-size:16px\">Great soft feel with an indivually wrap coil system, encased foam edge supports and a soft white stretch knit cotton cover. </span></p>\r\n',599.00,'72x84x12\"','Active','<meta http-equiv=\"Content-Type\" content=\"text/html; charset=utf-8\" />\r\n	<meta name=\"language\" content=\"en\" />\r\n<meta name=\"description\" content=\"Ca. King Mattress | Soft Sleep\">\r\n<meta name=\"keywords\" content=\"Ca. King Mattress,Furniture,Pillow\">\r\n<meta name=\"author\" content=\"Mattress Store San Diego\">','Hard to find a better value for a individually wrap coil plush feel mattress collection at this price.  The Soft Sleep is our go to bed for people looking for a soft but supportive feel.'),(133,'Miralux Twin Mattress + Box','1441-Miralux Mattress Plush Corner_1030x700.jpg','<p><span style=\"font-size:16px\">This is a good choice for side sleepers or back sleepers who enjoy a soft, enveloping initial feel with solid underlying support.&nbsp;</span></p>\r\n',288.00,'38x74x12\"','Active','<meta http-equiv=\"Content-Type\" content=\"text/html; charset=utf-8\" />\r\n	<meta name=\"language\" content=\"en\" />\r\n<meta name=\"description\" content=\"Twin Mattress Pillow Top | Miralux\">\r\n<meta name=\"keywords\" content=\"Twin Mattress, Pillow Top\">\r\n<meta name=\"author\" content=\"Mattress Store San Diego\">','Enjoy a soft, enveloping feel with solid underlying support.'),(134,'Miralux Full Mattress ','7872-Miralux Mattress Plush Corner_1030x700.jpg','<p><span style=\"font-size:16px\">Miralux Euro Pillow Top is one of the best values found on our site. The Verticoil system, comfort layers, and quilt all contain nice features typically reserved for mattresses much higher in price.&nbsp;</span></p>\r\n',279.00,'52x74x12\"','Active','<meta http-equiv=\"Content-Type\" content=\"text/html; charset=utf-8\" />\r\n	<meta name=\"language\" content=\"en\" />\r\n<meta name=\"description\" content=\"Twin Mattress Pillow Top | Miralux\">\r\n<meta name=\"keywords\" content=\"Twin Mattress, Pillow Top\">\r\n<meta name=\"author\" content=\"Mattress Store San Diego\">\r\n\r\n','Enjoy a soft, enveloping feel with solid underlying support. '),(135,'Miralux Full Mattress + Box','7868-Miralux Mattress Plush Corner_1030x700.jpg','<p><span style=\"font-size:16px\">Miralux Euro Pillow Top is one of the best values found on our site. The Verticoil system, comfort layers, and quilt all contain nice features typically reserved for mattresses much higher in price.&nbsp;</span></p>\r\n',359.00,'52x74x12\"','Active','<meta http-equiv=\"Content-Type\" content=\"text/html; charset=utf-8\" />\r\n	<meta name=\"language\" content=\"en\" />\r\n<meta name=\"description\" content=\"Twin Mattress Pillow Top | Miralux\">\r\n<meta name=\"keywords\" content=\"Twin Mattress, Pillow Top\">\r\n<meta name=\"author\" content=\"Mattress Store San Diego\">\r\n\r\n','Enjoy a soft, enveloping feel with solid underlying support. '),(136,'Miralux Queen Mattress ','8046-Miralux Mattress Plush Corner_1030x700.jpg','<p><span style=\"font-size:16px\">Miralux Euro Pillow Top is one of the best values found on our site. The Verticoil system, comfort layers, and quilt all contain nice features typically reserved for mattresses much higher in price.&nbsp;</span></p>\r\n',299.00,'60x80x12\"','Active','\r\n<meta http-equiv=\"Content-Type\" content=\"text/html; charset=utf-8\" />\r\n	<meta name=\"language\" content=\"en\" />\r\n<meta name=\"description\" content=\"Twin Mattress Pillow Top | Miralux\">\r\n<meta name=\"keywords\" content=\"Twin Mattress, Pillow Top\">\r\n<meta name=\"author\" content=\"Mattress Store San Diego\">','Enjoy a soft, enveloping feel with solid underlying support. '),(137,'Miralux Queen Mattress + Box','9139-Miralux Mattress Plush Corner_1030x700.jpg','<p><span style=\"font-size:16px\">Miralux Euro Pillow Top is one of the best values found on our site. The Verticoil system, comfort layers, and quilt all contain nice features typically reserved for mattresses much higher in price.&nbsp;</span></p>\r\n',399.00,'60x80x12\"','Active','<meta http-equiv=\"Content-Type\" content=\"text/html; charset=utf-8\" />\r\n	<meta name=\"language\" content=\"en\" />\r\n<meta name=\"description\" content=\"Twin Mattress Pillow Top | Miralux\">\r\n<meta name=\"keywords\" content=\"Twin Mattress, Pillow Top\">\r\n<meta name=\"author\" content=\"Mattress Store San Diego\">\r\n','Enjoy a soft, enveloping feel with solid underlying support. '),(138,'Miralux King Mattress ','1991-Miralux Mattress Plush Corner_1030x700.jpg','<p><span style=\"font-size:16px\">Miralux Euro Pillow Top is one of the best values found on our site. The Verticoil system, comfort layers, and quilt all contain nice features typically reserved for mattresses much higher in price.&nbsp;</span></p>\r\n',399.00,'76x80x12\"','Active','<meta http-equiv=\"Content-Type\" content=\"text/html; charset=utf-8\" />\r\n	<meta name=\"language\" content=\"en\" />\r\n<meta name=\"description\" content=\"Twin Mattress Pillow Top | Miralux\">\r\n<meta name=\"keywords\" content=\"Twin Mattress, Pillow Top\">\r\n<meta name=\"author\" content=\"Mattress Store San Diego\">\r\n\r\n','Enjoy a soft, enveloping feel with solid underlying support. '),(139,'Miralux King Mattress + Box','7396-Miralux Mattress Plush Corner_1030x700.jpg','<p><span style=\"font-size:16px\">Miralux Euro Pillow Top is one of the best values found on our site. The Verticoil system, comfort layers, and quilt all contain nice features typically reserved for mattresses much higher in price.</span></p>\r\n',529.00,'76x80x12\"','Active','<meta http-equiv=\"Content-Type\" content=\"text/html; charset=utf-8\" />\r\n	<meta name=\"language\" content=\"en\" />\r\n<meta name=\"description\" content=\"Twin Mattress Pillow Top | Miralux\">\r\n<meta name=\"keywords\" content=\"Twin Mattress, Pillow Top\">\r\n<meta name=\"author\" content=\"Mattress Store San Diego\">\r\n\r\n','Enjoy a soft, enveloping feel with solid underlying support. '),(140,'Miralux Cal.King Mattress ','7920-Miralux Mattress Plush Corner_1030x700.jpg','<p><span style=\"font-size:16px\">Miralux Euro Pillow Top is one of the best values found on our site. The Verticoil system, comfort layers, and quilt all contain nice features typically reserved for mattresses much higher in price.</span></p>\r\n',399.00,'72x84x12\"','Active','<meta http-equiv=\"Content-Type\" content=\"text/html; charset=utf-8\" />\r\n	<meta name=\"language\" content=\"en\" />\r\n<meta name=\"description\" content=\"Twin Mattress Pillow Top | Miralux\">\r\n<meta name=\"keywords\" content=\"Twin Mattress, Pillow Top\">\r\n<meta name=\"author\" content=\"Mattress Store San Diego\">\r\n\r\n','Enjoy a soft, enveloping feel with solid underlying support. '),(141,'Miralux Cal.King Mattress + Box','3015-Miralux Mattress Plush Corner_1030x700.jpg','<p><span style=\"font-size:16px\">Miralux Euro Pillow Top is one of the best values found on our site. The Verticoil system, comfort layers, and quilt all contain nice features typically reserved for mattresses much higher in price.&nbsp;</span></p>\r\n',529.00,'72x84x12\"','Active','<meta http-equiv=\"Content-Type\" content=\"text/html; charset=utf-8\" />\r\n	<meta name=\"language\" content=\"en\" />\r\n<meta name=\"description\" content=\"Twin Mattress Pillow Top | Miralux\">\r\n<meta name=\"keywords\" content=\"Twin Mattress, Pillow Top\">\r\n<meta name=\"author\" content=\"Mattress Store San Diego\">\r\n\r\n','Enjoy a soft, enveloping feel with solid underlying support. '),(142,'Bridgeton Twin Mattress + Box','5076-Bridgeton Pillow Top Mattress_ Crop.jpg','<p><span style=\"font-size:16px\">The Bridgeton Pillow Top Mattress gives you a comfortable feel like the Miralux but with a slightly firmer feel.&nbsp;</span></p>\r\n',329.00,'38x74x14\"','Active','\r\n<meta http-equiv=\"Content-Type\" content=\"text/html; charset=utf-8\" />\r\n	<meta name=\"language\" content=\"en\" />\r\n<meta name=\"description\" content=\"Twin Mattress Pillow Top | Bridgeton\">\r\n<meta name=\"keywords\" content=\"Twin Mattress, Pillow Top\">\r\n<meta name=\"author\" content=\"Mattress Store San Diego\">\r\n','Over 14\" or rich, high quality comfort foams in an inviting pillow top that is comfortable and very supportive.\r\n'),(143,'Bridgeton Full Mattress + Box','4580-Bridgeton Pillow Top Mattress_ Crop.jpg','<p><span style=\"font-size:16px\">The Bridgeton Pillow Top Mattress gives you a comfortable feel like the Miralux but with a slightly firmer feel.&nbsp;</span></p>\r\n',399.00,'52x74x14\"','Active','\r\n<meta http-equiv=\"Content-Type\" content=\"text/html; charset=utf-8\" />\r\n	<meta name=\"language\" content=\"en\" />\r\n<meta name=\"description\" content=\"Full Mattress Pillow Top | Bridgeton\">\r\n<meta name=\"keywords\" content=\"Full Mattress, Pillow Top\">\r\n<meta name=\"author\" content=\"Mattress Store San Diego\">\r\n','Over 14\" or rich, high quality comfort foams in an inviting pillow top that is comfortable and very supportive.\r\n'),(144,'Bridgeton Queen Mattress + Box','3314-Bridgeton Pillow Top Mattress_ Crop.jpg','<p><span style=\"font-size:16px\">The Bridgeton Pillow Top Mattress gives you a comfortable feel like the Miralux but with a slightly firmer feel.&nbsp;</span></p>\r\n',449.00,'60x80x14\"','Active','<meta http-equiv=\"Content-Type\" content=\"text/html; charset=utf-8\" />\r\n	<meta name=\"language\" content=\"en\" />\r\n<meta name=\"description\" content=\"Queen Mattress Pillow Top | Bridgeton\">\r\n<meta name=\"keywords\" content=\"Queen Mattress, Pillow Top\">\r\n<meta name=\"author\" content=\"Mattress Store San Diego\">','Over 14\" or rich, high quality comfort foams in an inviting pillow top that is comfortable and very supportive.'),(145,'Bridgeton King Mattress + Box','9605-Bridgeton Pillow Top Mattress_ Crop.jpg','<p><span style=\"font-size:16px\">The Bridgeton Pillow Top Mattress gives you a comfortable feel like the Miralux but with a slightly firmer feel.&nbsp;</span></p>\r\n',629.00,'76x80x14\"','Active','<meta http-equiv=\"Content-Type\" content=\"text/html; charset=utf-8\" />\r\n	<meta name=\"language\" content=\"en\" />\r\n<meta name=\"description\" content=\"King Mattress Pillow Top | Bridgeton\">\r\n<meta name=\"keywords\" content=\"King Mattress, Pillow Top\">\r\n<meta name=\"author\" content=\"Mattress Store San Diego\">\r\n\r\n','Over 14\" or rich, high quality comfort foams in an inviting pillow top that is comfortable and very supportive.'),(146,'Bridgeton Ca. King Mattress + Box','7331-Bridgeton Pillow Top Mattress_ Crop.jpg','<p><span style=\"font-size:16px\">The Bridgeton Pillow Top Mattress gives you a comfortable feel like the Miralux but with a slightly firmer feel.&nbsp;</span></p>\r\n',629.00,'72x84x14\"','Active','<meta http-equiv=\"Content-Type\" content=\"text/html; charset=utf-8\" />\r\n	<meta name=\"language\" content=\"en\" />\r\n<meta name=\"description\" content=\"Ca. King Mattress Pillow Top | Bridgeton\">\r\n<meta name=\"keywords\" content=\"Ca. King Mattress, Pillow Top\">\r\n<meta name=\"author\" content=\"Mattress Store San D\r\n\r\n','Over 14\" or rich, high quality comfort foams in an inviting pillow top that is comfortable and very supportive.'),(147,'t1','7235-good-morning-starshine.jpg','<p>t1</p>\r\n',22.00,'22*34*45','Active','<meta http-equiv=\"Content-Type\" content=\"text/html; charset=utf-8\" />\r\n\r\n	<meta name=\"language\" content=\"en\" />\r\n\r\n<meta name=\"description\" content=\"Online Mattress Dealer\">\r\n\r\n<meta name=\"keywords\" content=\"Mattress,Furniture,Pillow\">\r\n\r\n<meta name=\"author\" content=\"Sandiego Mattress \">\r\n\r\n','t1');
/*!40000 ALTER TABLE `sdmatts_sub_product` ENABLE KEYS */;
UNLOCK TABLES;

--
-- Table structure for table `sdmatts_subscriber`
--

DROP TABLE IF EXISTS `sdmatts_subscriber`;
/*!40101 SET @saved_cs_client     = @@character_set_client */;
/*!40101 SET character_set_client = utf8 */;
CREATE TABLE `sdmatts_subscriber` (
  `subscriber_id` int(11) NOT NULL AUTO_INCREMENT,
  `subscriber_email` varchar(255) NOT NULL,
  PRIMARY KEY (`subscriber_id`)
) ENGINE=InnoDB AUTO_INCREMENT=11 DEFAULT CHARSET=latin1;
/*!40101 SET character_set_client = @saved_cs_client */;

--
-- Dumping data for table `sdmatts_subscriber`
--

LOCK TABLES `sdmatts_subscriber` WRITE;
/*!40000 ALTER TABLE `sdmatts_subscriber` DISABLE KEYS */;
INSERT INTO `sdmatts_subscriber` VALUES (1,' sudiptamit@gmail.com'),(2,' hello2@gmail.com'),(3,' prakash@webhawkstechnology.com'),(4,' prakash@webhawkstechnology.com'),(5,' prakash@webhawkstechnology.com'),(6,'renu@gmail.com'),(7,' '),(8,'darren@mattresssd.com'),(9,'Darren@mattresssd.com'),(10,'darren@mattresssd.com');
/*!40000 ALTER TABLE `sdmatts_subscriber` ENABLE KEYS */;
UNLOCK TABLES;

--
-- Table structure for table `sdmatts_user`
--

DROP TABLE IF EXISTS `sdmatts_user`;
/*!40101 SET @saved_cs_client     = @@character_set_client */;
/*!40101 SET character_set_client = utf8 */;
CREATE TABLE `sdmatts_user` (
  `user_id` int(11) NOT NULL AUTO_INCREMENT,
  `user_res_id` int(11) NOT NULL,
  `name` varchar(255) NOT NULL,
  `res_date` date NOT NULL,
  `user_address` text NOT NULL,
  `user_phone` varchar(50) NOT NULL,
  `user_email` varchar(255) NOT NULL,
  `user_name` varchar(255) NOT NULL,
  `user_password` varchar(255) NOT NULL,
  `user_status` enum('Active','Inactive','Pending') NOT NULL,
  `activation_id` varchar(255) NOT NULL,
  PRIMARY KEY (`user_id`)
) ENGINE=InnoDB AUTO_INCREMENT=76 DEFAULT CHARSET=latin1;
/*!40101 SET character_set_client = @saved_cs_client */;

--
-- Dumping data for table `sdmatts_user`
--

LOCK TABLES `sdmatts_user` WRITE;
/*!40000 ALTER TABLE `sdmatts_user` DISABLE KEYS */;
INSERT INTO `sdmatts_user` VALUES (56,1413889644,'ritu','2014-10-21','kolkata','9898988989','ritu@goswami.com','ritu_go','SEVMTE8x','Active','ga50nhrl51btu188lb1het90j7'),(57,1413991041,'hfgjgj','2014-10-22','ssdssd','544545454','sudi@gmail.com','sudi_18','MTIz','Active','k3es0tfm5l1m4392m3tdld6244'),(61,1414562326,'Rohit Datta','2014-10-29','delhi','45879630000','rohit_del@gmail.com','Rohit_del','YWRtaW4=','Active','f7lf0uajqd5sfs4be4b7ehiam6'),(62,1414589390,'hello','2014-10-29','kolkata','123456','hello@gmail.com','hxd','MTIzNDU2','Active','ss49h34tm0g4il23viua5opa35'),(63,1415254352,'Sudipta Das ','2014-11-05','sodepur','8472220222','sudiptamit1@gmail.com','sudi_hello','YWRtaW4=','Active','ae8f9d836339c53e996ebde870137118'),(68,1476538747,'Demo','2016-10-15','sdfgu ydsfiug sdfg7','9797979797','amit.suntech@gmail.com','admino','QWRtaW5AMTIz','Active','db15c10f27503dae5c424d5bc34fe7eb'),(70,1476539223,'thfh','2016-10-15','fgh','fgh','ffdg@wetf.ghj','admino','YWFh','Active','db15c10f27503dae5c424d5bc34fe7eb'),(74,1478777242,'Stephenpew','2016-11-10','sexogloszenia.co','123456','fav@fagomago.pl','Stephenpew','ZHI4dW4yMW9CUw==','Active','af49f20e7fe898e45111ff897a3ea63e'),(75,1486361781,'Darren Newell','2017-02-06','601-c e. palomar #423\r\nChula Vista, Ca. 91911','6192103714','darren@mattresssd.com','darren','JE1vbmV5NDU2','Active','81455aec5cdf7838b1a1524ed716085b');
/*!40000 ALTER TABLE `sdmatts_user` ENABLE KEYS */;
UNLOCK TABLES;

--
-- Table structure for table `sdmatts_video_list`
--

DROP TABLE IF EXISTS `sdmatts_video_list`;
/*!40101 SET @saved_cs_client     = @@character_set_client */;
/*!40101 SET character_set_client = utf8 */;
CREATE TABLE `sdmatts_video_list` (
  `video_id` int(11) NOT NULL AUTO_INCREMENT,
  `title` varchar(255) NOT NULL,
  `description` text NOT NULL,
  `iframe` varchar(255) NOT NULL,
  PRIMARY KEY (`video_id`)
) ENGINE=InnoDB AUTO_INCREMENT=5 DEFAULT CHARSET=latin1;
/*!40101 SET character_set_client = @saved_cs_client */;

--
-- Dumping data for table `sdmatts_video_list`
--

LOCK TABLES `sdmatts_video_list` WRITE;
/*!40000 ALTER TABLE `sdmatts_video_list` DISABLE KEYS */;
INSERT INTO `sdmatts_video_list` VALUES (1,'The Best Thing About Mattress Store San Diego Is Were Not a Mattress Store!','<p><span style=\"font-size:16px\">By not being in a typical retail location we save a lot of money on expensive rent. advertising and management and employees to ultimately lower your price. &nbsp;My beds come from the same manufacturers you&#39;ll see in the large retail stores like Ashley Furniture, Diamond Mattress and Malouf.</span></p>\r\n\r\n<p><span style=\"font-size:16px\">I take pride in providing an awesome experience serving our customers with my personal service.&nbsp; No commission sales people- just helping you make a good choice.</span></p>\r\n\r\n<p>&nbsp;</p>\r\n\r\n<p><span style=\"font-size:16px\">I look forward to hearing from you!</span></p>\r\n\r\n<p>&nbsp;</p>\r\n\r\n<p><span style=\"font-size:16px\"><strong>Darren Newell</strong></span></p>\r\n\r\n<p><span style=\"font-size:16px\">619-210-3714 Mobile</span></p>\r\n','<iframe width=\"560\" height=\"315\" src=\"https://www.youtube.com/embed/DsVwAQELQMs\" frameborder=\"0\" allowfullscreen></iframe>'),(2,'Malouf Zoned Gel Pillows','<p><span style=\"font-size:16px\">Available in Lavender, Chamomille, Peppermint or Un-Scented, the right softness and support, combined with natural aromatherapy, creates a truly relaxing experience. Plush, curve-conforming Dough&reg; memory foam is infused with real lavender oil for cozy, natural relaxation. A mini spritzer bottle of natural&nbsp;aromatherapy spray accompanies the pillow to refresh the aroma. Zoned Technology design creates larger holes in the center of the pillow to cradle the head and smaller holes around the edges for superior neck support. A beautiful and soft Tencel&reg; mesh cover adds the temperature- and moisture-regulating comfort of eco-friendly fabric.</span></p>\r\n','<iframe width=\"560\" height=\"315\" src=\"https://www.youtube.com/embed/jXwt3fQBmvw\" frameborder=\"0\" allowfullscreen></iframe>'),(3,'Miralux Mattress Collection','<p><span style=\"font-size:16px\">The Miralux is one of our most popular bed! &nbsp;Great feel, upgraded cover and spring unit. &nbsp;Mattresses are encased with a foam edge that creates a larger sleep surface and added support.</span></p>\r\n','<iframe width=\"560\" height=\"315\" src=\"https://www.youtube.com/embed/14yDVVhFRoA\" frameborder=\"0\" allowfullscreen></iframe>'),(4,'All About Spring Units','<p><span style=\"font-size:16px\">Learn the basics about mattress springs. From premium innersprings to pocket springs and microcoils, you&#39;ll get an understanding for the most common support systems used in traditional mattresses today.</span></p>\r\n','<iframe width=\"560\" height=\"315\" src=\"https://www.youtube.com/embed/xVmot_RiqF8\" frameborder=\"0\" allowfullscreen></iframe>');
/*!40000 ALTER TABLE `sdmatts_video_list` ENABLE KEYS */;
UNLOCK TABLES;
/*!40103 SET TIME_ZONE=@OLD_TIME_ZONE */;

/*!40101 SET SQL_MODE=@OLD_SQL_MODE */;
/*!40014 SET FOREIGN_KEY_CHECKS=@OLD_FOREIGN_KEY_CHECKS */;
/*!40014 SET UNIQUE_CHECKS=@OLD_UNIQUE_CHECKS */;
/*!40101 SET CHARACTER_SET_CLIENT=@OLD_CHARACTER_SET_CLIENT */;
/*!40101 SET CHARACTER_SET_RESULTS=@OLD_CHARACTER_SET_RESULTS */;
/*!40101 SET COLLATION_CONNECTION=@OLD_COLLATION_CONNECTION */;
/*!40111 SET SQL_NOTES=@OLD_SQL_NOTES */;

-- Dump completed on 2017-03-21 15:18:17
